#
# There is insufficient memory for the Java Runtime Environment to continue.
# Native memory allocation (mmap) failed to map 65536 bytes. Error detail: Failed to commit metaspace.
# Possible reasons:
#   The system is out of physical RAM or swap space
#   This process is running with CompressedOops enabled, and the Java Heap may be blocking the growth of the native heap
# Possible solutions:
#   Reduce memory load on the system
#   Increase physical memory or swap space
#   Check if swap backing store is full
#   Decrease Java heap size (-Xmx/-Xms)
#   Decrease number of Java threads
#   Decrease Java thread stack sizes (-Xss)
#   Set larger code cache with -XX:ReservedCodeCacheSize=
#   JVM is running with Unscaled Compressed Oops mode in which the Java heap is
#     placed in the first 4GB address space. The Java Heap base address is the
#     maximum limit for the native heap growth. Please use -XX:HeapBaseMinAddress
#     to set the Java Heap base and to place the Java Heap above 4GB virtual address.
# This output file may be truncated or incomplete.
#
#  Out of Memory Error (virtualSpaceNode.cpp:113), pid=13300, tid=6356
#
# JRE version: OpenJDK Runtime Environment Temurin-21.0.12.1+1 (21.0.12.1+1) (build 21.0.12.1+1-LTS)
# Java VM: OpenJDK 64-Bit Server VM Temurin-21.0.12.1+1 (21.0.12.1+1-LTS, mixed mode, sharing, tiered, compressed oops, compressed class ptrs, parallel gc, windows-amd64)
# No core dump will be written. Minidumps are not enabled by default on client versions of Windows
#

---------------  S U M M A R Y ------------

Command Line: --add-modules=ALL-SYSTEM --add-opens=java.base/java.util=ALL-UNNAMED --add-opens=java.base/java.lang=ALL-UNNAMED --add-opens=java.base/sun.nio.fs=ALL-UNNAMED -Declipse.application=org.eclipse.jdt.ls.core.id1 -Dosgi.bundles.defaultStartLevel=4 -Declipse.product=org.eclipse.jdt.ls.core.product -Djava.import.generatesMetadataFilesAtProjectRoot=false -Dm2e.project.cache.size=50 -DDetectVMInstallationsJob.disabled=true -Dfile.encoding=utf8 -XX:+UseParallelGC -XX:GCTimeRatio=4 -XX:AdaptiveSizePolicyWeight=90 -Dsun.zip.disableMemoryMapping=true -Xmx2G -Xms100m -Xlog:disable -javaagent:c:\Users\jaimi\.vscode\extensions\redhat.java-1.56.0-win32-x64\lombok\lombok-1.18.39-4050.jar c:\Users\jaimi\.vscode\extensions\redhat.java-1.56.0-win32-x64\server\plugins\org.eclipse.equinox.launcher_1.8.0.v20260804-1928.jar -configuration c:\Users\jaimi\AppData\Roaming\Code\User\globalStorage\redhat.java\1.56.0\config_ss_win -data c:\Users\jaimi\AppData\Roaming\Code\User\workspaceStorage\7b1695ebeb44925a89a06e7ce4c3f07f\redhat.java\ss_ws --pipe=\\.\pipe\lsp-73f949a400afaff12c2df00abb2f980c-sock

Host: Intel(R) Celeron(R) N4020 CPU @ 1.10GHz, 2 cores, 7G,  Windows 10 , 64 bit Build 19041 (10.0.19041.5915)
Time: Sun Sep 27 12:19:36 2026 South Africa Standard Time elapsed time: 27.447185 seconds (0d 0h 0m 27s)

---------------  T H R E A D  ---------------

Current thread (0x0000025fd941a100):  JavaThread "Start Level: Equinox Container: 5a2ee0a7-e88f-45fc-ba97-3d187ee4aaab" daemon [_thread_in_vm, id=6356, stack(0x00000068e3000000,0x00000068e3100000) (1024K)]

Stack: [0x00000068e3000000,0x00000068e3100000]
Native frames: (J=compiled Java code, j=interpreted, Vv=VM code, C=native code)
V  [jvm.dll+0x6d83e9]
V  [jvm.dll+0x8b5736]
V  [jvm.dll+0x8b7cee]
V  [jvm.dll+0x8b83d3]
V  [jvm.dll+0x284596]
V  [jvm.dll+0x8b147e]
V  [jvm.dll+0x679ad4]
V  [jvm.dll+0x1e849b]
V  [jvm.dll+0x1e825e]
V  [jvm.dll+0x67c3d2]
V  [jvm.dll+0x67c202]
V  [jvm.dll+0x67a4ae]
V  [jvm.dll+0x26f864]
V  [jvm.dll+0x21a11f]
V  [jvm.dll+0x20f80e]
V  [jvm.dll+0x5b6a7f]
V  [jvm.dll+0x82f606]
V  [jvm.dll+0x4792f8]
V  [jvm.dll+0x47f128]
C  [java.dll+0x17ec]

Java frames: (J=compiled Java code, j=interpreted, Vv=VM code)
J 1141  java.lang.ClassLoader.defineClass1(Ljava/lang/ClassLoader;Ljava/lang/String;[BIILjava/security/ProtectionDomain;Ljava/lang/String;)Ljava/lang/Class; java.base@21.0.12.1 (0 bytes) @ 0x0000025f8c085911 [0x0000025f8c085840+0x00000000000000d1]
J 1834 c1 java.lang.ClassLoader.defineClass(Ljava/lang/String;[BIILjava/security/ProtectionDomain;)Ljava/lang/Class; java.base@21.0.12.1 (43 bytes) @ 0x0000025f8488077c [0x0000025f84880420+0x000000000000035c]
j  org.eclipse.osgi.internal.loader.ModuleClassLoader.defineClass(Ljava/lang/String;[BLorg/eclipse/osgi/internal/loader/classpath/ClasspathEntry;)Lorg/eclipse/osgi/internal/loader/ModuleClassLoader$DefineClassResult;+37
j  org.eclipse.osgi.internal.loader.classpath.ClasspathManager.defineClass(Ljava/lang/String;[BLorg/eclipse/osgi/internal/loader/classpath/ClasspathEntry;Lorg/eclipse/osgi/storage/bundlefile/BundleEntry;Ljava/util/List;)Ljava/lang/Class;+424
j  org.eclipse.osgi.internal.loader.classpath.ClasspathManager.findClassImpl(Ljava/lang/String;Lorg/eclipse/osgi/internal/loader/classpath/ClasspathEntry;Ljava/util/List;)Ljava/lang/Class;+288
j  org.eclipse.osgi.internal.loader.classpath.ClasspathManager.findLocalClassImpl(Ljava/lang/String;[Lorg/eclipse/osgi/internal/loader/classpath/ClasspathEntry;Ljava/util/List;)Ljava/lang/Class;+30
j  org.eclipse.osgi.internal.loader.classpath.ClasspathManager.findLocalClassImpl(Ljava/lang/String;Ljava/util/List;)Ljava/lang/Class;+69
j  org.eclipse.osgi.internal.loader.classpath.ClasspathManager.findLocalClass(Ljava/lang/String;)Ljava/lang/Class;+113
j  org.eclipse.osgi.internal.loader.ModuleClassLoader.findLocalClass(Ljava/lang/String;)Ljava/lang/Class;+5
j  org.eclipse.osgi.internal.loader.BundleLoader.findLocalClass(Ljava/lang/String;)Ljava/lang/Class;+65
J 1941 c1 org.eclipse.osgi.internal.loader.BundleLoader.findClass0(Ljava/lang/String;ZZ)Ljava/lang/Class; (490 bytes) @ 0x0000025f848ce26c [0x0000025f848cb0e0+0x000000000000318c]
J 1893 c1 org.eclipse.osgi.internal.loader.BundleLoader.findClass(Ljava/lang/String;)Ljava/lang/Class; (8 bytes) @ 0x0000025f848b91cc [0x0000025f848b9140+0x000000000000008c]
J 1896 c1 org.eclipse.osgi.internal.loader.ModuleClassLoader.loadClass(Ljava/lang/String;Z)Ljava/lang/Class; (36 bytes) @ 0x0000025f848ba0cc [0x0000025f848b9ea0+0x000000000000022c]
J 1035 c1 java.lang.ClassLoader.loadClass(Ljava/lang/String;)Ljava/lang/Class; java.base@21.0.12.1 (7 bytes) @ 0x0000025f846e6354 [0x0000025f846e6240+0x0000000000000114]
v  ~StubRoutines::call_stub 0x0000025f8ba81015
j  org.eclipse.core.internal.registry.ExtensionRegistry.<init>(Lorg/eclipse/core/runtime/spi/RegistryStrategy;Ljava/lang/Object;Ljava/lang/Object;)V+57
j  org.eclipse.core.runtime.RegistryFactory.createRegistry(Lorg/eclipse/core/runtime/spi/RegistryStrategy;Ljava/lang/Object;Ljava/lang/Object;)Lorg/eclipse/core/runtime/IExtensionRegistry;+7
j  org.eclipse.core.internal.registry.osgi.Activator.startRegistry()V+243
j  org.eclipse.core.internal.registry.osgi.Activator.start(Lorg/osgi/framework/BundleContext;)V+15
j  org.eclipse.osgi.internal.framework.BundleContextImpl$2.run()Ljava/lang/Void;+23
j  org.eclipse.osgi.internal.framework.BundleContextImpl$2.run()Ljava/lang/Object;+1
J 1173 c1 java.security.AccessController.executePrivileged(Ljava/security/PrivilegedExceptionAction;Ljava/security/AccessControlContext;Ljava/lang/Class;)Ljava/lang/Object; java.base@21.0.12.1 (65 bytes) @ 0x0000025f84726544 [0x0000025f847263e0+0x0000000000000164]
j  java.security.AccessController.doPrivileged(Ljava/security/PrivilegedExceptionAction;)Ljava/lang/Object;+9 java.base@21.0.12.1
j  org.eclipse.osgi.internal.framework.BundleContextImpl.startActivator(Lorg/osgi/framework/BundleActivator;)V+9
j  org.eclipse.osgi.internal.framework.BundleContextImpl.start()V+141
j  org.eclipse.osgi.internal.framework.EquinoxBundle.startWorker0()V+35
j  org.eclipse.osgi.internal.framework.EquinoxBundle$EquinoxModule.startWorker()V+4
j  org.eclipse.osgi.container.Module.doStart([Lorg/eclipse/osgi/container/Module$StartOptions;)Lorg/eclipse/osgi/container/ModuleContainerAdaptor$ModuleEvent;+200
j  org.eclipse.osgi.container.Module.start([Lorg/eclipse/osgi/container/Module$StartOptions;)V+460
j  org.eclipse.osgi.framework.util.SecureAction.start(Lorg/eclipse/osgi/container/Module;[Lorg/eclipse/osgi/container/Module$StartOptions;)V+8
j  org.eclipse.osgi.internal.hooks.EclipseLazyStarter.postFindLocalClass(Ljava/lang/String;Ljava/lang/Class;Lorg/eclipse/osgi/internal/loader/classpath/ClasspathManager;)V+173
j  org.eclipse.osgi.internal.loader.classpath.ClasspathManager.findLocalClass(Ljava/lang/String;)Ljava/lang/Class;+148
j  org.eclipse.osgi.internal.loader.ModuleClassLoader.findLocalClass(Ljava/lang/String;)Ljava/lang/Class;+5
j  org.eclipse.osgi.internal.loader.BundleLoader.findLocalClass(Ljava/lang/String;)Ljava/lang/Class;+65
j  org.eclipse.osgi.internal.loader.sources.SingleSourcePackage.loadClass(Ljava/lang/String;)Ljava/lang/Class;+5
j  org.eclipse.osgi.internal.loader.sources.MultiSourcePackage.loadClass(Ljava/lang/String;)Ljava/lang/Class;+26
J 1941 c1 org.eclipse.osgi.internal.loader.BundleLoader.findClass0(Ljava/lang/String;ZZ)Ljava/lang/Class; (490 bytes) @ 0x0000025f848ce174 [0x0000025f848cb0e0+0x0000000000003094]
J 1893 c1 org.eclipse.osgi.internal.loader.BundleLoader.findClass(Ljava/lang/String;)Ljava/lang/Class; (8 bytes) @ 0x0000025f848b91cc [0x0000025f848b9140+0x000000000000008c]
J 1896 c1 org.eclipse.osgi.internal.loader.ModuleClassLoader.loadClass(Ljava/lang/String;Z)Ljava/lang/Class; (36 bytes) @ 0x0000025f848ba0cc [0x0000025f848b9ea0+0x000000000000022c]
J 1035 c1 java.lang.ClassLoader.loadClass(Ljava/lang/String;)Ljava/lang/Class; java.base@21.0.12.1 (7 bytes) @ 0x0000025f846e6354 [0x0000025f846e6240+0x0000000000000114]
v  ~StubRoutines::call_stub 0x0000025f8ba81015
j  java.lang.Class.getDeclaredConstructors0(Z)[Ljava/lang/reflect/Constructor;+0 java.base@21.0.12.1
j  java.lang.Class.privateGetDeclaredConstructors(Z)[Ljava/lang/reflect/Constructor;+52 java.base@21.0.12.1
j  java.lang.Class.getConstructors()[Ljava/lang/reflect/Constructor;+20 java.base@21.0.12.1
j  org.apache.felix.scr.impl.inject.internal.ComponentConstructorImpl.<init>(Lorg/apache/felix/scr/impl/metadata/ComponentMetadata;Ljava/lang/Class;Lorg/apache/felix/scr/impl/logger/ComponentLogger;)V+212
j  org.apache.felix.scr.impl.inject.internal.ComponentMethodsImpl.initComponentMethods(Lorg/apache/felix/scr/impl/metadata/ComponentMetadata;Ljava/lang/Class;Lorg/apache/felix/scr/impl/logger/ComponentLogger;)V+306
j  org.apache.felix.scr.impl.manager.AbstractComponentManager.initDependencyManagers(Lorg/apache/felix/scr/impl/manager/ComponentContextImpl;)V+76
j  org.apache.felix.scr.impl.manager.AbstractComponentManager.collectDependencies(Lorg/apache/felix/scr/impl/manager/ComponentContextImpl;)Z+2
j  org.apache.felix.scr.impl.manager.SingleComponentManager.getServiceInternal(Lorg/osgi/framework/ServiceRegistration;)Z+25
j  org.apache.felix.scr.impl.manager.AbstractComponentManager.activateInternal()V+438
j  org.apache.felix.scr.impl.manager.AbstractComponentManager.enableInternal()V+179
j  org.apache.felix.scr.impl.manager.AbstractComponentManager.enable(Z)Lorg/osgi/util/promise/Promise;+12
j  org.apache.felix.scr.impl.manager.ConfigurableComponentHolder.enableComponents(Z)Lorg/osgi/util/promise/Promise;+275
j  org.apache.felix.scr.impl.BundleComponentActivator.initialEnable()V+107
j  org.apache.felix.scr.impl.Activator.loadComponents(Lorg/osgi/framework/Bundle;)V+392
j  org.apache.felix.scr.impl.Activator.access$200(Lorg/apache/felix/scr/impl/Activator;Lorg/osgi/framework/Bundle;)V+2
j  org.apache.felix.scr.impl.Activator$ScrExtension.start()V+72
j  org.apache.felix.scr.impl.AbstractExtender.createExtension(Lorg/osgi/framework/Bundle;)V+71
j  org.apache.felix.scr.impl.AbstractExtender.modifiedBundle(Lorg/osgi/framework/Bundle;Lorg/osgi/framework/BundleEvent;Lorg/osgi/framework/Bundle;)V+115
j  org.apache.felix.scr.impl.AbstractExtender.addingBundle(Lorg/osgi/framework/Bundle;Lorg/osgi/framework/BundleEvent;)Lorg/osgi/framework/Bundle;+4
j  org.apache.felix.scr.impl.AbstractExtender.addingBundle(Lorg/osgi/framework/Bundle;Lorg/osgi/framework/BundleEvent;)Ljava/lang/Object;+3
j  org.osgi.util.tracker.BundleTracker$Tracked.customizerAdding(Lorg/osgi/framework/Bundle;Lorg/osgi/framework/BundleEvent;)Ljava/lang/Object;+9
j  org.osgi.util.tracker.BundleTracker$Tracked.customizerAdding(Ljava/lang/Object;Ljava/lang/Object;)Ljava/lang/Object;+9
j  org.osgi.util.tracker.AbstractTracked.trackAdding(Ljava/lang/Object;Ljava/lang/Object;)V+8
j  org.osgi.util.tracker.AbstractTracked.track(Ljava/lang/Object;Ljava/lang/Object;)V+83
j  org.osgi.util.tracker.BundleTracker$Tracked.bundleChanged(Lorg/osgi/framework/BundleEvent;)V+35
J 1869 c1 org.eclipse.osgi.internal.framework.BundleContextImpl.dispatchEvent(Ljava/lang/Object;Ljava/lang/Object;ILjava/lang/Object;)V (577 bytes) @ 0x0000025f848a2cc4 [0x0000025f848a1800+0x00000000000014c4]
j  org.eclipse.osgi.framework.eventmgr.EventManager.dispatchEvent(Ljava/util/Set;Lorg/eclipse/osgi/framework/eventmgr/EventDispatcher;ILjava/lang/Object;)V+48
j  org.eclipse.osgi.framework.eventmgr.ListenerQueue.dispatchEventSynchronous(ILjava/lang/Object;)V+67
j  org.eclipse.osgi.internal.framework.EquinoxEventPublisher.publishBundleEventPrivileged(Lorg/osgi/framework/BundleEvent;)V+547
j  org.eclipse.osgi.internal.framework.EquinoxEventPublisher.publishBundleEvent(Lorg/osgi/framework/BundleEvent;)V+8
j  org.eclipse.osgi.internal.framework.EquinoxEventPublisher.publishBundleEvent(ILorg/osgi/framework/Bundle;Lorg/osgi/framework/Bundle;)V+15
j  org.eclipse.osgi.internal.framework.EquinoxContainerAdaptor.publishModuleEvent(Lorg/eclipse/osgi/container/ModuleContainerAdaptor$ModuleEvent;Lorg/eclipse/osgi/container/Module;Lorg/eclipse/osgi/container/Module;)V+29
j  org.eclipse.osgi.container.Module.publishEvent(Lorg/eclipse/osgi/container/ModuleContainerAdaptor$ModuleEvent;)V+13
j  org.eclipse.osgi.container.Module.start([Lorg/eclipse/osgi/container/Module$StartOptions;)V+588
j  org.eclipse.osgi.container.ModuleContainer$ContainerStartLevel$2.run()V+83
j  org.eclipse.osgi.internal.framework.EquinoxContainerAdaptor$1$1.execute(Ljava/lang/Runnable;)V+1
j  org.eclipse.osgi.container.ModuleContainer$ContainerStartLevel.incStartLevel(ILjava/util/List;Z)V+193
j  org.eclipse.osgi.container.ModuleContainer$ContainerStartLevel.incStartLevel(ILjava/util/List;Ljava/util/List;Ljava/util/List;Ljava/util/List;)V+4
j  org.eclipse.osgi.container.ModuleContainer$ContainerStartLevel.doContainerStartLevel(Lorg/eclipse/osgi/container/Module;I[Lorg/osgi/framework/FrameworkListener;)V+358
j  org.eclipse.osgi.container.ModuleContainer$ContainerStartLevel.dispatchEvent(Lorg/eclipse/osgi/container/Module;[Lorg/osgi/framework/FrameworkListener;ILjava/lang/Integer;)V+32
j  org.eclipse.osgi.container.ModuleContainer$ContainerStartLevel.dispatchEvent(Ljava/lang/Object;Ljava/lang/Object;ILjava/lang/Object;)V+15
j  org.eclipse.osgi.framework.eventmgr.EventManager.dispatchEvent(Ljava/util/Set;Lorg/eclipse/osgi/framework/eventmgr/EventDispatcher;ILjava/lang/Object;)V+48
j  org.eclipse.osgi.framework.eventmgr.EventManager$EventThread.run()V+26
v  ~StubRoutines::call_stub 0x0000025f8ba81015

Compiled method (n/a) 27785 1141     n 0       java.lang.ClassLoader::defineClass1 (native)
 total in heap  [0x0000025f8c085690,0x0000025f8c085b08] = 1144
 relocation     [0x0000025f8c0857f0,0x0000025f8c085828] = 56
 main code      [0x0000025f8c085840,0x0000025f8c085b07] = 711
 stub code      [0x0000025f8c085b07,0x0000025f8c085b08] = 1

[Constant Pool (empty)]

[MachCode]
[Entry Point]
  # {method} {0x0000025f98434c38} 'defineClass1' '(Ljava/lang/ClassLoader;Ljava/lang/String;[BIILjava/security/ProtectionDomain;Ljava/lang/String;)Ljava/lang/Class;' in 'java/lang/ClassLoader'
  # parm0:    rdx:rdx   = 'java/lang/ClassLoader'
  # parm1:    r8:r8     = 'java/lang/String'
  # parm2:    r9:r9     = '[B'
  # parm3:    rdi       = int
  # parm4:    rsi       = int
  # parm5:    rcx:rcx   = 'java/security/ProtectionDomain'
  # parm6:    [sp+0xa0]   = 'java/lang/String'  (sp of caller)
  0x0000025f8c085840: 448b 5208 | 49bb 0000 | 0098 5f02 | 0000 4d03 | d349 3bc2 | 0f84 0600 

  0x0000025f8c085858: ;   {runtime_call ic_miss_stub}
  0x0000025f8c085858: 0000 e921 | 8ca4 ff90 
[Verified Entry Point]
  0x0000025f8c085860: 8984 2400 | 80ff ff55 | 488b ec48 | 81ec 9000 | 0000 6690 | 4181 7f20 | 0100 0000 

  0x0000025f8c08587c: ;   {runtime_call StubRoutines (final stubs)}
  0x0000025f8c08587c: 7405 e83d | 31a3 ff48 | 837d 1000 | 488d 4510 | 480f 4445 | 1048 8944 | 2440 4889 | 4c24 7048 
  0x0000025f8c08589c: 83f9 0048 | 8d44 2470 | 480f 4444 | 2470 4889 | 4424 3848 | 8974 2430 | 4889 7c24 | 284c 894c 
  0x0000025f8c0858bc: 2458 4983 | f900 488d | 4424 5848 | 0f44 4424 | 5848 8944 | 2420 4c89 | 4424 5049 | 83f8 004c 
  0x0000025f8c0858dc: 8d4c 2450 | 4c0f 444c | 2450 4889 | 5424 4848 | 83fa 004c | 8d44 2448 | 4c0f 4444 

  0x0000025f8c0858f8: ;   {oop(a 'java/lang/Class'{0x00000000d72e3110} = 'java/lang/ClassLoader')}
  0x0000025f8c0858f8: 2448 49be | 1031 2ed7 | 0000 0000 | 4c89 7424 | 784c 8d74 | 2478 498b 

  0x0000025f8c085910: ; ImmutableOopMap {[72]=Oop [80]=Oop [88]=Oop [112]=Oop [120]=Oop [160]=Oop }
                      ;   {section_word}
  0x0000025f8c085910: d649 ba11 | 5908 8c5f | 0200 004d | 8997 a803 | 0000 4989 | a7a0 0300 

  0x0000025f8c085928: ;   {external_word}
  0x0000025f8c085928: 0049 ba06 | 6de6 7af9 | 7f00 0041 | 803a 000f | 844e 0000 | 0052 4150 

  0x0000025f8c085940: ;   {metadata({method} {0x0000025f98434c38} 'defineClass1' '(Ljava/lang/ClassLoader;Ljava/lang/String;[BIILjava/security/ProtectionDomain;Ljava/lang/String;)Ljava/lang/Class;' in 'java/lang/ClassLoader')}
  0x0000025f8c085940: 4151 48ba | 304c 4398 | 5f02 0000 | 498b cf48 | 83ec 2040 | f6c4 0f0f | 8419 0000 | 0048 83ec 
  0x0000025f8c085960: ;   {runtime_call}
  0x0000025f8c085960: 0848 b8e0 | ea8f 7af9 | 7f00 00ff | d048 83c4 | 08e9 0c00 

  0x0000025f8c085974: ;   {runtime_call}
  0x0000025f8c085974: 0000 48b8 | e0ea 8f7a | f97f 0000 | ffd0 4883 | c420 4159 | 4158 5a49 | 8d8f c003 | 0000 41c7 
  0x0000025f8c085994: 874c 0400 | 0004 0000 

  0x0000025f8c08599c: ;   {runtime_call}
  0x0000025f8c08599c: 0048 b8ac | 1617 d2f9 | 7f00 00ff | d041 c787 | 4c04 0000 | 0500 0000 | f083 4424 | c000 493b 
  0x0000025f8c0859bc: af50 0400 | 000f 870e | 0000 0041 | 83bf 4804 | 0000 000f | 8428 0000 | 0048 8945 | f849 8bcf 
  0x0000025f8c0859dc: 4c8b e448 | 83ec 2048 

  0x0000025f8c0859e4: ;   {runtime_call}
  0x0000025f8c0859e4: 83e4 f048 | b800 585b | 7af9 7f00 | 00ff d049 | 8be4 4d33 | e448 8b45 | f841 c787 | 4c04 0000 
  0x0000025f8c085a04: 0800 0000 | 4183 bfc8 | 0400 0002 | 0f84 c700 

  0x0000025f8c085a14: ;   {external_word}
  0x0000025f8c085a14: 0000 49ba | 066d e67a | f97f 0000 | 4180 3a00 | 0f84 4c00 | 0000 4889 

  0x0000025f8c085a2c: ;   {metadata({method} {0x0000025f98434c38} 'defineClass1' '(Ljava/lang/ClassLoader;Ljava/lang/String;[BIILjava/security/ProtectionDomain;Ljava/lang/String;)Ljava/lang/Class;' in 'java/lang/ClassLoader')}
  0x0000025f8c085a2c: 45f8 48ba | 304c 4398 | 5f02 0000 | 498b cf48 | 83ec 2040 | f6c4 0f0f | 8419 0000 | 0048 83ec 
  0x0000025f8c085a4c: ;   {runtime_call}
  0x0000025f8c085a4c: 0848 b8e0 | ea8f 7af9 | 7f00 00ff | d048 83c4 | 08e9 0c00 

  0x0000025f8c085a60: ;   {runtime_call}
  0x0000025f8c085a60: 0000 48b8 | e0ea 8f7a | f97f 0000 | ffd0 4883 | c420 488b | 45f8 49c7 | 87a0 0300 | 0000 0000 
  0x0000025f8c085a80: 0049 c787 | a803 0000 | 0000 0000 | 4885 c00f | 8425 0000 | 00a8 030f | 8508 0000 | 0048 8b00 
  0x0000025f8c085aa0: e915 0000 | 00a8 010f | 8509 0000 | 0048 8b40 | fee9 0400 | 0000 488b | 40ff 498b | 8f30 0400 
  0x0000025f8c085ac0: 00c7 8100 | 0100 0000 | 0000 00c9 | 4983 7f08 | 000f 8501 | 0000 00c3 

  0x0000025f8c085ad8: ;   {runtime_call StubRoutines (initial stubs)}
  0x0000025f8c085ad8: e923 b49f | ff48 8945 | f84c 8be4 | 4883 ec20 | 4883 e4f0 

  0x0000025f8c085aec: ;   {runtime_call}
  0x0000025f8c085aec: 48b8 3022 | 907a f97f | 0000 ffd0 | 498b e44d | 33e4 488b | 45f8 e90f | ffff fff4 
[/MachCode]


Compiled method (c1) 27948 1834       3       java.lang.ClassLoader::defineClass (43 bytes)
 total in heap  [0x0000025f84880210,0x0000025f84880b70] = 2400
 relocation     [0x0000025f84880370,0x0000025f84880410] = 160
 main code      [0x0000025f84880420,0x0000025f848808c0] = 1184
 stub code      [0x0000025f848808c0,0x0000025f84880938] = 120
 metadata       [0x0000025f84880938,0x0000025f84880968] = 48
 scopes data    [0x0000025f84880968,0x0000025f84880a58] = 240
 scopes pcs     [0x0000025f84880a58,0x0000025f84880b38] = 224
 dependencies   [0x0000025f84880b38,0x0000025f84880b48] = 16
 nul chk table  [0x0000025f84880b48,0x0000025f84880b70] = 40

[Constant Pool (empty)]

[MachCode]
[Entry Point]
  # {method} {0x0000025f98434fb8} 'defineClass' '(Ljava/lang/String;[BIILjava/security/ProtectionDomain;)Ljava/lang/Class;' in 'java/lang/ClassLoader'
  # this:     rdx:rdx   = 'java/lang/ClassLoader'
  # parm0:    r8:r8     = 'java/lang/String'
  # parm1:    r9:r9     = '[B'
  # parm2:    rdi       = int
  # parm3:    rsi       = int
  # parm4:    rcx:rcx   = 'java/security/ProtectionDomain'
  #           [sp+0xc0]  (sp of caller)
  0x0000025f84880420: 448b 5208 | 49bb 0000 | 0098 5f02 | 0000 4d03 | d34c 3bd0 

  0x0000025f84880434: ;   {runtime_call ic_miss_stub}
  0x0000025f84880434: 0f85 46e0 | 2407 660f | 1f44 0000 
[Verified Entry Point]
  0x0000025f84880440: 8984 2400 | 80ff ff55 | 4881 ecb0 | 0000 0090 | 4181 7f20 | 0100 0000 

  0x0000025f84880458: ;   {runtime_call StubRoutines (final stubs)}
  0x0000025f84880458: 7405 e861 | 8523 0748 | 8954 2478 

  0x0000025f84880464: ;   {metadata(method data for {method} {0x0000025f98434fb8} 'defineClass' '(Ljava/lang/String;[BIILjava/security/ProtectionDomain;)Ljava/lang/Class;' in 'java/lang/ClassLoader')}
  0x0000025f84880464: 48bb 30f2 | 37da 5f02 | 0000 8b83 | cc00 0000 | 83c0 0289 | 83cc 0000 | 0025 fe07 | 0000 85c0 
  0x0000025f84880484: 0f84 5803 | 0000 89b4 | 2494 0000 | 0089 bc24 | 9000 0000 | 4c89 8c24 | 8800 0000 

  0x0000025f848804a0: ;   {metadata(method data for {method} {0x0000025f98434fb8} 'defineClass' '(Ljava/lang/String;[BIILjava/security/ProtectionDomain;)Ljava/lang/Class;' in 'java/lang/ClassLoader')}
  0x0000025f848804a0: 488b da48 | b830 f237 | da5f 0200 | 0048 8380 | 1001 0000 | 0149 8bd8 | 4c8b c34c | 8bc9 488b 
  0x0000025f848804c0: ca48 8bd1 | 4889 9c24 | 8000 0000 

  0x0000025f848804cc: ;   {optimized virtual_call}
  0x0000025f848804cc: 6666 90e8 

  0x0000025f848804d0: ; ImmutableOopMap {[120]=Oop [128]=Oop [136]=Oop }
                      ;*invokevirtual preDefineClass {reexecute=0 rethrow=0 return_oop=0}
                      ; - java.lang.ClassLoader::defineClass@4
  0x0000025f848804d0: 4c74 f9ff 

  0x0000025f848804d4: ;   {other}
  0x0000025f848804d4: 0f1f 8400 | c402 0000 | 4889 8424 | 9800 0000 | 488b 5424 

  0x0000025f848804e8: ;   {metadata(method data for {method} {0x0000025f98434fb8} 'defineClass' '(Ljava/lang/String;[BIILjava/security/ProtectionDomain;)Ljava/lang/Class;' in 'java/lang/ClassLoader')}
  0x0000025f848804e8: 7849 b830 | f237 da5f | 0200 0049 | 8380 4801 

  0x0000025f848804f8: ;   {metadata(method data for {method} {0x0000025f98434ca0} 'defineClassSourceLocation' '(Ljava/security/ProtectionDomain;)Ljava/lang/String;' in 'java/lang/ClassLoader')}
  0x0000025f848804f8: 0000 0149 | b848 f937 | da5f 0200 | 0041 8b90 | cc00 0000 | 83c2 0241 | 8990 cc00 | 0000 81e2 
  0x0000025f84880518: feff 1f00 | 85d2 0f84 | df02 0000 

  0x0000025f84880524: ; implicit exception: dispatches to 0x0000025f84880824
  0x0000025f84880524: 483b 004c 

  0x0000025f84880528: ;   {metadata(method data for {method} {0x0000025f98434ca0} 'defineClassSourceLocation' '(Ljava/security/ProtectionDomain;)Ljava/lang/String;' in 'java/lang/ClassLoader')}
  0x0000025f84880528: 8bc0 48ba | 48f9 37da | 5f02 0000 | 4883 8210 | 0100 0001 | 448b 4010 

  0x0000025f84880540: ;   {metadata(method data for {method} {0x0000025f98434ca0} 'defineClassSourceLocation' '(Ljava/security/ProtectionDomain;)Ljava/lang/String;' in 'java/lang/ClassLoader')}
  0x0000025f84880540: 4d85 c048 | ba48 f937 | da5f 0200 | 0048 c7c6 | 5801 0000 | 7507 48c7 | c648 0100 | 0048 8b3c 
  0x0000025f84880560: 3248 8d7f | 0148 893c | 320f 850f 

  0x0000025f8488056c: ;   {oop(nullptr)}
  0x0000025f8488056c: 0000 0048 | bb00 0000 | 0000 0000 | 00e9 a901 | 0000 493b | 0049 8bd0 

  0x0000025f84880584: ;   {metadata(method data for {method} {0x0000025f98434ca0} 'defineClassSourceLocation' '(Ljava/security/ProtectionDomain;)Ljava/lang/String;' in 'java/lang/ClassLoader')}
  0x0000025f84880584: 48be 48f9 | 37da 5f02 | 0000 4883 | 8668 0100 | 0001 418b | 500c 4885 

  0x0000025f8488059c: ;   {metadata(method data for {method} {0x0000025f98434ca0} 'defineClassSourceLocation' '(Ljava/security/ProtectionDomain;)Ljava/lang/String;' in 'java/lang/ClassLoader')}
  0x0000025f8488059c: d248 be48 | f937 da5f | 0200 0048 | c7c7 b001 | 0000 7507 | 48c7 c7a0 | 0100 0048 | 8b1c 3e48 
  0x0000025f848805bc: 8d5b 0148 | 891c 3e0f | 850f 0000 

  0x0000025f848805c8: ;   {oop(nullptr)}
  0x0000025f848805c8: 0048 bb00 | 0000 0000 | 0000 00e9 | 4f01 0000 

  0x0000025f848805d8: ;   {metadata(method data for {method} {0x0000025f98434ca0} 'defineClassSourceLocation' '(Ljava/security/ProtectionDomain;)Ljava/lang/String;' in 'java/lang/ClassLoader')}
  0x0000025f848805d8: 48be 48f9 | 37da 5f02 | 0000 4883 | 86c0 0100 | 0001 483b | 024c 8bc2 

  0x0000025f848805f0: ;   {metadata(method data for {method} {0x0000025f98434ca0} 'defineClassSourceLocation' '(Ljava/security/ProtectionDomain;)Ljava/lang/String;' in 'java/lang/ClassLoader')}
  0x0000025f848805f0: 48be 48f9 | 37da 5f02 | 0000 4883 | 86f8 0100 

  0x0000025f84880600: ;   {metadata(method data for {method} {0x0000025f9801abf0} 'toString' '()Ljava/lang/String;' in 'java/net/URL')}
  0x0000025f84880600: 0001 49b8 | 18ed 37da | 5f02 0000 | 418b b0cc | 0000 0083 | c602 4189 | b0cc 0000 | 0081 e6fe 
  0x0000025f84880620: ff1f 0085 | f60f 8408 | 0200 004c 

  0x0000025f8488062c: ;   {metadata(method data for {method} {0x0000025f9801abf0} 'toString' '()Ljava/lang/String;' in 'java/net/URL')}
  0x0000025f8488062c: 8bc2 48be | 18ed 37da | 5f02 0000 | 4883 8610 | 0100 0001 

  0x0000025f84880640: ;   {metadata(method data for {method} {0x0000025f98428840} 'toExternalForm' '()Ljava/lang/String;' in 'java/net/URL')}
  0x0000025f84880640: 49b8 5085 | 37da 5f02 | 0000 418b | b0cc 0000 | 0083 c602 | 4189 b0cc | 0000 0081 | e6fe ff1f 
  0x0000025f84880660: 0085 f60f | 84eb 0100 | 008b 7238 

  0x0000025f8488066c: ; implicit exception: dispatches to 0x0000025f84880875
  0x0000025f8488066c: 483b 064c 

  0x0000025f84880670: ;   {metadata(method data for {method} {0x0000025f98428840} 'toExternalForm' '()Ljava/lang/String;' in 'java/net/URL')}
  0x0000025f84880670: 8bc6 48bf | 5085 37da | 5f02 0000 | 458b 4008 | 49ba 0000 | 0098 5f02 | 0000 4d03 | c24c 3b87 
  0x0000025f84880690: 2001 0000 | 750d 4883 | 8728 0100 | 0001 e960 | 0000 004c | 3b87 3001 | 0000 750d | 4883 8738 
  0x0000025f848806b0: 0100 0001 | e94a 0000 | 0048 83bf | 2001 0000 | 0075 174c | 8987 2001 | 0000 48c7 | 8728 0100 
  0x0000025f848806d0: 0001 0000 | 00e9 2900 | 0000 4883 | bf30 0100 | 0000 7517 | 4c89 8730 | 0100 0048 | c787 3801 
  0x0000025f848806f0: 0000 0100 | 0000 e908 | 0000 0048 | 8387 1001 | 0000 014c | 8bc2 488b | d60f 1f40 | 0048 b850 
  0x0000025f84880710: 3421 985f 

  0x0000025f84880714: ;   {virtual_call}
  0x0000025f84880714: 0200 00e8 

  0x0000025f84880718: ; ImmutableOopMap {[120]=Oop [128]=Oop [136]=Oop [152]=Oop }
                      ;*invokevirtual toExternalForm {reexecute=0 rethrow=0 return_oop=0}
                      ; - java.net.URL::toExternalForm@5
                      ; - java.net.URL::toString@1
                      ; - java.lang.ClassLoader::defineClassSourceLocation@22
                      ; - java.lang.ClassLoader::defineClass@12
  0x0000025f84880718: e450 f9ff 

  0x0000025f8488071c: ;   {other}
  0x0000025f8488071c: 0f1f 8400 | 0c05 0001 | 488b d848 | 8b84 2498 | 0000 008b | b424 9400 | 0000 8bbc | 2490 0000 
  0x0000025f8488073c: 004c 8b8c | 2488 0000 | 004c 8b84 | 2480 0000 | 0048 8b54 

  0x0000025f84880750: ;   {metadata(method data for {method} {0x0000025f98434fb8} 'defineClass' '(Ljava/lang/String;[BIILjava/security/ProtectionDomain;)Ljava/lang/Class;' in 'java/lang/ClassLoader')}
  0x0000025f84880750: 2478 48b9 | 30f2 37da | 5f02 0000 | 4883 8180 | 0100 0001 | 4c8b da49 | 8bd3 488b | c848 891c 
  0x0000025f84880770: 2466 0f1f 

  0x0000025f84880774: ;   {static_call}
  0x0000025f84880774: 4400 00e8 

  0x0000025f84880778: ; ImmutableOopMap {[120]=Oop [152]=Oop }
                      ;*invokestatic defineClass1 {reexecute=0 rethrow=0 return_oop=0}
                      ; - java.lang.ClassLoader::defineClass@27
  0x0000025f84880778: e450 8007 

  0x0000025f8488077c: ;   {other}
  0x0000025f8488077c: 0f1f 8400 | 6c05 0002 | 488b 5424 

  0x0000025f84880788: ;   {metadata(method data for {method} {0x0000025f98434fb8} 'defineClass' '(Ljava/lang/String;[BIILjava/security/ProtectionDomain;)Ljava/lang/Class;' in 'java/lang/ClassLoader')}
  0x0000025f84880788: 7849 b830 | f237 da5f | 0200 0049 | 8380 9001 | 0000 014c | 8bc0 4c8b | 8c24 9800 | 0000 488b 
  0x0000025f848807a8: 5424 7848 | 8984 24a0 | 0000 000f 

  0x0000025f848807b4: ;   {optimized virtual_call}
  0x0000025f848807b4: 1f40 00e8 

  0x0000025f848807b8: ; ImmutableOopMap {[160]=Oop }
                      ;*invokevirtual postDefineClass {reexecute=0 rethrow=0 return_oop=0}
                      ; - java.lang.ClassLoader::defineClass@37
  0x0000025f848807b8: e48b f9ff 

  0x0000025f848807bc: ;   {other}
  0x0000025f848807bc: 0f1f 8400 | ac05 0003 | 488b 8424 | a000 0000 | 4881 c4b0 | 0000 005d 

  0x0000025f848807d4: ;   {poll_return}
  0x0000025f848807d4: 493b a750 | 0400 000f | 8799 0000 

  0x0000025f848807e0: ;   {metadata({method} {0x0000025f98434fb8} 'defineClass' '(Ljava/lang/String;[BIILjava/security/ProtectionDomain;)Ljava/lang/Class;' in 'java/lang/ClassLoader')}
  0x0000025f848807e0: 00c3 49ba | b04f 4398 | 5f02 0000 | 4c89 5424 | 0848 c704 | 24ff ffff 

  0x0000025f848807f8: ;   {runtime_call counter_overflow Runtime1 stub}
  0x0000025f848807f8: ffe8 024a 

  0x0000025f848807fc: ; ImmutableOopMap {rdx=Oop r8=Oop r9=Oop rcx=Oop [120]=Oop }
                      ;*synchronization entry
                      ; - java.lang.ClassLoader::defineClass@-1
  0x0000025f848807fc: 3007 e987 

  0x0000025f84880800: ;   {metadata({method} {0x0000025f98434ca0} 'defineClassSourceLocation' '(Ljava/security/ProtectionDomain;)Ljava/lang/String;' in 'java/lang/ClassLoader')}
  0x0000025f84880800: fcff ff49 | ba98 4c43 | 985f 0200 | 004c 8954 | 2408 48c7 | 0424 ffff 

  0x0000025f84880818: ;   {runtime_call counter_overflow Runtime1 stub}
  0x0000025f84880818: ffff e8e1 

  0x0000025f8488081c: ; ImmutableOopMap {rax=Oop [120]=Oop [128]=Oop [136]=Oop [152]=Oop }
                      ;*synchronization entry
                      ; - java.lang.ClassLoader::defineClassSourceLocation@-1
                      ; - java.lang.ClassLoader::defineClass@12
  0x0000025f8488081c: 4930 07e9 | 00fd ffff 

  0x0000025f84880824: ;   {runtime_call throw_null_pointer_exception Runtime1 stub}
  0x0000025f84880824: e857 0d27 

  0x0000025f84880828: ; ImmutableOopMap {rax=Oop [120]=Oop [128]=Oop [136]=Oop [152]=Oop }
                      ;*invokevirtual getCodeSource {reexecute=0 rethrow=0 return_oop=0}
                      ; - java.lang.ClassLoader::defineClassSourceLocation@1
                      ; - java.lang.ClassLoader::defineClass@12
                      ;   {runtime_call throw_null_pointer_exception Runtime1 stub}
  0x0000025f84880828: 07e8 520d 

  0x0000025f8488082c: ; ImmutableOopMap {rax=Oop r8=Oop [120]=Oop [128]=Oop [136]=Oop [152]=Oop }
                      ;*invokevirtual getLocation {reexecute=0 rethrow=0 return_oop=0}
                      ; - java.lang.ClassLoader::defineClassSourceLocation@12
                      ; - java.lang.ClassLoader::defineClass@12
                      ;   {runtime_call throw_null_pointer_exception Runtime1 stub}
  0x0000025f8488082c: 2707 e84d 

  0x0000025f84880830: ; ImmutableOopMap {rdx=Oop [120]=Oop [128]=Oop [136]=Oop [152]=Oop }
                      ;*invokevirtual toString {reexecute=0 rethrow=0 return_oop=0}
                      ; - java.lang.ClassLoader::defineClassSourceLocation@22
                      ; - java.lang.ClassLoader::defineClass@12
                      ;   {metadata({method} {0x0000025f9801abf0} 'toString' '()Ljava/lang/String;' in 'java/net/URL')}
  0x0000025f84880830: 0d27 0749 | bae8 ab01 | 985f 0200 | 004c 8954 | 2408 48c7 | 0424 ffff 

  0x0000025f84880848: ;   {runtime_call counter_overflow Runtime1 stub}
  0x0000025f84880848: ffff e8b1 

  0x0000025f8488084c: ; ImmutableOopMap {rdx=Oop [120]=Oop [128]=Oop [136]=Oop [152]=Oop }
                      ;*synchronization entry
                      ; - java.net.URL::toString@-1
                      ; - java.lang.ClassLoader::defineClassSourceLocation@22
                      ; - java.lang.ClassLoader::defineClass@12
  0x0000025f8488084c: 4930 07e9 | d7fd ffff 

  0x0000025f84880854: ;   {metadata({method} {0x0000025f98428840} 'toExternalForm' '()Ljava/lang/String;' in 'java/net/URL')}
  0x0000025f84880854: 49ba 3888 | 4298 5f02 | 0000 4c89 | 5424 0848 | c704 24ff 

  0x0000025f84880868: ;   {runtime_call counter_overflow Runtime1 stub}
  0x0000025f84880868: ffff ffe8 

  0x0000025f8488086c: ; ImmutableOopMap {rdx=Oop [120]=Oop [128]=Oop [136]=Oop [152]=Oop }
                      ;*synchronization entry
                      ; - java.net.URL::toExternalForm@-1
                      ; - java.net.URL::toString@1
                      ; - java.lang.ClassLoader::defineClassSourceLocation@22
                      ; - java.lang.ClassLoader::defineClass@12
  0x0000025f8488086c: 9049 3007 | e9f4 fdff 

  0x0000025f84880874: ;   {runtime_call throw_null_pointer_exception Runtime1 stub}
  0x0000025f84880874: ffe8 060d 

  0x0000025f84880878: ; ImmutableOopMap {rdx=Oop rsi=Oop [120]=Oop [128]=Oop [136]=Oop [152]=Oop }
                      ;*invokevirtual toExternalForm {reexecute=0 rethrow=0 return_oop=0}
                      ; - java.net.URL::toExternalForm@5
                      ; - java.net.URL::toString@1
                      ; - java.lang.ClassLoader::defineClassSourceLocation@22
                      ; - java.lang.ClassLoader::defineClass@12
                      ;   {internal_word}
  0x0000025f84880878: 2707 49ba | d407 8884 | 5f02 0000 | 4d89 9768 

  0x0000025f84880888: ;   {runtime_call SafepointBlob}
  0x0000025f84880888: 0400 00e9 | f03d 2507 | 498b 8700 | 0500 0049 | c787 0005 | 0000 0000 | 0000 49c7 | 8708 0500 
  0x0000025f848808a8: 0000 0000 | 0048 81c4 | b000 0000 

  0x0000025f848808b4: ;   {runtime_call unwind_exception Runtime1 stub}
  0x0000025f848808b4: 5de9 c61b | 2707 f4f4 | f4f4 f4f4 
[Stub Code]
  0x0000025f848808c0: ;   {no_reloc}
  0x0000025f848808c0: 0f1f 4400 

  0x0000025f848808c4: ;   {static_stub}
  0x0000025f848808c4: 0048 bb00 | 0000 0000 

  0x0000025f848808cc: ;   {runtime_call nmethod}
  0x0000025f848808cc: 0000 00e9 | fbff ffff 

  0x0000025f848808d4: ;   {static_stub}
  0x0000025f848808d4: 48bb 0000 | 0000 0000 

  0x0000025f848808dc: ;   {runtime_call nmethod}
  0x0000025f848808dc: 0000 e9fb 

  0x0000025f848808e0: ;   {static_stub}
  0x0000025f848808e0: ffff ff48 | bb00 0000 | 0000 0000 

  0x0000025f848808ec: ;   {runtime_call nmethod}
  0x0000025f848808ec: 00e9 fbff 

  0x0000025f848808f0: ;   {static_stub}
  0x0000025f848808f0: ffff 48bb | 0000 0000 | 0000 0000 

  0x0000025f848808fc: ;   {runtime_call nmethod}
  0x0000025f848808fc: e9fb ffff 

  0x0000025f84880900: ;   {runtime_call handle_exception_from_callee Runtime1 stub}
  0x0000025f84880900: ffe8 7aee 

  0x0000025f84880904: ;   {external_word}
  0x0000025f84880904: 2607 48b9 | 5063 bc7a | f97f 0000 | 4883 e4f0 

  0x0000025f84880914: ;   {runtime_call}
  0x0000025f84880914: 48b8 c0c9 | 7e7a f97f | 0000 ffd0 

  0x0000025f84880920: ;   {section_word}
  0x0000025f84880920: f449 ba21 | 0988 845f | 0200 0041 

  0x0000025f8488092c: ;   {runtime_call DeoptimizationBlob}
  0x0000025f8488092c: 52e9 6e36 | 2507 f4f4 | f4f4 f4f4 
[/MachCode]


Compiled method (c1) 28023 1941   !   3       org.eclipse.osgi.internal.loader.BundleLoader::findClass0 (490 bytes)
 total in heap  [0x0000025f848ca810,0x0000025f848d1428] = 27672
 relocation     [0x0000025f848ca970,0x0000025f848cb0c8] = 1880
 main code      [0x0000025f848cb0e0,0x0000025f848cf860] = 18304
 stub code      [0x0000025f848cf860,0x0000025f848cfba8] = 840
 oops           [0x0000025f848cfba8,0x0000025f848cfbe0] = 56
 metadata       [0x0000025f848cfbe0,0x0000025f848cfcf0] = 272
 scopes data    [0x0000025f848cfcf0,0x0000025f848d0778] = 2696
 scopes pcs     [0x0000025f848d0778,0x0000025f848d11a8] = 2608
 dependencies   [0x0000025f848d11a8,0x0000025f848d1200] = 88
 handler table  [0x0000025f848d1200,0x0000025f848d1320] = 288
 nul chk table  [0x0000025f848d1320,0x0000025f848d1428] = 264

[Constant Pool (empty)]

[MachCode]
[Entry Point]
  # {method} {0x0000025fda58c830} 'findClass0' '(Ljava/lang/String;ZZ)Ljava/lang/Class;' in 'org/eclipse/osgi/internal/loader/BundleLoader'
  # this:     rdx:rdx   = 'org/eclipse/osgi/internal/loader/BundleLoader'
  # parm0:    r8:r8     = 'java/lang/String'
  # parm1:    r9        = boolean
  # parm2:    rdi       = boolean
  #           [sp+0x180]  (sp of caller)
  0x0000025f848cb0e0: 448b 5208 | 49bb 0000 | 0098 5f02 | 0000 4d03 | d34c 3bd0 

  0x0000025f848cb0f4: ;   {runtime_call ic_miss_stub}
  0x0000025f848cb0f4: 0f85 8633 | 2007 660f | 1f44 0000 
[Verified Entry Point]
  0x0000025f848cb100: 8984 2400 | 80ff ff55 | 4881 ec70 | 0100 0090 | 4181 7f20 | 0100 0000 

  0x0000025f848cb118: ;   {runtime_call StubRoutines (final stubs)}
  0x0000025f848cb118: 7405 e8a1 | d81e 0748 | 8994 24a8 | 0000 004c | 8984 24a0 | 0000 0044 | 898c 24b0 

  0x0000025f848cb134: ;   {metadata(method data for {method} {0x0000025fda58c830} 'findClass0' '(Ljava/lang/String;ZZ)Ljava/lang/Class;' in 'org/eclipse/osgi/internal/loader/BundleLoader')}
  0x0000025f848cb134: 0000 0048 | be00 4091 | da5f 0200 | 008b 9ecc | 0000 0083 | c302 899e | cc00 0000 | 81e3 fe07 
  0x0000025f848cb154: 0000 85db | 0f84 f43c | 0000 4585 

  0x0000025f848cb160: ;   {metadata(method data for {method} {0x0000025fda58c830} 'findClass0' '(Ljava/lang/String;ZZ)Ljava/lang/Class;' in 'org/eclipse/osgi/internal/loader/BundleLoader')}
  0x0000025f848cb160: c948 be00 | 4091 da5f | 0200 0048 | c7c3 2001 | 0000 7507 | 48c7 c310 | 0100 0048 | 8b04 1e48 
  0x0000025f848cb180: 8d40 0148 | 8904 1e0f | 850c 0000 | 0089 bc24 | b400 0000 | e9ec 0000 | 008b 7248 

  0x0000025f848cb19c: ;   {metadata(method data for {method} {0x0000025fda58c830} 'findClass0' '(Ljava/lang/String;ZZ)Ljava/lang/Class;' in 'org/eclipse/osgi/internal/loader/BundleLoader')}
  0x0000025f848cb19c: 4885 f648 | be00 4091 | da5f 0200 | 0048 c7c3 | 3001 0000 | 7407 48c7 | c340 0100 | 0048 8b04 
  0x0000025f848cb1bc: 1e48 8d40 | 0148 8904 | 1e89 bc24 | b400 0000 | 0f84 b300 | 0000 493b | 0049 8bf0 

  0x0000025f848cb1d8: ;   {metadata(method data for {method} {0x0000025fda58c830} 'findClass0' '(Ljava/lang/String;ZZ)Ljava/lang/Class;' in 'org/eclipse/osgi/internal/loader/BundleLoader')}
  0x0000025f848cb1d8: 48bb 0040 | 91da 5f02 | 0000 4883 | 8350 0100 

  0x0000025f848cb1e8: ;   {metadata(method data for {method} {0x0000025f98453b18} 'startsWith' '(Ljava/lang/String;)Z' in 'java/lang/String')}
  0x0000025f848cb1e8: 0001 48be | c8a6 08da | 5f02 0000 | 8b9e cc00 | 0000 83c3 | 0289 9ecc | 0000 0081 | e3fe ff1f 
  0x0000025f848cb208: 0085 db0f | 8467 3c00 | 0049 8bf0 

  0x0000025f848cb214: ;   {metadata(method data for {method} {0x0000025f98453b18} 'startsWith' '(Ljava/lang/String;)Z' in 'java/lang/String')}
  0x0000025f848cb214: 48bb c8a6 | 08da 5f02 | 0000 4883 | 8310 0100 | 0001 498b 

  0x0000025f848cb228: ;   {oop("java."{0x0000000080001560})}
  0x0000025f848cb228: f049 b860 | 1500 8000 | 0000 0041 | b900 0000 | 0048 8bd6 

  0x0000025f848cb23c: ;   {optimized virtual_call}
  0x0000025f848cb23c: 6666 90e8 

  0x0000025f848cb240: ; ImmutableOopMap {[160]=Oop [168]=Oop }
                      ;*invokevirtual startsWith {reexecute=0 rethrow=0 return_oop=0}
                      ; - java.lang.String::startsWith@3
                      ; - org.eclipse.osgi.internal.loader.BundleLoader::findClass0@14 (line 466)
  0x0000025f848cb240: 9c40 7b07 

  0x0000025f848cb244: ;   {other}
  0x0000025f848cb244: 0f1f 8400 | 340a 0000 | 83e0 0185 

  0x0000025f848cb250: ;   {metadata(method data for {method} {0x0000025fda58c830} 'findClass0' '(Ljava/lang/String;ZZ)Ljava/lang/Class;' in 'org/eclipse/osgi/internal/loader/BundleLoader')}
  0x0000025f848cb250: c048 b900 | 4091 da5f | 0200 0049 | c7c0 9801 | 0000 7507 | 49c7 c088 | 0100 004e | 8b0c 014d 
  0x0000025f848cb270: 8d49 014e | 890c 010f | 8519 3900 | 004c 8b84 | 24a0 0000 

  0x0000025f848cb284: ;   {metadata(method data for {method} {0x0000025fda58c830} 'findClass0' '(Ljava/lang/String;ZZ)Ljava/lang/Class;' in 'org/eclipse/osgi/internal/loader/BundleLoader')}
  0x0000025f848cb284: 0048 b900 | 4091 da5f | 0200 0048 | 8381 e001 

  0x0000025f848cb294: ;   {metadata(method data for {method} {0x0000025fda58abc8} 'getPackageName' '(Ljava/lang/String;)Ljava/lang/String;' in 'org/eclipse/osgi/internal/loader/BundleLoader')}
  0x0000025f848cb294: 0000 0148 | b940 4a92 | da5f 0200 | 0044 8b89 | cc00 0000 | 4183 c102 | 4489 89cc | 0000 0041 
  0x0000025f848cb2b4: 81e1 feff | 1f00 4585 | c90f 84d6 | 3b00 004d 

  0x0000025f848cb2c4: ;   {metadata(method data for {method} {0x0000025fda58abc8} 'getPackageName' '(Ljava/lang/String;)Ljava/lang/String;' in 'org/eclipse/osgi/internal/loader/BundleLoader')}
  0x0000025f848cb2c4: 85c0 48b9 | 404a 92da | 5f02 0000 | 49c7 c110 | 0100 0074 | 0749 c7c1 | 2001 0000 | 4a8b 1409 
  0x0000025f848cb2e4: 488d 5201 | 4a89 1409 | 0f84 5801 | 0000 493b | 0049 8bc8 

  0x0000025f848cb2f8: ;   {metadata(method data for {method} {0x0000025fda58abc8} 'getPackageName' '(Ljava/lang/String;)Ljava/lang/String;' in 'org/eclipse/osgi/internal/loader/BundleLoader')}
  0x0000025f848cb2f8: 49b9 404a | 92da 5f02 | 0000 4983 | 8130 0100 

  0x0000025f848cb308: ;   {metadata(method data for {method} {0x0000025f98453a10} 'lastIndexOf' '(I)I' in 'java/lang/String')}
  0x0000025f848cb308: 0001 48b9 | 98f4 09da | 5f02 0000 | 448b 89cc | 0000 0041 | 83c1 0244 | 8989 cc00 | 0000 4181 
  0x0000025f848cb328: e1fe ff1f | 0045 85c9 | 0f84 893b | 0000 498b 

  0x0000025f848cb338: ;   {metadata(method data for {method} {0x0000025f98453a10} 'lastIndexOf' '(I)I' in 'java/lang/String')}
  0x0000025f848cb338: c849 b998 | f409 da5f | 0200 0049 | 8381 1001 

  0x0000025f848cb348: ;   {metadata(method data for {method} {0x0000025f9800ee90} 'length' '()I' in 'java/lang/String')}
  0x0000025f848cb348: 0000 0148 | b9e0 0301 | da5f 0200 | 0044 8b89 | cc00 0000 | 4183 c102 | 4489 89cc | 0000 0041 
  0x0000025f848cb368: 81e1 feff | 1f00 4585 | c90f 8469 | 3b00 0041 | 8b48 1444 | 8b49 0c49 

  0x0000025f848cb380: ;   {metadata(method data for {method} {0x0000025f9800ee90} 'length' '()I' in 'java/lang/String')}
  0x0000025f848cb380: 8bc8 48ba | e003 01da | 5f02 0000 | 4883 8210 | 0100 0001 

  0x0000025f848cb394: ;   {metadata(method data for {method} {0x0000025f98454cf8} 'coder' '()B' in 'java/lang/String')}
  0x0000025f848cb394: 48b9 6802 | 01da 5f02 | 0000 8b91 | cc00 0000 | 83c2 0289 | 91cc 0000 | 0081 e2fe | ff1f 0085 
  0x0000025f848cb3b4: d20f 844b 

  0x0000025f848cb3b8: ;   {metadata(method data for {method} {0x0000025f98454cf8} 'coder' '()B' in 'java/lang/String')}
  0x0000025f848cb3b8: 3b00 0048 | b968 0201 | da5f 0200 | 00ff 8120 | 0100 0041 | 0fbe 4810 

  0x0000025f848cb3d0: ;   {metadata(method data for {method} {0x0000025f98454cf8} 'coder' '()B' in 'java/lang/String')}
  0x0000025f848cb3d0: 48ba 6802 | 01da 5f02 | 0000 ff82 | 3001 0000 | c1e1 18c1 | f918 41d3 | f949 8bd0 

  0x0000025f848cb3ec: ;   {metadata(method data for {method} {0x0000025f98453a10} 'lastIndexOf' '(I)I' in 'java/lang/String')}
  0x0000025f848cb3ec: 48be 98f4 | 09da 5f02 | 0000 4883 | 8648 0100 | 0001 41ff | c949 8bf0 | 41b8 2e00 | 0000 488b 
  0x0000025f848cb40c: ;   {optimized virtual_call}
  0x0000025f848cb40c: d666 90e8 

  0x0000025f848cb410: ; ImmutableOopMap {[160]=Oop [168]=Oop }
                      ;*invokevirtual lastIndexOf {reexecute=0 rethrow=0 return_oop=0}
                      ; - java.lang.String::lastIndexOf@8
                      ; - org.eclipse.osgi.internal.loader.BundleLoader::getPackageName@7 (line 143)
                      ; - org.eclipse.osgi.internal.loader.BundleLoader::findClass0@30 (line 473)
  0x0000025f848cb410: 6c7b d1ff 

  0x0000025f848cb414: ;   {other}
  0x0000025f848cb414: 0f1f 8400 | 040c 0001 

  0x0000025f848cb41c: ;   {metadata(method data for {method} {0x0000025fda58abc8} 'getPackageName' '(Ljava/lang/String;)Ljava/lang/String;' in 'org/eclipse/osgi/internal/loader/BundleLoader')}
  0x0000025f848cb41c: 85c0 49b8 | 404a 92da | 5f02 0000 | 49c7 c178 | 0100 007f | 0749 c7c1 | 6801 0000 | 4b8b 1408 
  0x0000025f848cb43c: 488d 5201 | 4b89 1408 | 0f8f 0f00 

  0x0000025f848cb448: ;   {oop("."{0x0000000080001418})}
  0x0000025f848cb448: 0000 48be | 1814 0080 | 0000 0000 | e93e 0000 | 004c 8b84 | 24a0 0000 

  0x0000025f848cb460: ;   {metadata(method data for {method} {0x0000025fda58abc8} 'getPackageName' '(Ljava/lang/String;)Ljava/lang/String;' in 'org/eclipse/osgi/internal/loader/BundleLoader')}
  0x0000025f848cb460: 0049 b940 | 4a92 da5f | 0200 0049 | 8381 8801 | 0000 0141 | b800 0000 | 004c 8bc8 | 488b 9424 
  0x0000025f848cb480: a000 0000 

  0x0000025f848cb484: ;   {optimized virtual_call}
  0x0000025f848cb484: 6666 90e8 

  0x0000025f848cb488: ; ImmutableOopMap {[160]=Oop [168]=Oop }
                      ;*invokevirtual substring {reexecute=0 rethrow=0 return_oop=0}
                      ; - org.eclipse.osgi.internal.loader.BundleLoader::getPackageName@18 (line 145)
                      ; - org.eclipse.osgi.internal.loader.BundleLoader::findClass0@30 (line 473)
  0x0000025f848cb488: 74cd 7907 

  0x0000025f848cb48c: ;   {other}
  0x0000025f848cb48c: 0f1f 8400 | 7c0c 0002 | 488b f048 | 8b94 24a8 | 0000 0044 | 8b42 1849 | 3b00 498b 

  0x0000025f848cb4a8: ;   {metadata(method data for {method} {0x0000025fda58c830} 'findClass0' '(Ljava/lang/String;ZZ)Ljava/lang/Class;' in 'org/eclipse/osgi/internal/loader/BundleLoader')}
  0x0000025f848cb4a8: f848 bb00 | 4091 da5f | 0200 0048 | 8383 0802 

  0x0000025f848cb4b8: ;   {metadata(method data for {method} {0x0000025fda4e54b8} 'loaderWithPackage' '(Ljava/lang/String;)Ljava/lang/String;' in 'org/eclipse/osgi/internal/debug/Debug')}
  0x0000025f848cb4b8: 0000 0148 | bfe8 0c97 | da5f 0200 | 008b 9fcc | 0000 0083 | c302 899f | cc00 0000 | 81e3 feff 
  0x0000025f848cb4d8: 1f00 85db | 0f84 4a3a | 0000 410f | be78 0e85 

  0x0000025f848cb4e8: ;   {metadata(method data for {method} {0x0000025fda4e54b8} 'loaderWithPackage' '(Ljava/lang/String;)Ljava/lang/String;' in 'org/eclipse/osgi/internal/debug/Debug')}
  0x0000025f848cb4e8: ff48 bfe8 | 0c97 da5f | 0200 0048 | c7c3 1001 | 0000 7407 | 48c7 c320 | 0100 0048 | 8b04 1f48 
  0x0000025f848cb508: 8d40 0148 | 8904 1f0f | 8417 0000 

  0x0000025f848cb514: ;   {oop("org.eclipse.osgi/debug/loader"{0x00000000d75f3900})}
  0x0000025f848cb514: 0048 bb00 | 395f d700 | 0000 0048 | 89b4 24b8 | 0000 00e9 | 4701 0000 | 410f be78 

  0x0000025f848cb530: ;   {metadata(method data for {method} {0x0000025fda4e54b8} 'loaderWithPackage' '(Ljava/lang/String;)Ljava/lang/String;' in 'org/eclipse/osgi/internal/debug/Debug')}
  0x0000025f848cb530: 0f85 ff48 | bfe8 0c97 | da5f 0200 | 0048 c7c3 | 4001 0000 | 7507 48c7 | c330 0100 | 0048 8b04 
  0x0000025f848cb550: 1f48 8d40 | 0148 8904 | 1f0f 850d | 0000 0048 | 89b4 24b8 | 0000 00e9 | ee00 0000 | 418b 7820 
  0x0000025f848cb570: ; implicit exception: dispatches to 0x0000025f848cef4d
  0x0000025f848cb570: 483b 074c 

  0x0000025f848cb574: ;   {metadata(method data for {method} {0x0000025fda4e54b8} 'loaderWithPackage' '(Ljava/lang/String;)Ljava/lang/String;' in 'org/eclipse/osgi/internal/debug/Debug')}
  0x0000025f848cb574: 8bc7 48bb | e80c 97da | 5f02 0000 | 458b 4008 | 49ba 0000 | 0098 5f02 | 0000 4d03 | c24c 3b83 
  0x0000025f848cb594: 6001 0000 | 750d 4883 | 8368 0100 | 0001 e960 | 0000 004c | 3b83 7001 | 0000 750d | 4883 8378 
  0x0000025f848cb5b4: 0100 0001 | e94a 0000 | 0048 83bb | 6001 0000 | 0075 174c | 8983 6001 | 0000 48c7 | 8368 0100 
  0x0000025f848cb5d4: 0001 0000 | 00e9 2900 | 0000 4883 | bb70 0100 | 0000 7517 | 4c89 8370 | 0100 0048 | c783 7801 
  0x0000025f848cb5f4: 0000 0100 | 0000 e908 | 0000 0048 | 8383 5001 | 0000 014c | 8bc6 488b | d748 89b4 | 24b8 0000 
  0x0000025f848cb614: 0048 b8e0 | 721c 985f 

  0x0000025f848cb61c: ;   {virtual_call}
  0x0000025f848cb61c: 0200 00e8 

  0x0000025f848cb620: ; ImmutableOopMap {[160]=Oop [168]=Oop [184]=Oop }
                      ;*invokeinterface contains {reexecute=0 rethrow=0 return_oop=0}
                      ; - org.eclipse.osgi.internal.debug.Debug::loaderWithPackage@22 (line 275)
                      ; - org.eclipse.osgi.internal.loader.BundleLoader::findClass0@41 (line 474)
  0x0000025f848cb620: 9c55 ffff 

  0x0000025f848cb624: ;   {other}
  0x0000025f848cb624: 0f1f 8400 | 140e 0003 

  0x0000025f848cb62c: ;   {metadata(method data for {method} {0x0000025fda4e54b8} 'loaderWithPackage' '(Ljava/lang/String;)Ljava/lang/String;' in 'org/eclipse/osgi/internal/debug/Debug')}
  0x0000025f848cb62c: 85c0 48ba | e80c 97da | 5f02 0000 | 48c7 c698 | 0100 0075 | 0748 c7c6 | 8801 0000 | 488b 3c32 
  0x0000025f848cb64c: 488d 7f01 | 4889 3c32 | 0f85 0f00 

  0x0000025f848cb658: ;   {oop(nullptr)}
  0x0000025f848cb658: 0000 48bb | 0000 0000 | 0000 0000 | e90a 0000 

  0x0000025f848cb668: ;   {oop("org.eclipse.osgi/debug/loader/packages"{0x00000000d75f38b0})}
  0x0000025f848cb668: 0048 bbb0 | 385f d700 | 0000 0048 

  0x0000025f848cb674: ;   {metadata(method data for {method} {0x0000025fda58c830} 'findClass0' '(Ljava/lang/String;ZZ)Ljava/lang/Class;' in 'org/eclipse/osgi/internal/loader/BundleLoader')}
  0x0000025f848cb674: 85db 48ba | 0040 91da | 5f02 0000 | 48c7 c628 | 0200 0074 | 0748 c7c6 | 3802 0000 | 488b 3c32 
  0x0000025f848cb694: 488d 7f01 | 4889 3c32 | 4889 9c24 | d000 0000 | 0f84 fa08 | 0000 488b | 9424 a800 | 0000 448b 
  0x0000025f848cb6b4: 4a18 4c89 | 8c24 c800 | 0000 6690 

  0x0000025f848cb6c0: ;   {no_reloc}
  0x0000025f848cb6c0: e99c 3800 | 0000 0000 | 0000 498b | 87b8 0100 | 0048 8d78 | 1849 3bbf | c801 0000 | 0f87 8938 
  0x0000025f848cb6e0: 0000 4989 | bfb8 0100 | 0048 c700 | 0100 0000 | 488b ca49 | ba00 0000 | 985f 0200 | 0049 2bca 
  0x0000025f848cb700: 8948 0848 | 33c9 8948 | 0c48 33c9 | 4889 4810 | 4889 8424 | c000 0000 

  0x0000025f848cb718: ;   {metadata(method data for {method} {0x0000025fda58c830} 'findClass0' '(Ljava/lang/String;ZZ)Ljava/lang/Class;' in 'org/eclipse/osgi/internal/loader/BundleLoader')}
  0x0000025f848cb718: 4c8b c048 | ba00 4091 | da5f 0200 | 0048 8382 | 4802 0000 

  0x0000025f848cb72c: ;   {metadata(method data for {method} {0x0000025f98461a88} '<init>' '(Ljava/lang/String;)V' in 'java/lang/StringBuilder')}
  0x0000025f848cb72c: 0149 b818 | 7e31 da5f | 0200 0041 | 8b90 cc00 | 0000 83c2 | 0241 8990 | cc00 0000 | 81e2 feff 
  0x0000025f848cb74c: 1f00 85d2 | 0f84 2238 | 0000 4c8b 

  0x0000025f848cb758: ;   {metadata(method data for {method} {0x0000025f98461a88} '<init>' '(Ljava/lang/String;)V' in 'java/lang/StringBuilder')}
  0x0000025f848cb758: c048 ba18 | 7e31 da5f | 0200 0048 | 8382 1001 

  0x0000025f848cb768: ;   {oop("BundleLoader["{0x00000000d577f498})}
  0x0000025f848cb768: 0000 0149 | b898 f477 | d500 0000 | 0048 8bd0 | 0f1f 8000 

  0x0000025f848cb77c: ;   {optimized virtual_call}
  0x0000025f848cb77c: 0000 00e8 

  0x0000025f848cb780: ; ImmutableOopMap {[160]=Oop [168]=Oop [184]=Oop [192]=Oop [200]=Oop [208]=Oop }
                      ;*invokespecial <init> {reexecute=0 rethrow=0 return_oop=0}
                      ; - java.lang.StringBuilder::<init>@2
                      ; - org.eclipse.osgi.internal.loader.BundleLoader::findClass0@64 (line 476)
  0x0000025f848cb780: fc2f 2007 

  0x0000025f848cb784: ;   {other}
  0x0000025f848cb784: 0f1f 8400 | 740f 0004 | 488b 8424 | c000 0000 

  0x0000025f848cb794: ;   {metadata(method data for {method} {0x0000025fda58c830} 'findClass0' '(Ljava/lang/String;ZZ)Ljava/lang/Class;' in 'org/eclipse/osgi/internal/loader/BundleLoader')}
  0x0000025f848cb794: 48ba 0040 | 91da 5f02 | 0000 4883 | 8258 0200 

  0x0000025f848cb7a4: ;   {metadata(method data for {method} {0x0000025f98461820} 'append' '(Ljava/lang/Object;)Ljava/lang/StringBuilder;' in 'java/lang/StringBuilder')}
  0x0000025f848cb7a4: 0001 48ba | 306f 09da | 5f02 0000 | 8bb2 cc00 | 0000 83c6 | 0289 b2cc | 0000 0081 | e6fe ff1f 
  0x0000025f848cb7c4: 0085 f60f | 84cc 3700 

  0x0000025f848cb7cc: ;   {metadata(method data for {method} {0x0000025f98461820} 'append' '(Ljava/lang/Object;)Ljava/lang/StringBuilder;' in 'java/lang/StringBuilder')}
  0x0000025f848cb7cc: 0048 ba30 | 6f09 da5f | 0200 0048 | 8382 1001 

  0x0000025f848cb7dc: ;   {metadata(method data for {method} {0x0000025f98454f60} 'valueOf' '(Ljava/lang/Object;)Ljava/lang/String;' in 'java/lang/String')}
  0x0000025f848cb7dc: 0000 0148 | bad0 7009 | da5f 0200 | 008b b2cc | 0000 0083 | c602 89b2 | cc00 0000 | 81e6 feff 
  0x0000025f848cb7fc: 1f00 85f6 | 0f84 b437 

  0x0000025f848cb804: ;   {metadata(method data for {method} {0x0000025f98454f60} 'valueOf' '(Ljava/lang/Object;)Ljava/lang/String;' in 'java/lang/String')}
  0x0000025f848cb804: 0000 48ba | d070 09da | 5f02 0000 | ff82 1001 | 0000 488b | 9424 a800 

  0x0000025f848cb81c: ;   {metadata(method data for {method} {0x0000025f98454f60} 'valueOf' '(Ljava/lang/Object;)Ljava/lang/String;' in 'java/lang/String')}
  0x0000025f848cb81c: 0000 48be | d070 09da | 5f02 0000 | 8b52 0849 | ba00 0000 | 985f 0200 | 0049 03d2 | 483b 9658 
  0x0000025f848cb83c: 0100 0075 | 0d48 8386 | 6001 0000 | 01e9 6000 | 0000 483b | 9668 0100 | 0075 0d48 | 8386 7001 
  0x0000025f848cb85c: 0000 01e9 | 4a00 0000 | 4883 be58 | 0100 0000 | 7517 4889 | 9658 0100 | 0048 c786 | 6001 0000 
  0x0000025f848cb87c: 0100 0000 | e929 0000 | 0048 83be | 6801 0000 | 0075 1748 | 8996 6801 | 0000 48c7 | 8670 0100 
  0x0000025f848cb89c: 0001 0000 | 00e9 0800 | 0000 4883 | 8648 0100 | 0001 488b | 9424 a800 

  0x0000025f848cb8b4: ;   {optimized virtual_call}
  0x0000025f848cb8b4: 0000 90e8 

  0x0000025f848cb8b8: ; ImmutableOopMap {[160]=Oop [168]=Oop [184]=Oop [192]=Oop [200]=Oop [208]=Oop }
                      ;*invokevirtual toString {reexecute=0 rethrow=0 return_oop=0}
                      ; - java.lang.String::valueOf@11
                      ; - java.lang.StringBuilder::append@2
                      ; - org.eclipse.osgi.internal.loader.BundleLoader::findClass0@68 (line 476)
  0x0000025f848cb8b8: c42e 2007 

  0x0000025f848cb8bc: ;   {other}
  0x0000025f848cb8bc: 0f1f 8400 | ac10 0005 | 4c8b 8424 | c000 0000 

  0x0000025f848cb8cc: ;   {metadata(method data for {method} {0x0000025f98461820} 'append' '(Ljava/lang/Object;)Ljava/lang/StringBuilder;' in 'java/lang/StringBuilder')}
  0x0000025f848cb8cc: 48ba 306f | 09da 5f02 | 0000 4883 | 8220 0100 

  0x0000025f848cb8dc: ;   {metadata(method data for {method} {0x0000025f984617c8} 'append' '(Ljava/lang/String;)Ljava/lang/StringBuilder;' in 'java/lang/StringBuilder')}
  0x0000025f848cb8dc: 0001 49b8 | 98ba 00da | 5f02 0000 | 418b 90cc | 0000 0083 | c202 4189 | 90cc 0000 | 0081 e2fe 
  0x0000025f848cb8fc: ff1f 0085 | d20f 84d4 | 3600 004c | 8b84 24c0 

  0x0000025f848cb90c: ;   {metadata(method data for {method} {0x0000025f984617c8} 'append' '(Ljava/lang/String;)Ljava/lang/StringBuilder;' in 'java/lang/StringBuilder')}
  0x0000025f848cb90c: 0000 0048 | ba98 ba00 | da5f 0200 | 0048 8382 | 1001 0000 | 014c 8bc0 | 488b 9424 | c000 0000 
  0x0000025f848cb92c: ;   {optimized virtual_call}
  0x0000025f848cb92c: 6666 90e8 

  0x0000025f848cb930: ; ImmutableOopMap {[160]=Oop [168]=Oop [184]=Oop [192]=Oop [200]=Oop [208]=Oop }
                      ;*invokespecial append {reexecute=0 rethrow=0 return_oop=0}
                      ; - java.lang.StringBuilder::append@2
                      ; - java.lang.StringBuilder::append@5
                      ; - org.eclipse.osgi.internal.loader.BundleLoader::findClass0@68 (line 476)
  0x0000025f848cb930: 4c2e 2007 

  0x0000025f848cb934: ;   {other}
  0x0000025f848cb934: 0f1f 8400 | 2411 0006 | 488b 8424 | c000 0000 

  0x0000025f848cb944: ;   {metadata(method data for {method} {0x0000025fda58c830} 'findClass0' '(Ljava/lang/String;ZZ)Ljava/lang/Class;' in 'org/eclipse/osgi/internal/loader/BundleLoader')}
  0x0000025f848cb944: 4c8b c048 | ba00 4091 | da5f 0200 | 0048 8382 | 9002 0000 

  0x0000025f848cb958: ;   {metadata(method data for {method} {0x0000025f984617c8} 'append' '(Ljava/lang/String;)Ljava/lang/StringBuilder;' in 'java/lang/StringBuilder')}
  0x0000025f848cb958: 0149 b898 | ba00 da5f | 0200 0041 | 8b90 cc00 | 0000 83c2 | 0241 8990 | cc00 0000 | 81e2 feff 
  0x0000025f848cb978: 1f00 85d2 | 0f84 7a36 | 0000 4c8b 

  0x0000025f848cb984: ;   {metadata(method data for {method} {0x0000025f984617c8} 'append' '(Ljava/lang/String;)Ljava/lang/StringBuilder;' in 'java/lang/StringBuilder')}
  0x0000025f848cb984: c048 ba98 | ba00 da5f | 0200 0048 | 8382 1001 

  0x0000025f848cb994: ;   {oop("].findClass("{0x00000000d577f8a0})}
  0x0000025f848cb994: 0000 0149 | b8a0 f877 | d500 0000 | 0048 8bd0 

  0x0000025f848cb9a4: ;   {optimized virtual_call}
  0x0000025f848cb9a4: 6666 90e8 

  0x0000025f848cb9a8: ; ImmutableOopMap {[160]=Oop [168]=Oop [184]=Oop [192]=Oop [200]=Oop [208]=Oop }
                      ;*invokespecial append {reexecute=0 rethrow=0 return_oop=0}
                      ; - java.lang.StringBuilder::append@2
                      ; - org.eclipse.osgi.internal.loader.BundleLoader::findClass0@74 (line 476)
  0x0000025f848cb9a8: d42d 2007 

  0x0000025f848cb9ac: ;   {other}
  0x0000025f848cb9ac: 0f1f 8400 | 9c11 0007 | 488b 8424 | c000 0000 

  0x0000025f848cb9bc: ;   {metadata(method data for {method} {0x0000025fda58c830} 'findClass0' '(Ljava/lang/String;ZZ)Ljava/lang/Class;' in 'org/eclipse/osgi/internal/loader/BundleLoader')}
  0x0000025f848cb9bc: 49b8 0040 | 91da 5f02 | 0000 4983 | 80c8 0200 

  0x0000025f848cb9cc: ;   {metadata(method data for {method} {0x0000025f984617c8} 'append' '(Ljava/lang/String;)Ljava/lang/StringBuilder;' in 'java/lang/StringBuilder')}
  0x0000025f848cb9cc: 0001 49b8 | 98ba 00da | 5f02 0000 | 418b 90cc | 0000 0083 | c202 4189 | 90cc 0000 | 0081 e2fe 
  0x0000025f848cb9ec: ff1f 0085 | d20f 8426 | 3600 0048 | 8b84 24c0 

  0x0000025f848cb9fc: ;   {metadata(method data for {method} {0x0000025f984617c8} 'append' '(Ljava/lang/String;)Ljava/lang/StringBuilder;' in 'java/lang/StringBuilder')}
  0x0000025f848cb9fc: 0000 0049 | b898 ba00 | da5f 0200 | 0049 8380 | 1001 0000 | 014c 8b84 | 24a0 0000 | 0048 8b94 
  0x0000025f848cba1c: 24c0 0000 | 0066 0f1f 

  0x0000025f848cba24: ;   {optimized virtual_call}
  0x0000025f848cba24: 4400 00e8 

  0x0000025f848cba28: ; ImmutableOopMap {[160]=Oop [168]=Oop [184]=Oop [192]=Oop [200]=Oop [208]=Oop }
                      ;*invokespecial append {reexecute=0 rethrow=0 return_oop=0}
                      ; - java.lang.StringBuilder::append@2
                      ; - org.eclipse.osgi.internal.loader.BundleLoader::findClass0@78 (line 476)
  0x0000025f848cba28: 542d 2007 

  0x0000025f848cba2c: ;   {other}
  0x0000025f848cba2c: 0f1f 8400 | 1c12 0008 | 488b 8424 | c000 0000 

  0x0000025f848cba3c: ;   {metadata(method data for {method} {0x0000025fda58c830} 'findClass0' '(Ljava/lang/String;ZZ)Ljava/lang/Class;' in 'org/eclipse/osgi/internal/loader/BundleLoader')}
  0x0000025f848cba3c: 49b8 0040 | 91da 5f02 | 0000 4983 | 8000 0300 

  0x0000025f848cba4c: ;   {metadata(method data for {method} {0x0000025f984617c8} 'append' '(Ljava/lang/String;)Ljava/lang/StringBuilder;' in 'java/lang/StringBuilder')}
  0x0000025f848cba4c: 0001 49b8 | 98ba 00da | 5f02 0000 | 418b 90cc | 0000 0083 | c202 4189 | 90cc 0000 | 0081 e2fe 
  0x0000025f848cba6c: ff1f 0085 | d20f 84c7 | 3500 0048 | 8b84 24c0 

  0x0000025f848cba7c: ;   {metadata(method data for {method} {0x0000025f984617c8} 'append' '(Ljava/lang/String;)Ljava/lang/StringBuilder;' in 'java/lang/StringBuilder')}
  0x0000025f848cba7c: 0000 0049 | b898 ba00 | da5f 0200 | 0049 8380 | 1001 0000 

  0x0000025f848cba90: ;   {oop(")"{0x0000000080002bd8})}
  0x0000025f848cba90: 0149 b8d8 | 2b00 8000 | 0000 0048 | 8b94 24c0 | 0000 000f 

  0x0000025f848cbaa4: ;   {optimized virtual_call}
  0x0000025f848cbaa4: 1f40 00e8 

  0x0000025f848cbaa8: ; ImmutableOopMap {[160]=Oop [168]=Oop [184]=Oop [192]=Oop [200]=Oop [208]=Oop }
                      ;*invokespecial append {reexecute=0 rethrow=0 return_oop=0}
                      ; - java.lang.StringBuilder::append@2
                      ; - org.eclipse.osgi.internal.loader.BundleLoader::findClass0@84 (line 476)
  0x0000025f848cbaa8: d42c 2007 

  0x0000025f848cbaac: ;   {other}
  0x0000025f848cbaac: 0f1f 8400 | 9c12 0009 | 488b 8424 | c000 0000 

  0x0000025f848cbabc: ;   {metadata(method data for {method} {0x0000025fda58c830} 'findClass0' '(Ljava/lang/String;ZZ)Ljava/lang/Class;' in 'org/eclipse/osgi/internal/loader/BundleLoader')}
  0x0000025f848cbabc: 48ba 0040 | 91da 5f02 | 0000 4883 | 8238 0300 

  0x0000025f848cbacc: ;   {metadata(method data for {method} {0x0000025f98008958} 'toString' '()Ljava/lang/String;' in 'java/lang/StringBuilder')}
  0x0000025f848cbacc: 0001 48ba | f0c1 00da | 5f02 0000 | 8bb2 cc00 | 0000 83c6 | 0289 b2cc | 0000 0081 | e6fe ff1f 
  0x0000025f848cbaec: 0085 f60f | 846a 3500 

  0x0000025f848cbaf4: ;   {metadata('java/lang/String')}
  0x0000025f848cbaf4: 0048 ba78 | e800 985f | 0200 0049 | 8b87 b801 | 0000 488d | 7818 493b | bfc8 0100 | 000f 8769 
  0x0000025f848cbb14: 3500 0049 | 89bf b801 | 0000 48c7 | 0001 0000 | 0048 8bca | 49ba 0000 | 0098 5f02 | 0000 492b 
  0x0000025f848cbb34: ca89 4808 | 4833 c989 | 480c 4833 | c948 8948 | 104c 8bc0 

  0x0000025f848cbb48: ;   {metadata(method data for {method} {0x0000025f98008958} 'toString' '()Ljava/lang/String;' in 'java/lang/StringBuilder')}
  0x0000025f848cbb48: 49b9 f0c1 | 00da 5f02 | 0000 4983 | 8110 0100 

  0x0000025f848cbb58: ;   {metadata(method data for {method} {0x0000025f98455ab8} '<init>' '(Ljava/lang/StringBuilder;)V' in 'java/lang/String')}
  0x0000025f848cbb58: 0001 49b8 | 38c3 00da | 5f02 0000 | 458b 88cc | 0000 0041 | 83c1 0245 | 8988 cc00 | 0000 4181 
  0x0000025f848cbb78: e1fe ff1f | 0045 85c9 | 0f84 0735 | 0000 4c8b 

  0x0000025f848cbb88: ;   {metadata(method data for {method} {0x0000025f98455ab8} '<init>' '(Ljava/lang/StringBuilder;)V' in 'java/lang/String')}
  0x0000025f848cbb88: c049 b938 | c300 da5f | 0200 0049 | 8381 1001 | 0000 014c | 8b84 24c0 

  0x0000025f848cbba0: ;   {oop(nullptr)}
  0x0000025f848cbba0: 0000 0049 | b900 0000 | 0000 0000 | 0048 8bd0 | 4889 8424 | d800 0000 | 0f1f 8000 

  0x0000025f848cbbbc: ;   {optimized virtual_call}
  0x0000025f848cbbbc: 0000 00e8 

  0x0000025f848cbbc0: ; ImmutableOopMap {[160]=Oop [168]=Oop [184]=Oop [200]=Oop [208]=Oop [216]=Oop }
                      ;*invokespecial <init> {reexecute=0 rethrow=0 return_oop=0}
                      ; - java.lang.String::<init>@3
                      ; - java.lang.StringBuilder::toString@5
                      ; - org.eclipse.osgi.internal.loader.BundleLoader::findClass0@87 (line 476)
  0x0000025f848cbbc0: bc2b 2007 

  0x0000025f848cbbc4: ;   {other}
  0x0000025f848cbbc4: 0f1f 8400 | b413 000a | 4c8b 8c24 | c800 0000 

  0x0000025f848cbbd4: ; implicit exception: dispatches to 0x0000025f848cf0ae
  0x0000025f848cbbd4: 493b 014d 

  0x0000025f848cbbd8: ;   {metadata(method data for {method} {0x0000025fda58c830} 'findClass0' '(Ljava/lang/String;ZZ)Ljava/lang/Class;' in 'org/eclipse/osgi/internal/loader/BundleLoader')}
  0x0000025f848cbbd8: 8bc1 48ba | 0040 91da | 5f02 0000 

  0x0000025f848cbbe4: ;   {metadata('org/eclipse/osgi/internal/debug/Debug')}
  0x0000025f848cbbe4: 49ba 8007 | 0999 5f02 | 0000 4c89 | 9280 0300 | 0048 8382 | 8803 0000 

  0x0000025f848cbbfc: ;   {metadata(method data for {method} {0x0000025fda4e53d0} 'trace' '(Ljava/lang/String;Ljava/lang/String;)V' in 'org/eclipse/osgi/internal/debug/Debug')}
  0x0000025f848cbbfc: 0149 b810 | 6577 da5f | 0200 0041 | 8b90 cc00 | 0000 83c2 | 0241 8990 | cc00 0000 | 81e2 feff 
  0x0000025f848cbc1c: 1f00 85d2 | 0f84 8d34 | 0000 418b | 5124 4885 

  0x0000025f848cbc2c: ;   {metadata(method data for {method} {0x0000025fda4e53d0} 'trace' '(Ljava/lang/String;Ljava/lang/String;)V' in 'org/eclipse/osgi/internal/debug/Debug')}
  0x0000025f848cbc2c: d249 b810 | 6577 da5f | 0200 0049 | c7c1 1001 | 0000 7407 | 49c7 c120 | 0100 004b | 8b34 0848 
  0x0000025f848cbc4c: 8d76 014b | 8934 080f | 84f9 0200 | 0048 85d2 | 0f84 2900 

  0x0000025f848cbc60: ;   {metadata('org/eclipse/osgi/internal/log/ExtendedLogServiceImpl')}
  0x0000025f848cbc60: 0000 48bf | 4054 0999 | 5f02 0000 | 8b72 0849 | ba00 0000 | 985f 0200 | 0049 03f2 | 483b 7e38 
  0x0000025f848cbc80: 0f85 4e34 | 0000 e900 | 0000 004c | 8bc2 483b | 024c 8bc2 

  0x0000025f848cbc94: ;   {metadata(method data for {method} {0x0000025fda4e53d0} 'trace' '(Ljava/lang/String;Ljava/lang/String;)V' in 'org/eclipse/osgi/internal/debug/Debug')}
  0x0000025f848cbc94: 49b9 1065 | 77da 5f02 

  0x0000025f848cbc9c: ;   {metadata('org/eclipse/osgi/internal/log/ExtendedLogServiceImpl')}
  0x0000025f848cbc9c: 0000 49ba | 4054 0999 | 5f02 0000 | 4d89 9140 | 0100 0049 | 8381 4801 

  0x0000025f848cbcb4: ;   {metadata(method data for {method} {0x0000025fda50ca80} 'getLogger' '(Ljava/lang/String;)Lorg/osgi/service/log/Logger;' in 'org/eclipse/osgi/internal/log/ExtendedLogServiceImpl')}
  0x0000025f848cbcb4: 0000 0149 | b850 6777 | da5f 0200 | 0045 8b88 | cc00 0000 | 4183 c102 | 4589 88cc | 0000 0041 
  0x0000025f848cbcd4: 81e1 feff | 1f00 4585 | c90f 84fb | 3300 004c 

  0x0000025f848cbce4: ;   {metadata(method data for {method} {0x0000025fda50ca80} 'getLogger' '(Ljava/lang/String;)Lorg/osgi/service/log/Logger;' in 'org/eclipse/osgi/internal/log/ExtendedLogServiceImpl')}
  0x0000025f848cbce4: 8bc2 49b9 | 5067 77da | 5f02 0000 

  0x0000025f848cbcf0: ;   {metadata('org/eclipse/osgi/internal/log/ExtendedLogServiceImpl')}
  0x0000025f848cbcf0: 49ba 4054 | 0999 5f02 | 0000 4d89 | 9120 0100 | 0049 8381 | 2801 0000 

  0x0000025f848cbd08: ;   {metadata(method data for {method} {0x0000025fda50a308} 'getLogger' '(Ljava/lang/String;)Lorg/eclipse/equinox/log/Logger;' in 'org/eclipse/osgi/internal/log/ExtendedLogServiceImpl')}
  0x0000025f848cbd08: 0149 b8e0 | 6877 da5f | 0200 0045 | 8b88 cc00 | 0000 4183 | c102 4589 | 88cc 0000 | 0041 81e1 
  0x0000025f848cbd28: feff 1f00 | 4585 c90f | 84ca 3300 | 004c 8bc2 

  0x0000025f848cbd38: ;   {metadata(method data for {method} {0x0000025fda50a308} 'getLogger' '(Ljava/lang/String;)Lorg/eclipse/equinox/log/Logger;' in 'org/eclipse/osgi/internal/log/ExtendedLogServiceImpl')}
  0x0000025f848cbd38: 49b9 e068 | 77da 5f02 

  0x0000025f848cbd40: ;   {metadata('org/eclipse/osgi/internal/log/ExtendedLogServiceImpl')}
  0x0000025f848cbd40: 0000 49ba | 4054 0999 | 5f02 0000 | 4d89 9120 | 0100 0049 | 8381 2801 | 0000 014c | 8b84 24d0 
  0x0000025f848cbd60: ;   {oop(a 'java/lang/Class'{0x00000000d728fe10} = 'org/osgi/service/log/Logger')}
  0x0000025f848cbd60: 0000 0049 | b910 fe28 | d700 0000 

  0x0000025f848cbd6c: ;   {optimized virtual_call}
  0x0000025f848cbd6c: 0066 90e8 

  0x0000025f848cbd70: ; ImmutableOopMap {[160]=Oop [168]=Oop [184]=Oop [208]=Oop [216]=Oop }
                      ;*invokevirtual getLogger {reexecute=0 rethrow=0 return_oop=0}
                      ; - org.eclipse.osgi.internal.log.ExtendedLogServiceImpl::getLogger@4 (line 73)
                      ; - org.eclipse.osgi.internal.log.ExtendedLogServiceImpl::getLogger@2 (line 1)
                      ; - org.eclipse.osgi.internal.debug.Debug::trace@11 (line 265)
                      ; - org.eclipse.osgi.internal.loader.BundleLoader::findClass0@90 (line 476)
  0x0000025f848cbd70: 0c2a 2007 

  0x0000025f848cbd74: ;   {other}
  0x0000025f848cbd74: 0f1f 8400 | 6415 000b | 4885 c075 

  0x0000025f848cbd80: ;   {metadata(method data for {method} {0x0000025fda50a308} 'getLogger' '(Ljava/lang/String;)Lorg/eclipse/equinox/log/Logger;' in 'org/eclipse/osgi/internal/log/ExtendedLogServiceImpl')}
  0x0000025f848cbd80: 1648 bee0 | 6877 da5f | 0200 0080 | 8e41 0100 | 0001 e9e7 

  0x0000025f848cbd94: ;   {metadata('org/eclipse/equinox/log/Logger')}
  0x0000025f848cbd94: 0000 0048 | bff8 2709 | 995f 0200 | 008b 7008 | 49ba 0000 | 0098 5f02 | 0000 4903 | f248 3b7e 
  0x0000025f848cbdb4: 200f 841a | 0000 0048 | 3bf7 0f84 | 1100 0000 

  0x0000025f848cbdc4: ;   {runtime_call slow_subtype_check Runtime1 stub}
  0x0000025f848cbdc4: 5657 e835 | 6d2b 075e | 5e85 f60f | 848d 0000 

  0x0000025f848cbdd4: ;   {metadata(method data for {method} {0x0000025fda50a308} 'getLogger' '(Ljava/lang/String;)Lorg/eclipse/equinox/log/Logger;' in 'org/eclipse/osgi/internal/log/ExtendedLogServiceImpl')}
  0x0000025f848cbdd4: 0048 bee0 | 6877 da5f | 0200 008b | 7808 49ba | 0000 0098 | 5f02 0000 | 4903 fa48 | 3bbe 5801 
  0x0000025f848cbdf4: 0000 750d | 4883 8660 | 0100 0001 | e979 0000 | 0048 3bbe | 6801 0000 | 750d 4883 | 8670 0100 
  0x0000025f848cbe14: 0001 e963 | 0000 0048 | 83be 5801 | 0000 0075 | 1748 89be | 5801 0000 | 48c7 8660 | 0100 0001 
  0x0000025f848cbe34: 0000 00e9 | 4200 0000 | 4883 be68 | 0100 0000 | 7517 4889 | be68 0100 | 0048 c786 | 7001 0000 
  0x0000025f848cbe54: 0100 0000 | e921 0000 | 00e9 1c00 

  0x0000025f848cbe60: ;   {metadata(method data for {method} {0x0000025fda50a308} 'getLogger' '(Ljava/lang/String;)Lorg/eclipse/equinox/log/Logger;' in 'org/eclipse/osgi/internal/log/ExtendedLogServiceImpl')}
  0x0000025f848cbe60: 0000 48be | e068 77da | 5f02 0000 | 4883 ae48 | 0100 0001 | e9a7 3200 | 00e9 0000 | 0000 488b 
  0x0000025f848cbe80: d048 3b02 

  0x0000025f848cbe84: ;   {metadata(method data for {method} {0x0000025fda4e53d0} 'trace' '(Ljava/lang/String;Ljava/lang/String;)V' in 'org/eclipse/osgi/internal/debug/Debug')}
  0x0000025f848cbe84: 4c8b c248 | be10 6577 | da5f 0200 | 0045 8b40 | 0849 ba00 | 0000 985f | 0200 004d | 03c2 4c3b 
  0x0000025f848cbea4: 8678 0100 | 0075 0d48 | 8386 8001 | 0000 01e9 | 6000 0000 | 4c3b 8688 | 0100 0075 | 0d48 8386 
  0x0000025f848cbec4: 9001 0000 | 01e9 4a00 | 0000 4883 | be78 0100 | 0000 7517 | 4c89 8678 | 0100 0048 | c786 8001 
  0x0000025f848cbee4: 0000 0100 | 0000 e929 | 0000 0048 | 83be 8801 | 0000 0075 | 174c 8986 | 8801 0000 | 48c7 8690 
  0x0000025f848cbf04: 0100 0001 | 0000 00e9 | 0800 0000 | 4883 8668 | 0100 0001 | 4c8b 8424 | d800 0000 | 0f1f 4400 
  0x0000025f848cbf24: 0048 b8ff | ffff ffff 

  0x0000025f848cbf2c: ;   {virtual_call}
  0x0000025f848cbf2c: ffff ffe8 

  0x0000025f848cbf30: ; ImmutableOopMap {[160]=Oop [168]=Oop [184]=Oop [208]=Oop }
                      ;*invokeinterface debug {reexecute=0 rethrow=0 return_oop=0}
                      ; - org.eclipse.osgi.internal.debug.Debug::trace@17 (line 265)
                      ; - org.eclipse.osgi.internal.loader.BundleLoader::findClass0@90 (line 476)
  0x0000025f848cbf30: 4c2b 2007 

  0x0000025f848cbf34: ;   {other}
  0x0000025f848cbf34: 0f1f 8400 | 2417 000c 

  0x0000025f848cbf3c: ;   {metadata(method data for {method} {0x0000025fda4e53d0} 'trace' '(Ljava/lang/String;Ljava/lang/String;)V' in 'org/eclipse/osgi/internal/debug/Debug')}
  0x0000025f848cbf3c: 49b8 1065 | 77da 5f02 | 0000 41ff | 80a0 0100 | 00e9 5200 | 0000 488b | 8424 d800 

  0x0000025f848cbf58: ;   {oop(a 'java/lang/Class'{0x00000000d728f4e0} = 'org/eclipse/osgi/internal/debug/Debug')}
  0x0000025f848cbf58: 0000 49b8 | e0f4 28d7 | 0000 0000 | 418b 90d0 | 0000 0048 | 3b02 4c8b 

  0x0000025f848cbf70: ;   {metadata(method data for {method} {0x0000025fda4e53d0} 'trace' '(Ljava/lang/String;Ljava/lang/String;)V' in 'org/eclipse/osgi/internal/debug/Debug')}
  0x0000025f848cbf70: c248 be10 | 6577 da5f 

  0x0000025f848cbf78: ;   {metadata('java/io/PrintStream')}
  0x0000025f848cbf78: 0200 0049 | bac8 a300 | 985f 0200 | 004c 8996 | c801 0000 | 4883 86d0 | 0100 0001 

  0x0000025f848cbf94: ;   {optimized virtual_call}
  0x0000025f848cbf94: 4c8b c0e8 

  0x0000025f848cbf98: ; ImmutableOopMap {[160]=Oop [168]=Oop [184]=Oop [208]=Oop }
                      ;*invokevirtual println {reexecute=0 rethrow=0 return_oop=0}
                      ; - org.eclipse.osgi.internal.debug.Debug::trace@29 (line 267)
                      ; - org.eclipse.osgi.internal.loader.BundleLoader::findClass0@90 (line 476)
  0x0000025f848cbf98: e427 2007 

  0x0000025f848cbf9c: ;   {other}
  0x0000025f848cbf9c: 0f1f 8400 | 8c17 000d | 448b 8c24 | b000 0000 

  0x0000025f848cbfac: ;   {metadata(method data for {method} {0x0000025fda58c830} 'findClass0' '(Ljava/lang/String;ZZ)Ljava/lang/Class;' in 'org/eclipse/osgi/internal/loader/BundleLoader')}
  0x0000025f848cbfac: 4585 c949 | b800 4091 | da5f 0200 | 0048 c7c2 | b803 0000 | 7507 48c7 | c2a8 0300 | 0049 8b34 
  0x0000025f848cbfcc: 1048 8d76 | 0149 8934 | 100f 850a | 0000 00be | 0000 0000 | e97d 0200 | 0048 8b94 | 24a8 0000 
  0x0000025f848cbfec: 0044 8b42 | 484d 85c0 

  0x0000025f848cbff4: ;   {metadata(method data for {method} {0x0000025fda58c830} 'findClass0' '(Ljava/lang/String;ZZ)Ljava/lang/Class;' in 'org/eclipse/osgi/internal/loader/BundleLoader')}
  0x0000025f848cbff4: 49b8 0040 | 91da 5f02 | 0000 48c7 | c6d8 0300 | 0075 0748 | c7c6 c803 | 0000 498b | 3c30 488d 
  0x0000025f848cc014: 7f01 4989 | 3c30 0f85 | 0a00 0000 | be00 0000 | 00e9 3802 | 0000 8b72 | 1448 3b06 

  0x0000025f848cc030: ;   {metadata(method data for {method} {0x0000025fda58c830} 'findClass0' '(Ljava/lang/String;ZZ)Ljava/lang/Class;' in 'org/eclipse/osgi/internal/loader/BundleLoader')}
  0x0000025f848cc030: 4c8b c648 | bf00 4091 | da5f 0200 | 0048 8387 | 0004 0000 | 014c 8b84 | 24b8 0000 | 0048 8bd6 
  0x0000025f848cc050: 0f1f 8000 

  0x0000025f848cc054: ;   {optimized virtual_call}
  0x0000025f848cc054: 0000 00e8 

  0x0000025f848cc058: ; ImmutableOopMap {[160]=Oop [168]=Oop [184]=Oop [208]=Oop }
                      ;*invokevirtual isBootDelegationPackage {reexecute=0 rethrow=0 return_oop=0}
                      ; - org.eclipse.osgi.internal.loader.BundleLoader::findClass0@113 (line 480)
  0x0000025f848cc058: 9938 0000 

  0x0000025f848cc05c: ;   {other}
  0x0000025f848cc05c: 0f1f 8400 | 4c18 000e 

  0x0000025f848cc064: ;   {metadata(method data for {method} {0x0000025fda58c830} 'findClass0' '(Ljava/lang/String;ZZ)Ljava/lang/Class;' in 'org/eclipse/osgi/internal/loader/BundleLoader')}
  0x0000025f848cc064: 85c0 49b8 | 0040 91da | 5f02 0000 | 49c7 c130 | 0400 0075 | 0749 c7c1 | 2004 0000 | 4b8b 1408 
  0x0000025f848cc084: 488d 5201 | 4b89 1408 | 0f85 0a00 | 0000 be00 | 0000 00e9 | c601 0000 | 488b 9424 | a800 0000 
  0x0000025f848cc0a4: 8b72 4848 | 3b06 4c8b 

  0x0000025f848cc0ac: ;   {metadata(method data for {method} {0x0000025fda58c830} 'findClass0' '(Ljava/lang/String;ZZ)Ljava/lang/Class;' in 'org/eclipse/osgi/internal/loader/BundleLoader')}
  0x0000025f848cc0ac: c649 b900 | 4091 da5f | 0200 0045 | 8b40 0849 | ba00 0000 | 985f 0200 | 004d 03c2 | 4d3b 8150 
  0x0000025f848cc0cc: 0400 0075 | 0d49 8381 | 5804 0000 | 01e9 6000 | 0000 4d3b | 8160 0400 | 0075 0d49 | 8381 6804 
  0x0000025f848cc0ec: 0000 01e9 | 4a00 0000 | 4983 b950 | 0400 0000 | 7517 4d89 | 8150 0400 | 0049 c781 | 5804 0000 
  0x0000025f848cc10c: 0100 0000 | e929 0000 | 0049 83b9 | 6004 0000 | 0075 174d | 8981 6004 | 0000 49c7 | 8168 0400 
  0x0000025f848cc12c: 0001 0000 | 00e9 0800 | 0000 4983 | 8140 0400 

  0x0000025f848cc13c: ;   {metadata(method data for {method} {0x0000025f980143f0} 'loadClass' '(Ljava/lang/String;)Ljava/lang/Class;' in 'java/lang/ClassLoader')}
  0x0000025f848cc13c: 0001 49b8 | 30a6 2bda | 5f02 0000 | 458b 88cc | 0000 0041 | 83c1 0245 | 8988 cc00 | 0000 4181 
  0x0000025f848cc15c: e1fe ff1f | 0045 85c9 | 0f84 d32f | 0000 4c8b 

  0x0000025f848cc16c: ;   {metadata(method data for {method} {0x0000025f980143f0} 'loadClass' '(Ljava/lang/String;)Ljava/lang/Class;' in 'java/lang/ClassLoader')}
  0x0000025f848cc16c: c649 b930 | a62b da5f | 0200 0045 | 8b40 0849 | ba00 0000 | 985f 0200 | 004d 03c2 | 4d3b 8120 
  0x0000025f848cc18c: 0100 0075 | 0d49 8381 | 2801 0000 | 01e9 6000 | 0000 4d3b | 8130 0100 | 0075 0d49 | 8381 3801 
  0x0000025f848cc1ac: 0000 01e9 | 4a00 0000 | 4983 b920 | 0100 0000 | 7517 4d89 | 8120 0100 | 0049 c781 | 2801 0000 
  0x0000025f848cc1cc: 0100 0000 | e929 0000 | 0049 83b9 | 3001 0000 | 0075 174d | 8981 3001 | 0000 49c7 | 8138 0100 
  0x0000025f848cc1ec: 0001 0000 | 00e9 0800 | 0000 4983 | 8110 0100 | 0001 4c8b | 8424 a000 | 0000 41b9 | 0000 0000 
  0x0000025f848cc20c: 488b d666 | 0f1f 4400 | 0048 b8ff | ffff ffff 

  0x0000025f848cc21c: ;   {virtual_call}
  0x0000025f848cc21c: ffff ffe8 

  0x0000025f848cc220: ; ImmutableOopMap {[160]=Oop [168]=Oop [184]=Oop [208]=Oop }
                      ;*invokevirtual loadClass {reexecute=0 rethrow=0 return_oop=0}
                      ; - java.lang.ClassLoader::loadClass@3
                      ; - org.eclipse.osgi.internal.loader.BundleLoader::findClass0@124 (line 484)
  0x0000025f848cc220: 5c28 2007 

  0x0000025f848cc224: ;   {other}
  0x0000025f848cc224: 0f1f 8400 | 141a 000f | 4881 c470 | 0100 005d 

  0x0000025f848cc234: ;   {poll_return}
  0x0000025f848cc234: 493b a750 | 0400 000f | 871d 2f00 | 00c3 498b | 8700 0500 | 004d 33d2 | 4d89 9700 | 0500 004d 
  0x0000025f848cc254: 33d2 4d89 | 9708 0500 | 00be 0100 | 0000 89b4 | 24e0 0000 | 0048 8b94 | 24a8 0000 

  0x0000025f848cc270: ;   {metadata(method data for {method} {0x0000025fda58c830} 'findClass0' '(Ljava/lang/String;ZZ)Ljava/lang/Class;' in 'org/eclipse/osgi/internal/loader/BundleLoader')}
  0x0000025f848cc270: 0049 b800 | 4091 da5f | 0200 0049 | 8380 7804 | 0000 014c | 8b84 24a0 | 0000 0041 | b901 0000 
  0x0000025f848cc290: 0048 8b94 | 24a8 0000 | 0066 0f1f 

  0x0000025f848cc29c: ;   {optimized virtual_call}
  0x0000025f848cc29c: 4400 00e8 

  0x0000025f848cc2a0: ; ImmutableOopMap {[160]=Oop [168]=Oop [184]=Oop [208]=Oop }
                      ;*invokespecial searchHooks {reexecute=0 rethrow=0 return_oop=0}
                      ; - org.eclipse.osgi.internal.loader.BundleLoader::findClass0@139 (line 492)
  0x0000025f848cc2a0: a538 0000 

  0x0000025f848cc2a4: ;   {other}
  0x0000025f848cc2a4: 0f1f 8400 | 941a 0010 | 4885 c075 

  0x0000025f848cc2b0: ;   {metadata(method data for {method} {0x0000025fda58c830} 'findClass0' '(Ljava/lang/String;ZZ)Ljava/lang/Class;' in 'org/eclipse/osgi/internal/loader/BundleLoader')}
  0x0000025f848cc2b0: 1648 ba00 | 4091 da5f | 0200 0080 | 8a81 0400 | 0001 e9cd 

  0x0000025f848cc2c4: ;   {metadata('java/lang/Class')}
  0x0000025f848cc2c4: 0000 0048 | be50 6b00 | 985f 0200 | 0044 8b40 | 0849 ba00 | 0000 985f | 0200 004d | 03c2 493b 
  0x0000025f848cc2e4: f00f 858d 

  0x0000025f848cc2e8: ;   {metadata(method data for {method} {0x0000025fda58c830} 'findClass0' '(Ljava/lang/String;ZZ)Ljava/lang/Class;' in 'org/eclipse/osgi/internal/loader/BundleLoader')}
  0x0000025f848cc2e8: 0000 0048 | ba00 4091 | da5f 0200 | 008b 7008 | 49ba 0000 | 0098 5f02 | 0000 4903 | f248 3bb2 
  0x0000025f848cc308: 9804 0000 | 750d 4883 | 82a0 0400 | 0001 e979 | 0000 0048 | 3bb2 a804 | 0000 750d | 4883 82b0 
  0x0000025f848cc328: 0400 0001 | e963 0000 | 0048 83ba | 9804 0000 | 0075 1748 | 89b2 9804 | 0000 48c7 | 82a0 0400 
  0x0000025f848cc348: 0001 0000 | 00e9 4200 | 0000 4883 | baa8 0400 | 0000 7517 | 4889 b2a8 | 0400 0048 | c782 b004 
  0x0000025f848cc368: 0000 0100 | 0000 e921 | 0000 00e9 | 1c00 0000 

  0x0000025f848cc378: ;   {metadata(method data for {method} {0x0000025fda58c830} 'findClass0' '(Ljava/lang/String;ZZ)Ljava/lang/Class;' in 'org/eclipse/osgi/internal/loader/BundleLoader')}
  0x0000025f848cc378: 48ba 0040 | 91da 5f02 | 0000 4883 | aa88 0400 | 0001 e9e5 | 2d00 00e9 | 0000 0000 

  0x0000025f848cc394: ;   {metadata(method data for {method} {0x0000025fda58c830} 'findClass0' '(Ljava/lang/String;ZZ)Ljava/lang/Class;' in 'org/eclipse/osgi/internal/loader/BundleLoader')}
  0x0000025f848cc394: 49b8 0040 | 91da 5f02 | 0000 41ff | 80c0 0400 | 00e9 2500 | 0000 498b | 8700 0500 | 004d 33d2 
  0x0000025f848cc3b4: 4d89 9700 | 0500 004d | 33d2 4d89 | 9708 0500 

  0x0000025f848cc3c4: ;   {oop(nullptr)}
  0x0000025f848cc3c4: 0048 b800 | 0000 0000 | 0000 0048 

  0x0000025f848cc3d0: ;   {metadata(method data for {method} {0x0000025fda58c830} 'findClass0' '(Ljava/lang/String;ZZ)Ljava/lang/Class;' in 'org/eclipse/osgi/internal/loader/BundleLoader')}
  0x0000025f848cc3d0: 85c0 49b8 | 0040 91da | 5f02 0000 | 48c7 c2e8 | 0400 0075 | 0748 c7c2 | d804 0000 | 498b 3410 
  0x0000025f848cc3f0: 488d 7601 | 4989 3410 | 0f85 6c27 | 0000 4889 | 8424 e800 | 0000 488b | 9424 a800 

  0x0000025f848cc40c: ;   {metadata(method data for {method} {0x0000025fda58c830} 'findClass0' '(Ljava/lang/String;ZZ)Ljava/lang/Class;' in 'org/eclipse/osgi/internal/loader/BundleLoader')}
  0x0000025f848cc40c: 0000 49b8 | 0040 91da | 5f02 0000 | 4983 80f8 | 0400 0001 

  0x0000025f848cc420: ;   {metadata(method data for {method} {0x0000025fda58f5d0} 'findImportedSource' '(Ljava/lang/String;Ljava/util/Collection;)Lorg/eclipse/osgi/internal/loader/sources/PackageSource;' in 'org/eclipse/osgi/internal/loader/BundleLoader')}
  0x0000025f848cc420: 49b8 5807 | 97da 5f02 | 0000 418b | 90cc 0000 | 0083 c202 | 4189 90cc | 0000 0081 | e2fe ff1f 
  0x0000025f848cc440: 0085 d20f | 8434 2d00 | 0048 8b94 | 24a8 0000 

  0x0000025f848cc450: ;   {metadata(method data for {method} {0x0000025fda58f5d0} 'findImportedSource' '(Ljava/lang/String;Ljava/util/Collection;)Lorg/eclipse/osgi/internal/loader/sources/PackageSource;' in 'org/eclipse/osgi/internal/loader/BundleLoader')}
  0x0000025f848cc450: 0049 b858 | 0797 da5f | 0200 0049 | 8380 1001 

  0x0000025f848cc460: ;   {oop(nullptr)}
  0x0000025f848cc460: 0000 0149 | b800 0000 | 0000 0000 | 0048 8b94 | 24a8 0000 

  0x0000025f848cc474: ;   {optimized virtual_call}
  0x0000025f848cc474: 0066 90e8 

  0x0000025f848cc478: ; ImmutableOopMap {[160]=Oop [168]=Oop [184]=Oop [208]=Oop [232]=Oop }
                      ;*invokespecial getImportedSources {reexecute=0 rethrow=0 return_oop=0}
                      ; - org.eclipse.osgi.internal.loader.BundleLoader::findImportedSource@2 (line 1251)
                      ; - org.eclipse.osgi.internal.loader.BundleLoader::findClass0@164 (line 499)
  0x0000025f848cc478: dc36 0000 

  0x0000025f848cc47c: ;   {other}
  0x0000025f848cc47c: 0f1f 8400 | 6c1c 0011 | 4c8d 8424 | 5001 0000 | 488b f049 | 8970 0848 | 8b06 4883 | c801 4989 
  0x0000025f848cc49c: 00f0 4c0f | b106 0f84 | 1200 0000 | 482b c448 | 2507 f0ff | ff49 8900 | 0f85 e92c | 0000 49ff 
  0x0000025f848cc4bc: 8750 0500 | 0048 8bc6 

  0x0000025f848cc4c4: ;   {metadata(method data for {method} {0x0000025fda58f5d0} 'findImportedSource' '(Ljava/lang/String;Ljava/util/Collection;)Lorg/eclipse/osgi/internal/loader/sources/PackageSource;' in 'org/eclipse/osgi/internal/loader/BundleLoader')}
  0x0000025f848cc4c4: 49b8 5807 | 97da 5f02 | 0000 8b40 | 0849 ba00 | 0000 985f | 0200 0049 | 03c2 493b | 8030 0100 
  0x0000025f848cc4e4: 0075 0d49 | 8380 3801 | 0000 01e9 | 6000 0000 | 493b 8040 | 0100 0075 | 0d49 8380 | 4801 0000 
  0x0000025f848cc504: 01e9 4a00 | 0000 4983 | b830 0100 | 0000 7517 | 4989 8030 | 0100 0049 | c780 3801 | 0000 0100 
  0x0000025f848cc524: 0000 e929 | 0000 0049 | 83b8 4001 | 0000 0075 | 1749 8980 | 4001 0000 | 49c7 8048 | 0100 0001 
  0x0000025f848cc544: 0000 00e9 | 0800 0000 | 4983 8020 | 0100 0001 | 4c8b 8424 | b800 0000 | 488b d648 | 89b4 24f0 
  0x0000025f848cc564: 0000 0066 | 0f1f 4400 | 0048 b868 | a908 985f 

  0x0000025f848cc574: ;   {virtual_call}
  0x0000025f848cc574: 0200 00e8 

  0x0000025f848cc578: ; ImmutableOopMap {[160]=Oop [168]=Oop [184]=Oop [208]=Oop [232]=Oop [240]=Oop [344]=Oop }
                      ;*invokeinterface get {reexecute=0 rethrow=0 return_oop=0}
                      ; - org.eclipse.osgi.internal.loader.BundleLoader::findImportedSource@13 (line 1253)
                      ; - org.eclipse.osgi.internal.loader.BundleLoader::findClass0@164 (line 499)
  0x0000025f848cc578: 648a 7f07 

  0x0000025f848cc57c: ;   {other}
  0x0000025f848cc57c: 0f1f 8400 | 6c1d 0012 | 4885 c075 

  0x0000025f848cc588: ;   {metadata(method data for {method} {0x0000025fda58f5d0} 'findImportedSource' '(Ljava/lang/String;Ljava/util/Collection;)Lorg/eclipse/osgi/internal/loader/sources/PackageSource;' in 'org/eclipse/osgi/internal/loader/BundleLoader')}
  0x0000025f848cc588: 1648 ba58 | 0797 da5f | 0200 0080 | 8a51 0100 | 0001 e9cd 

  0x0000025f848cc59c: ;   {metadata('org/eclipse/osgi/internal/loader/sources/PackageSource')}
  0x0000025f848cc59c: 0000 0048 | bee0 8d0b | 995f 0200 | 008b 5008 | 49ba 0000 | 0098 5f02 | 0000 4903 | d248 3b72 
  0x0000025f848cc5bc: 380f 858d 

  0x0000025f848cc5c0: ;   {metadata(method data for {method} {0x0000025fda58f5d0} 'findImportedSource' '(Ljava/lang/String;Ljava/util/Collection;)Lorg/eclipse/osgi/internal/loader/sources/PackageSource;' in 'org/eclipse/osgi/internal/loader/BundleLoader')}
  0x0000025f848cc5c0: 0000 0048 | ba58 0797 | da5f 0200 | 008b 7008 | 49ba 0000 | 0098 5f02 | 0000 4903 | f248 3bb2 
  0x0000025f848cc5e0: 6801 0000 | 750d 4883 | 8270 0100 | 0001 e979 | 0000 0048 | 3bb2 7801 | 0000 750d | 4883 8280 
  0x0000025f848cc600: 0100 0001 | e963 0000 | 0048 83ba | 6801 0000 | 0075 1748 | 89b2 6801 | 0000 48c7 | 8270 0100 
  0x0000025f848cc620: 0001 0000 | 00e9 4200 | 0000 4883 | ba78 0100 | 0000 7517 | 4889 b278 | 0100 0048 | c782 8001 
  0x0000025f848cc640: 0000 0100 | 0000 e921 | 0000 00e9 | 1c00 0000 

  0x0000025f848cc650: ;   {metadata(method data for {method} {0x0000025fda58f5d0} 'findImportedSource' '(Ljava/lang/String;Ljava/util/Collection;)Lorg/eclipse/osgi/internal/loader/sources/PackageSource;' in 'org/eclipse/osgi/internal/loader/BundleLoader')}
  0x0000025f848cc650: 48ba 5807 | 97da 5f02 | 0000 4883 | aa58 0100 | 0001 e94f | 2b00 00e9 | 0000 0000 | 488b d848 
  0x0000025f848cc670: 899c 2400 | 0100 0048 | 8d84 2450 | 0100 0048 | 8b10 4885 | d20f 840f | 0000 0048 | 8b70 08f0 
  0x0000025f848cc690: 480f b116 | 0f85 252b | 0000 49ff | 8f50 0500 | 0048 85db 

  0x0000025f848cc6a4: ;   {metadata(method data for {method} {0x0000025fda58c830} 'findClass0' '(Ljava/lang/String;ZZ)Ljava/lang/Class;' in 'org/eclipse/osgi/internal/loader/BundleLoader')}
  0x0000025f848cc6a4: 48ba 0040 | 91da 5f02 | 0000 48c7 | c608 0500 | 0074 0748 | c7c6 1805 | 0000 488b | 3c32 488d 
  0x0000025f848cc6c4: 7f01 4889 | 3c32 0f84 | 390f 0000 | 4c8b 8c24 | d000 0000 

  0x0000025f848cc6d8: ;   {metadata(method data for {method} {0x0000025fda58c830} 'findClass0' '(Ljava/lang/String;ZZ)Ljava/lang/Class;' in 'org/eclipse/osgi/internal/loader/BundleLoader')}
  0x0000025f848cc6d8: 4d85 c948 | ba00 4091 | da5f 0200 | 0048 c7c6 | 2805 0000 | 7407 48c7 | c638 0500 | 0048 8b3c 
  0x0000025f848cc6f8: 3248 8d7f | 0148 893c | 324c 898c | 24d0 0000 | 000f 84fd | 0900 0048 | 8b94 24a8 | 0000 0044 
  0x0000025f848cc718: 8b5a 184c | 899c 2408 | 0100 000f | 1f44 0000 

  0x0000025f848cc728: ;   {no_reloc}
  0x0000025f848cc728: e9b7 2a00 | 0000 0000 | 0000 498b | 87b8 0100 | 0048 8d78 | 1849 3bbf | c801 0000 | 0f87 a42a 
  0x0000025f848cc748: 0000 4989 | bfb8 0100 | 0048 c700 | 0100 0000 | 488b ca49 | ba00 0000 | 985f 0200 | 0049 2bca 
  0x0000025f848cc768: 8948 0848 | 33c9 8948 | 0c48 33c9 | 4889 4810 

  0x0000025f848cc778: ;   {metadata(method data for {method} {0x0000025fda58c830} 'findClass0' '(Ljava/lang/String;ZZ)Ljava/lang/Class;' in 'org/eclipse/osgi/internal/loader/BundleLoader')}
  0x0000025f848cc778: 4c8b c048 | ba00 4091 | da5f 0200 | 0048 8382 | 4805 0000 

  0x0000025f848cc78c: ;   {metadata(method data for {method} {0x0000025f98461a88} '<init>' '(Ljava/lang/String;)V' in 'java/lang/StringBuilder')}
  0x0000025f848cc78c: 0149 b818 | 7e31 da5f | 0200 0041 | 8b90 cc00 | 0000 83c2 | 0241 8990 | cc00 0000 | 81e2 feff 
  0x0000025f848cc7ac: 1f00 85d2 | 0f84 452a | 0000 4c8b 

  0x0000025f848cc7b8: ;   {metadata(method data for {method} {0x0000025f98461a88} '<init>' '(Ljava/lang/String;)V' in 'java/lang/StringBuilder')}
  0x0000025f848cc7b8: c048 ba18 | 7e31 da5f | 0200 0048 | 8382 1001 

  0x0000025f848cc7c8: ;   {oop("BundleLoader["{0x00000000d577f498})}
  0x0000025f848cc7c8: 0000 0149 | b898 f477 | d500 0000 | 0048 8bd0 | 4889 8424 | f800 0000 | 0f1f 8000 

  0x0000025f848cc7e4: ;   {optimized virtual_call}
  0x0000025f848cc7e4: 0000 00e8 

  0x0000025f848cc7e8: ; ImmutableOopMap {[160]=Oop [168]=Oop [208]=Oop [248]=Oop [256]=Oop [264]=Oop }
                      ;*invokespecial <init> {reexecute=0 rethrow=0 return_oop=0}
                      ; - java.lang.StringBuilder::<init>@2
                      ; - org.eclipse.osgi.internal.loader.BundleLoader::findClass0@192 (line 502)
  0x0000025f848cc7e8: 941f 2007 

  0x0000025f848cc7ec: ;   {other}
  0x0000025f848cc7ec: 0f1f 8400 | dc1f 0013 | 488b 8424 | f800 0000 

  0x0000025f848cc7fc: ;   {metadata(method data for {method} {0x0000025fda58c830} 'findClass0' '(Ljava/lang/String;ZZ)Ljava/lang/Class;' in 'org/eclipse/osgi/internal/loader/BundleLoader')}
  0x0000025f848cc7fc: 48ba 0040 | 91da 5f02 | 0000 4883 | 8258 0500 

  0x0000025f848cc80c: ;   {metadata(method data for {method} {0x0000025f98461820} 'append' '(Ljava/lang/Object;)Ljava/lang/StringBuilder;' in 'java/lang/StringBuilder')}
  0x0000025f848cc80c: 0001 48ba | 306f 09da | 5f02 0000 | 8bb2 cc00 | 0000 83c6 | 0289 b2cc | 0000 0081 | e6fe ff1f 
  0x0000025f848cc82c: 0085 f60f | 84e7 2900 

  0x0000025f848cc834: ;   {metadata(method data for {method} {0x0000025f98461820} 'append' '(Ljava/lang/Object;)Ljava/lang/StringBuilder;' in 'java/lang/StringBuilder')}
  0x0000025f848cc834: 0048 ba30 | 6f09 da5f | 0200 0048 | 8382 1001 

  0x0000025f848cc844: ;   {metadata(method data for {method} {0x0000025f98454f60} 'valueOf' '(Ljava/lang/Object;)Ljava/lang/String;' in 'java/lang/String')}
  0x0000025f848cc844: 0000 0148 | bad0 7009 | da5f 0200 | 008b b2cc | 0000 0083 | c602 89b2 | cc00 0000 | 81e6 feff 
  0x0000025f848cc864: 1f00 85f6 | 0f84 cf29 

  0x0000025f848cc86c: ;   {metadata(method data for {method} {0x0000025f98454f60} 'valueOf' '(Ljava/lang/Object;)Ljava/lang/String;' in 'java/lang/String')}
  0x0000025f848cc86c: 0000 48ba | d070 09da | 5f02 0000 | ff82 1001 | 0000 488b | 9424 a800 

  0x0000025f848cc884: ;   {metadata(method data for {method} {0x0000025f98454f60} 'valueOf' '(Ljava/lang/Object;)Ljava/lang/String;' in 'java/lang/String')}
  0x0000025f848cc884: 0000 48be | d070 09da | 5f02 0000 | 8b52 0849 | ba00 0000 | 985f 0200 | 0049 03d2 | 483b 9658 
  0x0000025f848cc8a4: 0100 0075 | 0d48 8386 | 6001 0000 | 01e9 6000 | 0000 483b | 9668 0100 | 0075 0d48 | 8386 7001 
  0x0000025f848cc8c4: 0000 01e9 | 4a00 0000 | 4883 be58 | 0100 0000 | 7517 4889 | 9658 0100 | 0048 c786 | 6001 0000 
  0x0000025f848cc8e4: 0100 0000 | e929 0000 | 0048 83be | 6801 0000 | 0075 1748 | 8996 6801 | 0000 48c7 | 8670 0100 
  0x0000025f848cc904: 0001 0000 | 00e9 0800 | 0000 4883 | 8648 0100 | 0001 488b | 9424 a800 

  0x0000025f848cc91c: ;   {optimized virtual_call}
  0x0000025f848cc91c: 0000 90e8 

  0x0000025f848cc920: ; ImmutableOopMap {[160]=Oop [168]=Oop [208]=Oop [248]=Oop [256]=Oop [264]=Oop }
                      ;*invokevirtual toString {reexecute=0 rethrow=0 return_oop=0}
                      ; - java.lang.String::valueOf@11
                      ; - java.lang.StringBuilder::append@2
                      ; - org.eclipse.osgi.internal.loader.BundleLoader::findClass0@196 (line 502)
  0x0000025f848cc920: 5c1e 2007 

  0x0000025f848cc924: ;   {other}
  0x0000025f848cc924: 0f1f 8400 | 1421 0014 | 4c8b 8424 | f800 0000 

  0x0000025f848cc934: ;   {metadata(method data for {method} {0x0000025f98461820} 'append' '(Ljava/lang/Object;)Ljava/lang/StringBuilder;' in 'java/lang/StringBuilder')}
  0x0000025f848cc934: 48ba 306f | 09da 5f02 | 0000 4883 | 8220 0100 

  0x0000025f848cc944: ;   {metadata(method data for {method} {0x0000025f984617c8} 'append' '(Ljava/lang/String;)Ljava/lang/StringBuilder;' in 'java/lang/StringBuilder')}
  0x0000025f848cc944: 0001 49b8 | 98ba 00da | 5f02 0000 | 418b 90cc | 0000 0083 | c202 4189 | 90cc 0000 | 0081 e2fe 
  0x0000025f848cc964: ff1f 0085 | d20f 84ef | 2800 004c | 8b84 24f8 

  0x0000025f848cc974: ;   {metadata(method data for {method} {0x0000025f984617c8} 'append' '(Ljava/lang/String;)Ljava/lang/StringBuilder;' in 'java/lang/StringBuilder')}
  0x0000025f848cc974: 0000 0048 | ba98 ba00 | da5f 0200 | 0048 8382 | 1001 0000 | 014c 8bc0 | 488b 9424 | f800 0000 
  0x0000025f848cc994: ;   {optimized virtual_call}
  0x0000025f848cc994: 6666 90e8 

  0x0000025f848cc998: ; ImmutableOopMap {[160]=Oop [168]=Oop [208]=Oop [248]=Oop [256]=Oop [264]=Oop }
                      ;*invokespecial append {reexecute=0 rethrow=0 return_oop=0}
                      ; - java.lang.StringBuilder::append@2
                      ; - java.lang.StringBuilder::append@5
                      ; - org.eclipse.osgi.internal.loader.BundleLoader::findClass0@196 (line 502)
  0x0000025f848cc998: e41d 2007 

  0x0000025f848cc99c: ;   {other}
  0x0000025f848cc99c: 0f1f 8400 | 8c21 0015 | 488b 8424 | f800 0000 

  0x0000025f848cc9ac: ;   {metadata(method data for {method} {0x0000025fda58c830} 'findClass0' '(Ljava/lang/String;ZZ)Ljava/lang/Class;' in 'org/eclipse/osgi/internal/loader/BundleLoader')}
  0x0000025f848cc9ac: 49b8 0040 | 91da 5f02 | 0000 4983 | 8090 0500 

  0x0000025f848cc9bc: ;   {metadata(method data for {method} {0x0000025f984617c8} 'append' '(Ljava/lang/String;)Ljava/lang/StringBuilder;' in 'java/lang/StringBuilder')}
  0x0000025f848cc9bc: 0001 49b8 | 98ba 00da | 5f02 0000 | 418b 90cc | 0000 0083 | c202 4189 | 90cc 0000 | 0081 e2fe 
  0x0000025f848cc9dc: ff1f 0085 | d20f 8498 | 2800 0048 | 8b84 24f8 

  0x0000025f848cc9ec: ;   {metadata(method data for {method} {0x0000025f984617c8} 'append' '(Ljava/lang/String;)Ljava/lang/StringBuilder;' in 'java/lang/StringBuilder')}
  0x0000025f848cc9ec: 0000 0049 | b898 ba00 | da5f 0200 | 0049 8380 | 1001 0000 

  0x0000025f848cca00: ;   {oop("] loading from import package: "{0x00000000d577f8d8})}
  0x0000025f848cca00: 0149 b8d8 | f877 d500 | 0000 0048 | 8b94 24f8 | 0000 000f 

  0x0000025f848cca14: ;   {optimized virtual_call}
  0x0000025f848cca14: 1f40 00e8 

  0x0000025f848cca18: ; ImmutableOopMap {[160]=Oop [168]=Oop [208]=Oop [248]=Oop [256]=Oop [264]=Oop }
                      ;*invokespecial append {reexecute=0 rethrow=0 return_oop=0}
                      ; - java.lang.StringBuilder::append@2
                      ; - org.eclipse.osgi.internal.loader.BundleLoader::findClass0@202 (line 502)
  0x0000025f848cca18: 641d 2007 

  0x0000025f848cca1c: ;   {other}
  0x0000025f848cca1c: 0f1f 8400 | 0c22 0016 | 488b 8424 | f800 0000 

  0x0000025f848cca2c: ;   {metadata(method data for {method} {0x0000025fda58c830} 'findClass0' '(Ljava/lang/String;ZZ)Ljava/lang/Class;' in 'org/eclipse/osgi/internal/loader/BundleLoader')}
  0x0000025f848cca2c: 48ba 0040 | 91da 5f02 | 0000 4883 | 82c8 0500 

  0x0000025f848cca3c: ;   {metadata(method data for {method} {0x0000025f98461820} 'append' '(Ljava/lang/Object;)Ljava/lang/StringBuilder;' in 'java/lang/StringBuilder')}
  0x0000025f848cca3c: 0001 48ba | 306f 09da | 5f02 0000 | 8bb2 cc00 | 0000 83c6 | 0289 b2cc | 0000 0081 | e6fe ff1f 
  0x0000025f848cca5c: 0085 f60f | 843b 2800 

  0x0000025f848cca64: ;   {metadata(method data for {method} {0x0000025f98461820} 'append' '(Ljava/lang/Object;)Ljava/lang/StringBuilder;' in 'java/lang/StringBuilder')}
  0x0000025f848cca64: 0048 ba30 | 6f09 da5f | 0200 0048 | 8382 1001 

  0x0000025f848cca74: ;   {metadata(method data for {method} {0x0000025f98454f60} 'valueOf' '(Ljava/lang/Object;)Ljava/lang/String;' in 'java/lang/String')}
  0x0000025f848cca74: 0000 0148 | bad0 7009 | da5f 0200 | 008b b2cc | 0000 0083 | c602 89b2 | cc00 0000 | 81e6 feff 
  0x0000025f848cca94: 1f00 85f6 | 0f84 2328 | 0000 488b | 9c24 0001 | 0000 4885 

  0x0000025f848ccaa8: ;   {metadata(method data for {method} {0x0000025f98454f60} 'valueOf' '(Ljava/lang/Object;)Ljava/lang/String;' in 'java/lang/String')}
  0x0000025f848ccaa8: db48 bad0 | 7009 da5f | 0200 0048 | c7c6 1001 | 0000 7507 | 48c7 c620 | 0100 0048 | 8b3c 3248 
  0x0000025f848ccac8: 8d7f 0148 | 893c 320f | 851f 0000 

  0x0000025f848ccad4: ;   {metadata(method data for {method} {0x0000025f98454f60} 'valueOf' '(Ljava/lang/Object;)Ljava/lang/String;' in 'java/lang/String')}
  0x0000025f848ccad4: 0048 bad0 | 7009 da5f | 0200 00ff | 8230 0100 

  0x0000025f848ccae4: ;   {oop("null"{0x0000000080000028})}
  0x0000025f848ccae4: 0048 be28 | 0000 8000 | 0000 00e9 | ab00 0000 

  0x0000025f848ccaf4: ; implicit exception: dispatches to 0x0000025f848cf2e2
  0x0000025f848ccaf4: 483b 0348 

  0x0000025f848ccaf8: ;   {metadata(method data for {method} {0x0000025f98454f60} 'valueOf' '(Ljava/lang/Object;)Ljava/lang/String;' in 'java/lang/String')}
  0x0000025f848ccaf8: 8bd3 48be | d070 09da | 5f02 0000 | 8b52 0849 | ba00 0000 | 985f 0200 | 0049 03d2 | 483b 9658 
  0x0000025f848ccb18: 0100 0075 | 0d48 8386 | 6001 0000 | 01e9 6000 | 0000 483b | 9668 0100 | 0075 0d48 | 8386 7001 
  0x0000025f848ccb38: 0000 01e9 | 4a00 0000 | 4883 be58 | 0100 0000 | 7517 4889 | 9658 0100 | 0048 c786 | 6001 0000 
  0x0000025f848ccb58: 0100 0000 | e929 0000 | 0048 83be | 6801 0000 | 0075 1748 | 8996 6801 | 0000 48c7 | 8670 0100 
  0x0000025f848ccb78: 0001 0000 | 00e9 0800 | 0000 4883 | 8648 0100 | 0001 488b 

  0x0000025f848ccb8c: ;   {optimized virtual_call}
  0x0000025f848ccb8c: d366 90e8 

  0x0000025f848ccb90: ; ImmutableOopMap {[160]=Oop [168]=Oop [208]=Oop [248]=Oop [256]=Oop [264]=Oop }
                      ;*invokevirtual toString {reexecute=0 rethrow=0 return_oop=0}
                      ; - java.lang.String::valueOf@11
                      ; - java.lang.StringBuilder::append@2
                      ; - org.eclipse.osgi.internal.loader.BundleLoader::findClass0@207 (line 502)
  0x0000025f848ccb90: ec1b 2007 

  0x0000025f848ccb94: ;   {other}
  0x0000025f848ccb94: 0f1f 8400 | 8423 0017 | 488b f048 | 8b84 24f8 

  0x0000025f848ccba4: ;   {metadata(method data for {method} {0x0000025f98461820} 'append' '(Ljava/lang/Object;)Ljava/lang/StringBuilder;' in 'java/lang/StringBuilder')}
  0x0000025f848ccba4: 0000 0049 | b830 6f09 | da5f 0200 | 0049 8380 | 2001 0000 

  0x0000025f848ccbb8: ;   {metadata(method data for {method} {0x0000025f984617c8} 'append' '(Ljava/lang/String;)Ljava/lang/StringBuilder;' in 'java/lang/StringBuilder')}
  0x0000025f848ccbb8: 0149 b898 | ba00 da5f | 0200 0041 | 8b90 cc00 | 0000 83c2 | 0241 8990 | cc00 0000 | 81e2 feff 
  0x0000025f848ccbd8: 1f00 85d2 | 0f84 0527 | 0000 488b | 8424 f800 

  0x0000025f848ccbe8: ;   {metadata(method data for {method} {0x0000025f984617c8} 'append' '(Ljava/lang/String;)Ljava/lang/StringBuilder;' in 'java/lang/StringBuilder')}
  0x0000025f848ccbe8: 0000 49b8 | 98ba 00da | 5f02 0000 | 4983 8010 | 0100 0001 | 4c8b c648 | 8b94 24f8 

  0x0000025f848ccc04: ;   {optimized virtual_call}
  0x0000025f848ccc04: 0000 00e8 

  0x0000025f848ccc08: ; ImmutableOopMap {[160]=Oop [168]=Oop [208]=Oop [248]=Oop [256]=Oop [264]=Oop }
                      ;*invokespecial append {reexecute=0 rethrow=0 return_oop=0}
                      ; - java.lang.StringBuilder::append@2
                      ; - java.lang.StringBuilder::append@5
                      ; - org.eclipse.osgi.internal.loader.BundleLoader::findClass0@207 (line 502)
  0x0000025f848ccc08: 741b 2007 

  0x0000025f848ccc0c: ;   {other}
  0x0000025f848ccc0c: 0f1f 8400 | fc23 0018 | 4c8b 8424 | f800 0000 

  0x0000025f848ccc1c: ;   {metadata(method data for {method} {0x0000025fda58c830} 'findClass0' '(Ljava/lang/String;ZZ)Ljava/lang/Class;' in 'org/eclipse/osgi/internal/loader/BundleLoader')}
  0x0000025f848ccc1c: 498b c048 | ba00 4091 | da5f 0200 | 0048 8382 | 0006 0000 

  0x0000025f848ccc30: ;   {metadata(method data for {method} {0x0000025f98008958} 'toString' '()Ljava/lang/String;' in 'java/lang/StringBuilder')}
  0x0000025f848ccc30: 0148 baf0 | c100 da5f | 0200 008b | b2cc 0000 | 0083 c602 | 89b2 cc00 | 0000 81e6 | feff 1f00 
  0x0000025f848ccc50: 85f6 0f84 | b026 0000 

  0x0000025f848ccc58: ;   {metadata('java/lang/String')}
  0x0000025f848ccc58: 48ba 78e8 | 0098 5f02 | 0000 498b | 87b8 0100 | 0048 8d78 | 1849 3bbf | c801 0000 | 0f87 af26 
  0x0000025f848ccc78: 0000 4989 | bfb8 0100 | 0048 c700 | 0100 0000 | 488b ca49 | ba00 0000 | 985f 0200 | 0049 2bca 
  0x0000025f848ccc98: 8948 0848 | 33c9 8948 | 0c48 33c9 | 4889 4810 

  0x0000025f848ccca8: ;   {metadata(method data for {method} {0x0000025f98008958} 'toString' '()Ljava/lang/String;' in 'java/lang/StringBuilder')}
  0x0000025f848ccca8: 4c8b c848 | baf0 c100 | da5f 0200 | 0048 8382 | 1001 0000 

  0x0000025f848cccbc: ;   {metadata(method data for {method} {0x0000025f98455ab8} '<init>' '(Ljava/lang/StringBuilder;)V' in 'java/lang/String')}
  0x0000025f848cccbc: 0149 b938 | c300 da5f | 0200 0041 | 8b91 cc00 | 0000 83c2 | 0241 8991 | cc00 0000 | 81e2 feff 
  0x0000025f848cccdc: 1f00 85d2 | 0f84 5026 | 0000 4c8b 

  0x0000025f848ccce8: ;   {metadata(method data for {method} {0x0000025f98455ab8} '<init>' '(Ljava/lang/StringBuilder;)V' in 'java/lang/String')}
  0x0000025f848ccce8: c848 ba38 | c300 da5f | 0200 0048 | 8382 1001 

  0x0000025f848cccf8: ;   {oop(nullptr)}
  0x0000025f848cccf8: 0000 0149 | b900 0000 | 0000 0000 | 0048 8bd0 | 4889 8424 | 1001 0000 | 0f1f 8000 

  0x0000025f848ccd14: ;   {optimized virtual_call}
  0x0000025f848ccd14: 0000 00e8 

  0x0000025f848ccd18: ; ImmutableOopMap {[160]=Oop [168]=Oop [208]=Oop [256]=Oop [264]=Oop [272]=Oop }
                      ;*invokespecial <init> {reexecute=0 rethrow=0 return_oop=0}
                      ; - java.lang.String::<init>@3
                      ; - java.lang.StringBuilder::toString@5
                      ; - org.eclipse.osgi.internal.loader.BundleLoader::findClass0@210 (line 502)
  0x0000025f848ccd18: 641a 2007 

  0x0000025f848ccd1c: ;   {other}
  0x0000025f848ccd1c: 0f1f 8400 | 0c25 0019 | 4c8b 9c24 | 0801 0000 

  0x0000025f848ccd2c: ; implicit exception: dispatches to 0x0000025f848cf357
  0x0000025f848ccd2c: 493b 034d 

  0x0000025f848ccd30: ;   {metadata(method data for {method} {0x0000025fda58c830} 'findClass0' '(Ljava/lang/String;ZZ)Ljava/lang/Class;' in 'org/eclipse/osgi/internal/loader/BundleLoader')}
  0x0000025f848ccd30: 8bc3 49b9 | 0040 91da | 5f02 0000 

  0x0000025f848ccd3c: ;   {metadata('org/eclipse/osgi/internal/debug/Debug')}
  0x0000025f848ccd3c: 49ba 8007 | 0999 5f02 | 0000 4d89 | 9148 0600 | 0049 8381 | 5006 0000 

  0x0000025f848ccd54: ;   {metadata(method data for {method} {0x0000025fda4e53d0} 'trace' '(Ljava/lang/String;Ljava/lang/String;)V' in 'org/eclipse/osgi/internal/debug/Debug')}
  0x0000025f848ccd54: 0149 b810 | 6577 da5f | 0200 0045 | 8b88 cc00 | 0000 4183 | c102 4589 | 88cc 0000 | 0041 81e1 
  0x0000025f848ccd74: feff 1f00 | 4585 c90f | 84db 2500 | 0041 8b53 | 2448 85d2 

  0x0000025f848ccd88: ;   {metadata(method data for {method} {0x0000025fda4e53d0} 'trace' '(Ljava/lang/String;Ljava/lang/String;)V' in 'org/eclipse/osgi/internal/debug/Debug')}
  0x0000025f848ccd88: 49b8 1065 | 77da 5f02 | 0000 49c7 | c110 0100 | 0074 0749 | c7c1 2001 | 0000 4b8b | 3408 488d 
  0x0000025f848ccda8: 7601 4b89 | 3408 0f84 | fe02 0000 | 4885 d20f | 8429 0000 

  0x0000025f848ccdbc: ;   {metadata('org/eclipse/osgi/internal/log/ExtendedLogServiceImpl')}
  0x0000025f848ccdbc: 0048 bf40 | 5409 995f | 0200 008b | 7208 49ba | 0000 0098 | 5f02 0000 | 4903 f248 | 3b7e 380f 
  0x0000025f848ccddc: 859c 2500 | 00e9 0000 | 0000 4c8b | c248 3b02 

  0x0000025f848ccdec: ;   {metadata(method data for {method} {0x0000025fda4e53d0} 'trace' '(Ljava/lang/String;Ljava/lang/String;)V' in 'org/eclipse/osgi/internal/debug/Debug')}
  0x0000025f848ccdec: 4c8b c249 | b910 6577 | da5f 0200 

  0x0000025f848ccdf8: ;   {metadata('org/eclipse/osgi/internal/log/ExtendedLogServiceImpl')}
  0x0000025f848ccdf8: 0049 ba40 | 5409 995f | 0200 004d | 8991 4001 | 0000 4983 | 8148 0100 

  0x0000025f848cce10: ;   {metadata(method data for {method} {0x0000025fda50ca80} 'getLogger' '(Ljava/lang/String;)Lorg/osgi/service/log/Logger;' in 'org/eclipse/osgi/internal/log/ExtendedLogServiceImpl')}
  0x0000025f848cce10: 0001 49b8 | 5067 77da | 5f02 0000 | 458b 88cc | 0000 0041 | 83c1 0245 | 8988 cc00 | 0000 4181 
  0x0000025f848cce30: e1fe ff1f | 0045 85c9 | 0f84 4925 | 0000 4c8b 

  0x0000025f848cce40: ;   {metadata(method data for {method} {0x0000025fda50ca80} 'getLogger' '(Ljava/lang/String;)Lorg/osgi/service/log/Logger;' in 'org/eclipse/osgi/internal/log/ExtendedLogServiceImpl')}
  0x0000025f848cce40: c249 b950 | 6777 da5f 

  0x0000025f848cce48: ;   {metadata('org/eclipse/osgi/internal/log/ExtendedLogServiceImpl')}
  0x0000025f848cce48: 0200 0049 | ba40 5409 | 995f 0200 | 004d 8991 | 2001 0000 | 4983 8128 | 0100 0001 

  0x0000025f848cce64: ;   {metadata(method data for {method} {0x0000025fda50a308} 'getLogger' '(Ljava/lang/String;)Lorg/eclipse/equinox/log/Logger;' in 'org/eclipse/osgi/internal/log/ExtendedLogServiceImpl')}
  0x0000025f848cce64: 49b8 e068 | 77da 5f02 | 0000 458b | 88cc 0000 | 0041 83c1 | 0245 8988 | cc00 0000 | 4181 e1fe 
  0x0000025f848cce84: ff1f 0045 | 85c9 0f84 | 1825 0000 

  0x0000025f848cce90: ;   {metadata(method data for {method} {0x0000025fda50a308} 'getLogger' '(Ljava/lang/String;)Lorg/eclipse/equinox/log/Logger;' in 'org/eclipse/osgi/internal/log/ExtendedLogServiceImpl')}
  0x0000025f848cce90: 4c8b c249 | b9e0 6877 | da5f 0200 

  0x0000025f848cce9c: ;   {metadata('org/eclipse/osgi/internal/log/ExtendedLogServiceImpl')}
  0x0000025f848cce9c: 0049 ba40 | 5409 995f | 0200 004d | 8991 2001 | 0000 4983 | 8128 0100 | 0001 4c8b | 8424 d000 
  0x0000025f848ccebc: ;   {oop(a 'java/lang/Class'{0x00000000d728fe10} = 'org/osgi/service/log/Logger')}
  0x0000025f848ccebc: 0000 49b9 | 10fe 28d7 | 0000 0000 | 0f1f 8000 

  0x0000025f848ccecc: ;   {optimized virtual_call}
  0x0000025f848ccecc: 0000 00e8 

  0x0000025f848cced0: ; ImmutableOopMap {[160]=Oop [168]=Oop [208]=Oop [256]=Oop [272]=Oop }
                      ;*invokevirtual getLogger {reexecute=0 rethrow=0 return_oop=0}
                      ; - org.eclipse.osgi.internal.log.ExtendedLogServiceImpl::getLogger@4 (line 73)
                      ; - org.eclipse.osgi.internal.log.ExtendedLogServiceImpl::getLogger@2 (line 1)
                      ; - org.eclipse.osgi.internal.debug.Debug::trace@11 (line 265)
                      ; - org.eclipse.osgi.internal.loader.BundleLoader::findClass0@213 (line 502)
  0x0000025f848cced0: ac18 2007 

  0x0000025f848cced4: ;   {other}
  0x0000025f848cced4: 0f1f 8400 | c426 001a | 4885 c075 

  0x0000025f848ccee0: ;   {metadata(method data for {method} {0x0000025fda50a308} 'getLogger' '(Ljava/lang/String;)Lorg/eclipse/equinox/log/Logger;' in 'org/eclipse/osgi/internal/log/ExtendedLogServiceImpl')}
  0x0000025f848ccee0: 1648 bee0 | 6877 da5f | 0200 0080 | 8e41 0100 | 0001 e9e7 

  0x0000025f848ccef4: ;   {metadata('org/eclipse/equinox/log/Logger')}
  0x0000025f848ccef4: 0000 0048 | bff8 2709 | 995f 0200 | 008b 7008 | 49ba 0000 | 0098 5f02 | 0000 4903 | f248 3b7e 
  0x0000025f848ccf14: 200f 841a | 0000 0048 | 3bf7 0f84 | 1100 0000 

  0x0000025f848ccf24: ;   {runtime_call slow_subtype_check Runtime1 stub}
  0x0000025f848ccf24: 5657 e8d5 | 5b2b 075e | 5e85 f60f | 848d 0000 

  0x0000025f848ccf34: ;   {metadata(method data for {method} {0x0000025fda50a308} 'getLogger' '(Ljava/lang/String;)Lorg/eclipse/equinox/log/Logger;' in 'org/eclipse/osgi/internal/log/ExtendedLogServiceImpl')}
  0x0000025f848ccf34: 0048 bee0 | 6877 da5f | 0200 008b | 7808 49ba | 0000 0098 | 5f02 0000 | 4903 fa48 | 3bbe 5801 
  0x0000025f848ccf54: 0000 750d | 4883 8660 | 0100 0001 | e979 0000 | 0048 3bbe | 6801 0000 | 750d 4883 | 8670 0100 
  0x0000025f848ccf74: 0001 e963 | 0000 0048 | 83be 5801 | 0000 0075 | 1748 89be | 5801 0000 | 48c7 8660 | 0100 0001 
  0x0000025f848ccf94: 0000 00e9 | 4200 0000 | 4883 be68 | 0100 0000 | 7517 4889 | be68 0100 | 0048 c786 | 7001 0000 
  0x0000025f848ccfb4: 0100 0000 | e921 0000 | 00e9 1c00 

  0x0000025f848ccfc0: ;   {metadata(method data for {method} {0x0000025fda50a308} 'getLogger' '(Ljava/lang/String;)Lorg/eclipse/equinox/log/Logger;' in 'org/eclipse/osgi/internal/log/ExtendedLogServiceImpl')}
  0x0000025f848ccfc0: 0000 48be | e068 77da | 5f02 0000 | 4883 ae48 | 0100 0001 | e9f0 2300 | 00e9 0000 | 0000 488b 
  0x0000025f848ccfe0: d048 3b02 

  0x0000025f848ccfe4: ;   {metadata(method data for {method} {0x0000025fda4e53d0} 'trace' '(Ljava/lang/String;Ljava/lang/String;)V' in 'org/eclipse/osgi/internal/debug/Debug')}
  0x0000025f848ccfe4: 4c8b c248 | be10 6577 | da5f 0200 | 0045 8b40 | 0849 ba00 | 0000 985f | 0200 004d | 03c2 4c3b 
  0x0000025f848cd004: 8678 0100 | 0075 0d48 | 8386 8001 | 0000 01e9 | 6000 0000 | 4c3b 8688 | 0100 0075 | 0d48 8386 
  0x0000025f848cd024: 9001 0000 | 01e9 4a00 | 0000 4883 | be78 0100 | 0000 7517 | 4c89 8678 | 0100 0048 | c786 8001 
  0x0000025f848cd044: 0000 0100 | 0000 e929 | 0000 0048 | 83be 8801 | 0000 0075 | 174c 8986 | 8801 0000 | 48c7 8690 
  0x0000025f848cd064: 0100 0001 | 0000 00e9 | 0800 0000 | 4883 8668 | 0100 0001 | 4c8b 8424 | 1001 0000 | 0f1f 4400 
  0x0000025f848cd084: 0048 b8ff | ffff ffff 

  0x0000025f848cd08c: ;   {virtual_call}
  0x0000025f848cd08c: ffff ffe8 

  0x0000025f848cd090: ; ImmutableOopMap {[160]=Oop [168]=Oop [208]=Oop [256]=Oop }
                      ;*invokeinterface debug {reexecute=0 rethrow=0 return_oop=0}
                      ; - org.eclipse.osgi.internal.debug.Debug::trace@17 (line 265)
                      ; - org.eclipse.osgi.internal.loader.BundleLoader::findClass0@213 (line 502)
  0x0000025f848cd090: ec19 2007 

  0x0000025f848cd094: ;   {other}
  0x0000025f848cd094: 0f1f 8400 | 8428 001b 

  0x0000025f848cd09c: ;   {metadata(method data for {method} {0x0000025fda4e53d0} 'trace' '(Ljava/lang/String;Ljava/lang/String;)V' in 'org/eclipse/osgi/internal/debug/Debug')}
  0x0000025f848cd09c: 49b8 1065 | 77da 5f02 | 0000 41ff | 80a0 0100 | 00e9 5200 | 0000 488b | 8424 1001 

  0x0000025f848cd0b8: ;   {oop(a 'java/lang/Class'{0x00000000d728f4e0} = 'org/eclipse/osgi/internal/debug/Debug')}
  0x0000025f848cd0b8: 0000 49b8 | e0f4 28d7 | 0000 0000 | 418b 90d0 | 0000 0048 | 3b02 4c8b 

  0x0000025f848cd0d0: ;   {metadata(method data for {method} {0x0000025fda4e53d0} 'trace' '(Ljava/lang/String;Ljava/lang/String;)V' in 'org/eclipse/osgi/internal/debug/Debug')}
  0x0000025f848cd0d0: c248 be10 | 6577 da5f 

  0x0000025f848cd0d8: ;   {metadata('java/io/PrintStream')}
  0x0000025f848cd0d8: 0200 0049 | bac8 a300 | 985f 0200 | 004c 8996 | c801 0000 | 4883 86d0 | 0100 0001 

  0x0000025f848cd0f4: ;   {optimized virtual_call}
  0x0000025f848cd0f4: 4c8b c0e8 

  0x0000025f848cd0f8: ; ImmutableOopMap {[160]=Oop [168]=Oop [208]=Oop [256]=Oop }
                      ;*invokevirtual println {reexecute=0 rethrow=0 return_oop=0}
                      ; - org.eclipse.osgi.internal.debug.Debug::trace@29 (line 267)
                      ; - org.eclipse.osgi.internal.loader.BundleLoader::findClass0@213 (line 502)
  0x0000025f848cd0f8: 8416 2007 

  0x0000025f848cd0fc: ;   {other}
  0x0000025f848cd0fc: 0f1f 8400 | ec28 001c | 488b 9c24 | 0001 0000 

  0x0000025f848cd10c: ; implicit exception: dispatches to 0x0000025f848cf3dc
  0x0000025f848cd10c: 483b 034c 

  0x0000025f848cd110: ;   {metadata(method data for {method} {0x0000025fda58c830} 'findClass0' '(Ljava/lang/String;ZZ)Ljava/lang/Class;' in 'org/eclipse/osgi/internal/loader/BundleLoader')}
  0x0000025f848cd110: 8bc3 48ba | 0040 91da | 5f02 0000 | 458b 4008 | 49ba 0000 | 0098 5f02 | 0000 4d03 | c24c 3b82 
  0x0000025f848cd130: 8006 0000 | 750d 4883 | 8288 0600 | 0001 e960 | 0000 004c | 3b82 9006 | 0000 750d | 4883 8298 
  0x0000025f848cd150: 0600 0001 | e94a 0000 | 0048 83ba | 8006 0000 | 0075 174c | 8982 8006 | 0000 48c7 | 8288 0600 
  0x0000025f848cd170: 0001 0000 | 00e9 2900 | 0000 4883 | ba90 0600 | 0000 7517 | 4c89 8290 | 0600 0048 | c782 9806 
  0x0000025f848cd190: 0000 0100 | 0000 e908 | 0000 0048 | 8382 7006 | 0000 014c | 8b84 24a0 | 0000 0048 | 8bd3 0f1f 
  0x0000025f848cd1b0: 8000 0000 | 0048 b8ff | ffff ffff 

  0x0000025f848cd1bc: ;   {virtual_call}
  0x0000025f848cd1bc: ffff ffe8 

  0x0000025f848cd1c0: ; ImmutableOopMap {[160]=Oop [168]=Oop [208]=Oop }
                      ;*invokevirtual loadClass {reexecute=0 rethrow=0 return_oop=0}
                      ; - org.eclipse.osgi.internal.loader.BundleLoader::findClass0@219 (line 505)
  0x0000025f848cd1c0: 5ce3 1f07 

  0x0000025f848cd1c4: ;   {other}
  0x0000025f848cd1c4: 0f1f 8400 | b429 001d 

  0x0000025f848cd1cc: ;   {metadata(method data for {method} {0x0000025fda58c830} 'findClass0' '(Ljava/lang/String;ZZ)Ljava/lang/Class;' in 'org/eclipse/osgi/internal/loader/BundleLoader')}
  0x0000025f848cd1cc: 4885 c048 | ba00 4091 | da5f 0200 | 0048 c7c6 | a806 0000 | 7507 48c7 | c6b8 0600 | 0048 8b3c 
  0x0000025f848cd1ec: 3248 8d7f | 0148 893c | 320f 85c9 | 0300 0048 | 8b94 24a8 

  0x0000025f848cd200: ;   {metadata(method data for {method} {0x0000025fda58c830} 'findClass0' '(Ljava/lang/String;ZZ)Ljava/lang/Class;' in 'org/eclipse/osgi/internal/loader/BundleLoader')}
  0x0000025f848cd200: 0000 0048 | be00 4091 | da5f 0200 | 008b 5208 | 49ba 0000 | 0098 5f02 | 0000 4903 | d248 3b96 
  0x0000025f848cd220: d806 0000 | 750d 4883 | 86e0 0600 | 0001 e960 | 0000 0048 | 3b96 e806 | 0000 750d | 4883 86f0 
  0x0000025f848cd240: 0600 0001 | e94a 0000 | 0048 83be | d806 0000 | 0075 1748 | 8996 d806 | 0000 48c7 | 86e0 0600 
  0x0000025f848cd260: 0001 0000 | 00e9 2900 | 0000 4883 | bee8 0600 | 0000 7517 | 4889 96e8 | 0600 0048 | c786 f006 
  0x0000025f848cd280: 0000 0100 | 0000 e908 | 0000 0048 | 8386 c806 | 0000 0148 | 8b94 24a8 | 0000 0066 | 9048 b8ff 
  0x0000025f848cd2a0: ffff ffff 

  0x0000025f848cd2a4: ;   {virtual_call}
  0x0000025f848cd2a4: ffff ffe8 

  0x0000025f848cd2a8: ; ImmutableOopMap {[160]=Oop [168]=Oop [208]=Oop }
                      ;*invokevirtual getModuleClassLoader {reexecute=0 rethrow=0 return_oop=0}
                      ; - org.eclipse.osgi.internal.loader.BundleLoader::findClass0@230 (line 509)
  0x0000025f848cd2a8: d417 2007 

  0x0000025f848cd2ac: ;   {other}
  0x0000025f848cd2ac: 0f1f 8400 | 9c2a 001e 

  0x0000025f848cd2b4: ; implicit exception: dispatches to 0x0000025f848cf3e1
  0x0000025f848cd2b4: 483b 004c 

  0x0000025f848cd2b8: ;   {metadata(method data for {method} {0x0000025fda58c830} 'findClass0' '(Ljava/lang/String;ZZ)Ljava/lang/Class;' in 'org/eclipse/osgi/internal/loader/BundleLoader')}
  0x0000025f848cd2b8: 8bc0 48ba | 0040 91da | 5f02 0000 | 458b 4008 | 49ba 0000 | 0098 5f02 | 0000 4d03 | c24c 3b82 
  0x0000025f848cd2d8: 1007 0000 | 750d 4883 | 8218 0700 | 0001 e960 | 0000 004c | 3b82 2007 | 0000 750d | 4883 8228 
  0x0000025f848cd2f8: 0700 0001 | e94a 0000 | 0048 83ba | 1007 0000 | 0075 174c | 8982 1007 | 0000 48c7 | 8218 0700 
  0x0000025f848cd318: 0001 0000 | 00e9 2900 | 0000 4883 | ba20 0700 | 0000 7517 | 4c89 8220 | 0700 0048 | c782 2807 
  0x0000025f848cd338: 0000 0100 | 0000 e908 | 0000 0048 | 8382 0007 

  0x0000025f848cd348: ;   {metadata(method data for {method} {0x0000025fda628c38} 'publicFindLoaded' '(Ljava/lang/String;)Ljava/lang/Class;' in 'org/eclipse/osgi/internal/loader/ModuleClassLoader')}
  0x0000025f848cd348: 0000 0149 | b890 1c97 | da5f 0200 | 0041 8b90 | cc00 0000 | 83c2 0241 | 8990 cc00 | 0000 81e2 
  0x0000025f848cd368: feff 1f00 | 85d2 0f84 | 7220 0000 

  0x0000025f848cd374: ;   {metadata(method data for {method} {0x0000025fda628c38} 'publicFindLoaded' '(Ljava/lang/String;)Ljava/lang/Class;' in 'org/eclipse/osgi/internal/loader/ModuleClassLoader')}
  0x0000025f848cd374: 4c8b c048 | ba90 1c97 | da5f 0200 | 0045 8b40 | 0849 ba00 | 0000 985f | 0200 004d | 03c2 4c3b 
  0x0000025f848cd394: 8220 0100 | 0075 0d48 | 8382 2801 | 0000 01e9 | 6000 0000 | 4c3b 8230 | 0100 0075 | 0d48 8382 
  0x0000025f848cd3b4: 3801 0000 | 01e9 4a00 | 0000 4883 | ba20 0100 | 0000 7517 | 4c89 8220 | 0100 0048 | c782 2801 
  0x0000025f848cd3d4: 0000 0100 | 0000 e929 | 0000 0048 | 83ba 3001 | 0000 0075 | 174c 8982 | 3001 0000 | 48c7 8238 
  0x0000025f848cd3f4: 0100 0001 | 0000 00e9 | 0800 0000 | 4883 8210 | 0100 0001 

  0x0000025f848cd408: ;   {metadata(method data for {method} {0x0000025fda629970} 'getClassLoadingLock' '(Ljava/lang/String;)Ljava/lang/Object;' in 'org/eclipse/osgi/internal/loader/ModuleClassLoader')}
  0x0000025f848cd408: 49b8 581e | 97da 5f02 | 0000 418b | 90cc 0000 | 0083 c202 | 4189 90cc | 0000 0081 | e2fe ff1f 
  0x0000025f848cd428: 0085 d20f | 84d6 1f00 | 008b 5050 

  0x0000025f848cd434: ; implicit exception: dispatches to 0x0000025f848cf428
  0x0000025f848cd434: 483b 024c 

  0x0000025f848cd438: ;   {metadata(method data for {method} {0x0000025fda629970} 'getClassLoadingLock' '(Ljava/lang/String;)Ljava/lang/Object;' in 'org/eclipse/osgi/internal/loader/ModuleClassLoader')}
  0x0000025f848cd438: 8bc2 48be | 581e 97da | 5f02 0000 | 4883 8610 | 0100 0001 | 4c8b 8424 | a000 0000 | 4889 8424 
  0x0000025f848cd458: 1801 0000 

  0x0000025f848cd45c: ;   {optimized virtual_call}
  0x0000025f848cd45c: 6666 90e8 

  0x0000025f848cd460: ; ImmutableOopMap {[160]=Oop [168]=Oop [208]=Oop [280]=Oop }
                      ;*invokevirtual getLock {reexecute=0 rethrow=0 return_oop=0}
                      ; - org.eclipse.osgi.internal.loader.ModuleClassLoader::getClassLoadingLock@5 (line 437)
                      ; - org.eclipse.osgi.internal.loader.ModuleClassLoader::publicFindLoaded@2 (line 323)
                      ; - org.eclipse.osgi.internal.loader.BundleLoader::findClass0@234 (line 509)
  0x0000025f848cd460: 1c13 2007 

  0x0000025f848cd464: ;   {other}
  0x0000025f848cd464: 0f1f 8400 | 542c 001f | 4889 8424 | 2001 0000 | 488d 9424 | 5001 0000 | 488b f048 | 8972 0848 
  0x0000025f848cd484: 8b06 4883 | c801 4889 | 02f0 480f | b116 0f84 | 1200 0000 | 482b c448 | 2507 f0ff | ff48 8902 
  0x0000025f848cd4a4: 0f85 881f | 0000 49ff | 8750 0500 | 0048 8b94 | 2418 0100 

  0x0000025f848cd4b8: ;   {metadata(method data for {method} {0x0000025fda628c38} 'publicFindLoaded' '(Ljava/lang/String;)Ljava/lang/Class;' in 'org/eclipse/osgi/internal/loader/ModuleClassLoader')}
  0x0000025f848cd4b8: 0048 be90 | 1c97 da5f | 0200 0048 | 8386 4801 

  0x0000025f848cd4c8: ;   {metadata(method data for {method} {0x0000025f984350c0} 'findLoadedClass' '(Ljava/lang/String;)Ljava/lang/Class;' in 'java/lang/ClassLoader')}
  0x0000025f848cd4c8: 0000 0148 | ba10 ba24 | da5f 0200 | 008b b2cc | 0000 0083 | c602 89b2 | cc00 0000 | 81e6 feff 
  0x0000025f848cd4e8: 1f00 85f6 | 0f84 531f 

  0x0000025f848cd4f0: ;   {metadata(method data for {method} {0x0000025f984350c0} 'findLoadedClass' '(Ljava/lang/String;)Ljava/lang/Class;' in 'java/lang/ClassLoader')}
  0x0000025f848cd4f0: 0000 48ba | 10ba 24da | 5f02 0000 | 4883 8210 | 0100 0001 | 488b 9424 | a000 0000 

  0x0000025f848cd50c: ;   {static_call}
  0x0000025f848cd50c: 6666 90e8 

  0x0000025f848cd510: ; ImmutableOopMap {[160]=Oop [168]=Oop [208]=Oop [280]=Oop [288]=Oop [344]=Oop }
                      ;*invokestatic checkName {reexecute=0 rethrow=0 return_oop=0}
                      ; - java.lang.ClassLoader::findLoadedClass@1
                      ; - org.eclipse.osgi.internal.loader.ModuleClassLoader::publicFindLoaded@10 (line 324)
                      ; - org.eclipse.osgi.internal.loader.BundleLoader::findClass0@234 (line 509)
  0x0000025f848cd510: 6c18 2007 

  0x0000025f848cd514: ;   {other}
  0x0000025f848cd514: 0f1f 8400 | 042d 0020 

  0x0000025f848cd51c: ;   {metadata(method data for {method} {0x0000025f984350c0} 'findLoadedClass' '(Ljava/lang/String;)Ljava/lang/Class;' in 'java/lang/ClassLoader')}
  0x0000025f848cd51c: 85c0 49b8 | 10ba 24da | 5f02 0000 | 48c7 c220 | 0100 0075 | 0748 c7c2 | 3001 0000 | 498b 3410 
  0x0000025f848cd53c: 488d 7601 | 4989 3410 | 0f85 0f00 

  0x0000025f848cd548: ;   {oop(nullptr)}
  0x0000025f848cd548: 0000 48be | 0000 0000 | 0000 0000 | e93e 0000 | 0048 8b84 | 2418 0100 | 004c 8bc0 

  0x0000025f848cd564: ;   {metadata(method data for {method} {0x0000025f984350c0} 'findLoadedClass' '(Ljava/lang/String;)Ljava/lang/Class;' in 'java/lang/ClassLoader')}
  0x0000025f848cd564: 48ba 10ba | 24da 5f02 | 0000 4883 | 8240 0100 | 0001 4c8b | 8424 a000 | 0000 488b | d066 0f1f 
  0x0000025f848cd584: ;   {optimized virtual_call}
  0x0000025f848cd584: 4400 00e8 

  0x0000025f848cd588: ; ImmutableOopMap {[160]=Oop [168]=Oop [208]=Oop [288]=Oop [344]=Oop }
                      ;*invokevirtual findLoadedClass0 {reexecute=0 rethrow=0 return_oop=0}
                      ; - java.lang.ClassLoader::findLoadedClass@11
                      ; - org.eclipse.osgi.internal.loader.ModuleClassLoader::publicFindLoaded@10 (line 324)
                      ; - org.eclipse.osgi.internal.loader.BundleLoader::findClass0@234 (line 509)
  0x0000025f848cd588: f411 2007 

  0x0000025f848cd58c: ;   {other}
  0x0000025f848cd58c: 0f1f 8400 | 7c2d 0021 | 488b f048 | 8d84 2450 | 0100 004c | 8b00 4d85 | c00f 840f | 0000 004c 
  0x0000025f848cd5ac: 8b48 08f0 | 4d0f b101 | 0f85 ac1e | 0000 49ff | 8f50 0500 | 0048 8bc6 

  0x0000025f848cd5c4: ;   {metadata(method data for {method} {0x0000025fda58c830} 'findClass0' '(Ljava/lang/String;ZZ)Ljava/lang/Class;' in 'org/eclipse/osgi/internal/loader/BundleLoader')}
  0x0000025f848cd5c4: 4885 c049 | b800 4091 | da5f 0200 | 0049 c7c1 | 3807 0000 | 7407 49c7 | c148 0700 | 004b 8b14 
  0x0000025f848cd5e4: 0848 8d52 | 014b 8914 | 080f 8416 | 1500 0048 | 81c4 7001 

  0x0000025f848cd5f8: ;   {poll_return}
  0x0000025f848cd5f8: 0000 5d49 | 3ba7 5004 | 0000 0f87 | 741e 0000 | c348 8b94 | 24a8 0000 

  0x0000025f848cd610: ;   {metadata(method data for {method} {0x0000025fda58c830} 'findClass0' '(Ljava/lang/String;ZZ)Ljava/lang/Class;' in 'org/eclipse/osgi/internal/loader/BundleLoader')}
  0x0000025f848cd610: 0049 b800 | 4091 da5f | 0200 0049 | 8380 6807 | 0000 014c | 8b84 24b8 

  0x0000025f848cd628: ;   {oop(nullptr)}
  0x0000025f848cd628: 0000 0049 | b900 0000 | 0000 0000 | 0048 8b94 | 24a8 0000 

  0x0000025f848cd63c: ;   {optimized virtual_call}
  0x0000025f848cd63c: 0066 90e8 

  0x0000025f848cd640: ; ImmutableOopMap {[160]=Oop [168]=Oop [184]=Oop [208]=Oop [232]=Oop }
                      ;*invokespecial findRequiredSource {reexecute=0 rethrow=0 return_oop=0}
                      ; - org.eclipse.osgi.internal.loader.BundleLoader::findClass0@260 (line 516)
  0x0000025f848cd640: d824 0000 

  0x0000025f848cd644: ;   {other}
  0x0000025f848cd644: 0f1f 8400 | 342e 0022 | 4889 8424 | 3001 0000 

  0x0000025f848cd654: ;   {metadata(method data for {method} {0x0000025fda58c830} 'findClass0' '(Ljava/lang/String;ZZ)Ljava/lang/Class;' in 'org/eclipse/osgi/internal/loader/BundleLoader')}
  0x0000025f848cd654: 4885 c048 | ba00 4091 | da5f 0200 | 0048 c7c6 | 8807 0000 | 7507 48c7 | c678 0700 | 0048 8b3c 
  0x0000025f848cd674: 3248 8d7f | 0148 893c | 320f 850d | 0000 0048 | 8bb4 24e8 | 0000 00e9 | ef0a 0000 | 488b 9c24 
  0x0000025f848cd694: d000 0000 

  0x0000025f848cd698: ;   {metadata(method data for {method} {0x0000025fda58c830} 'findClass0' '(Ljava/lang/String;ZZ)Ljava/lang/Class;' in 'org/eclipse/osgi/internal/loader/BundleLoader')}
  0x0000025f848cd698: 4885 db48 | ba00 4091 | da5f 0200 | 0048 c7c6 | 9807 0000 | 7407 48c7 | c6a8 0700 | 0048 8b3c 
  0x0000025f848cd6b8: 3248 8d7f | 0148 893c | 3248 899c | 24d0 0000 | 000f 84ed | 0900 0048 | 8b94 24a8 | 0000 0044 
  0x0000025f848cd6d8: 8b4a 184c | 898c 2438 | 0100 000f | 1f44 0000 

  0x0000025f848cd6e8: ;   {no_reloc}
  0x0000025f848cd6e8: e9b4 1d00 | 0000 0000 | 0000 498b | 87b8 0100 | 0048 8d78 | 1849 3bbf | c801 0000 | 0f87 a11d 
  0x0000025f848cd708: 0000 4989 | bfb8 0100 | 0048 c700 | 0100 0000 | 488b ca49 | ba00 0000 | 985f 0200 | 0049 2bca 
  0x0000025f848cd728: 8948 0848 | 33c9 8948 | 0c48 33c9 | 4889 4810 

  0x0000025f848cd738: ;   {metadata(method data for {method} {0x0000025fda58c830} 'findClass0' '(Ljava/lang/String;ZZ)Ljava/lang/Class;' in 'org/eclipse/osgi/internal/loader/BundleLoader')}
  0x0000025f848cd738: 4c8b c048 | ba00 4091 | da5f 0200 | 0048 8382 | b807 0000 

  0x0000025f848cd74c: ;   {metadata(method data for {method} {0x0000025f98461a88} '<init>' '(Ljava/lang/String;)V' in 'java/lang/StringBuilder')}
  0x0000025f848cd74c: 0149 b818 | 7e31 da5f | 0200 0041 | 8b90 cc00 | 0000 83c2 | 0241 8990 | cc00 0000 | 81e2 feff 
  0x0000025f848cd76c: 1f00 85d2 | 0f84 421d | 0000 4c8b 

  0x0000025f848cd778: ;   {metadata(method data for {method} {0x0000025f98461a88} '<init>' '(Ljava/lang/String;)V' in 'java/lang/StringBuilder')}
  0x0000025f848cd778: c048 ba18 | 7e31 da5f | 0200 0048 | 8382 1001 

  0x0000025f848cd788: ;   {oop("BundleLoader["{0x00000000d577f498})}
  0x0000025f848cd788: 0000 0149 | b898 f477 | d500 0000 | 0048 8bd0 | 4889 8424 | 2801 0000 | 0f1f 8000 

  0x0000025f848cd7a4: ;   {optimized virtual_call}
  0x0000025f848cd7a4: 0000 00e8 

  0x0000025f848cd7a8: ; ImmutableOopMap {[160]=Oop [168]=Oop [184]=Oop [208]=Oop [296]=Oop [304]=Oop [312]=Oop }
                      ;*invokespecial <init> {reexecute=0 rethrow=0 return_oop=0}
                      ; - java.lang.StringBuilder::<init>@2
                      ; - org.eclipse.osgi.internal.loader.BundleLoader::findClass0@288 (line 520)
  0x0000025f848cd7a8: d40f 2007 

  0x0000025f848cd7ac: ;   {other}
  0x0000025f848cd7ac: 0f1f 8400 | 9c2f 0023 | 488b 8424 | 2801 0000 

  0x0000025f848cd7bc: ;   {metadata(method data for {method} {0x0000025fda58c830} 'findClass0' '(Ljava/lang/String;ZZ)Ljava/lang/Class;' in 'org/eclipse/osgi/internal/loader/BundleLoader')}
  0x0000025f848cd7bc: 48ba 0040 | 91da 5f02 | 0000 4883 | 82c8 0700 

  0x0000025f848cd7cc: ;   {metadata(method data for {method} {0x0000025f98461820} 'append' '(Ljava/lang/Object;)Ljava/lang/StringBuilder;' in 'java/lang/StringBuilder')}
  0x0000025f848cd7cc: 0001 48ba | 306f 09da | 5f02 0000 | 8bb2 cc00 | 0000 83c6 | 0289 b2cc | 0000 0081 | e6fe ff1f 
  0x0000025f848cd7ec: 0085 f60f | 84e4 1c00 

  0x0000025f848cd7f4: ;   {metadata(method data for {method} {0x0000025f98461820} 'append' '(Ljava/lang/Object;)Ljava/lang/StringBuilder;' in 'java/lang/StringBuilder')}
  0x0000025f848cd7f4: 0048 ba30 | 6f09 da5f | 0200 0048 | 8382 1001 

  0x0000025f848cd804: ;   {metadata(method data for {method} {0x0000025f98454f60} 'valueOf' '(Ljava/lang/Object;)Ljava/lang/String;' in 'java/lang/String')}
  0x0000025f848cd804: 0000 0148 | bad0 7009 | da5f 0200 | 008b b2cc | 0000 0083 | c602 89b2 | cc00 0000 | 81e6 feff 
  0x0000025f848cd824: 1f00 85f6 | 0f84 cc1c 

  0x0000025f848cd82c: ;   {metadata(method data for {method} {0x0000025f98454f60} 'valueOf' '(Ljava/lang/Object;)Ljava/lang/String;' in 'java/lang/String')}
  0x0000025f848cd82c: 0000 48ba | d070 09da | 5f02 0000 | ff82 1001 | 0000 488b | 9424 a800 

  0x0000025f848cd844: ;   {metadata(method data for {method} {0x0000025f98454f60} 'valueOf' '(Ljava/lang/Object;)Ljava/lang/String;' in 'java/lang/String')}
  0x0000025f848cd844: 0000 48be | d070 09da | 5f02 0000 | 8b52 0849 | ba00 0000 | 985f 0200 | 0049 03d2 | 483b 9658 
  0x0000025f848cd864: 0100 0075 | 0d48 8386 | 6001 0000 | 01e9 6000 | 0000 483b | 9668 0100 | 0075 0d48 | 8386 7001 
  0x0000025f848cd884: 0000 01e9 | 4a00 0000 | 4883 be58 | 0100 0000 | 7517 4889 | 9658 0100 | 0048 c786 | 6001 0000 
  0x0000025f848cd8a4: 0100 0000 | e929 0000 | 0048 83be | 6801 0000 | 0075 1748 | 8996 6801 | 0000 48c7 | 8670 0100 
  0x0000025f848cd8c4: 0001 0000 | 00e9 0800 | 0000 4883 | 8648 0100 | 0001 488b | 9424 a800 

  0x0000025f848cd8dc: ;   {optimized virtual_call}
  0x0000025f848cd8dc: 0000 90e8 

  0x0000025f848cd8e0: ; ImmutableOopMap {[160]=Oop [168]=Oop [184]=Oop [208]=Oop [296]=Oop [304]=Oop [312]=Oop }
                      ;*invokevirtual toString {reexecute=0 rethrow=0 return_oop=0}
                      ; - java.lang.String::valueOf@11
                      ; - java.lang.StringBuilder::append@2
                      ; - org.eclipse.osgi.internal.loader.BundleLoader::findClass0@292 (line 520)
  0x0000025f848cd8e0: 9c0e 2007 

  0x0000025f848cd8e4: ;   {other}
  0x0000025f848cd8e4: 0f1f 8400 | d430 0024 | 4c8b 8424 | 2801 0000 

  0x0000025f848cd8f4: ;   {metadata(method data for {method} {0x0000025f98461820} 'append' '(Ljava/lang/Object;)Ljava/lang/StringBuilder;' in 'java/lang/StringBuilder')}
  0x0000025f848cd8f4: 48ba 306f | 09da 5f02 | 0000 4883 | 8220 0100 

  0x0000025f848cd904: ;   {metadata(method data for {method} {0x0000025f984617c8} 'append' '(Ljava/lang/String;)Ljava/lang/StringBuilder;' in 'java/lang/StringBuilder')}
  0x0000025f848cd904: 0001 49b8 | 98ba 00da | 5f02 0000 | 418b 90cc | 0000 0083 | c202 4189 | 90cc 0000 | 0081 e2fe 
  0x0000025f848cd924: ff1f 0085 | d20f 84ec | 1b00 004c | 8b84 2428 

  0x0000025f848cd934: ;   {metadata(method data for {method} {0x0000025f984617c8} 'append' '(Ljava/lang/String;)Ljava/lang/StringBuilder;' in 'java/lang/StringBuilder')}
  0x0000025f848cd934: 0100 0048 | ba98 ba00 | da5f 0200 | 0048 8382 | 1001 0000 | 014c 8bc0 | 488b 9424 | 2801 0000 
  0x0000025f848cd954: ;   {optimized virtual_call}
  0x0000025f848cd954: 6666 90e8 

  0x0000025f848cd958: ; ImmutableOopMap {[160]=Oop [168]=Oop [184]=Oop [208]=Oop [296]=Oop [304]=Oop [312]=Oop }
                      ;*invokespecial append {reexecute=0 rethrow=0 return_oop=0}
                      ; - java.lang.StringBuilder::append@2
                      ; - java.lang.StringBuilder::append@5
                      ; - org.eclipse.osgi.internal.loader.BundleLoader::findClass0@292 (line 520)
  0x0000025f848cd958: 240e 2007 

  0x0000025f848cd95c: ;   {other}
  0x0000025f848cd95c: 0f1f 8400 | 4c31 0025 | 4c8b 8424 | 2801 0000 

  0x0000025f848cd96c: ;   {metadata(method data for {method} {0x0000025fda58c830} 'findClass0' '(Ljava/lang/String;ZZ)Ljava/lang/Class;' in 'org/eclipse/osgi/internal/loader/BundleLoader')}
  0x0000025f848cd96c: 48ba 0040 | 91da 5f02 | 0000 4883 | 8200 0800 

  0x0000025f848cd97c: ;   {metadata(method data for {method} {0x0000025f984617c8} 'append' '(Ljava/lang/String;)Ljava/lang/StringBuilder;' in 'java/lang/StringBuilder')}
  0x0000025f848cd97c: 0001 49b8 | 98ba 00da | 5f02 0000 | 418b 90cc | 0000 0083 | c202 4189 | 90cc 0000 | 0081 e2fe 
  0x0000025f848cd99c: ff1f 0085 | d20f 8495 | 1b00 004c | 8b84 2428 

  0x0000025f848cd9ac: ;   {metadata(method data for {method} {0x0000025f984617c8} 'append' '(Ljava/lang/String;)Ljava/lang/StringBuilder;' in 'java/lang/StringBuilder')}
  0x0000025f848cd9ac: 0100 0048 | ba98 ba00 | da5f 0200 | 0048 8382 | 1001 0000 

  0x0000025f848cd9c0: ;   {oop("] loading from required bundle package: "{0x00000000d577f920})}
  0x0000025f848cd9c0: 0149 b820 | f977 d500 | 0000 0048 | 8b94 2428 | 0100 000f 

  0x0000025f848cd9d4: ;   {optimized virtual_call}
  0x0000025f848cd9d4: 1f40 00e8 

  0x0000025f848cd9d8: ; ImmutableOopMap {[160]=Oop [168]=Oop [184]=Oop [208]=Oop [296]=Oop [304]=Oop [312]=Oop }
                      ;*invokespecial append {reexecute=0 rethrow=0 return_oop=0}
                      ; - java.lang.StringBuilder::append@2
                      ; - org.eclipse.osgi.internal.loader.BundleLoader::findClass0@298 (line 520)
  0x0000025f848cd9d8: a40d 2007 

  0x0000025f848cd9dc: ;   {other}
  0x0000025f848cd9dc: 0f1f 8400 | cc31 0026 | 488b 8424 | 2801 0000 

  0x0000025f848cd9ec: ;   {metadata(method data for {method} {0x0000025fda58c830} 'findClass0' '(Ljava/lang/String;ZZ)Ljava/lang/Class;' in 'org/eclipse/osgi/internal/loader/BundleLoader')}
  0x0000025f848cd9ec: 48ba 0040 | 91da 5f02 | 0000 4883 | 8238 0800 

  0x0000025f848cd9fc: ;   {metadata(method data for {method} {0x0000025f98461820} 'append' '(Ljava/lang/Object;)Ljava/lang/StringBuilder;' in 'java/lang/StringBuilder')}
  0x0000025f848cd9fc: 0001 48ba | 306f 09da | 5f02 0000 | 8bb2 cc00 | 0000 83c6 | 0289 b2cc | 0000 0081 | e6fe ff1f 
  0x0000025f848cda1c: 0085 f60f | 8438 1b00 

  0x0000025f848cda24: ;   {metadata(method data for {method} {0x0000025f98461820} 'append' '(Ljava/lang/Object;)Ljava/lang/StringBuilder;' in 'java/lang/StringBuilder')}
  0x0000025f848cda24: 0048 ba30 | 6f09 da5f | 0200 0048 | 8382 1001 

  0x0000025f848cda34: ;   {metadata(method data for {method} {0x0000025f98454f60} 'valueOf' '(Ljava/lang/Object;)Ljava/lang/String;' in 'java/lang/String')}
  0x0000025f848cda34: 0000 0148 | bad0 7009 | da5f 0200 | 008b b2cc | 0000 0083 | c602 89b2 | cc00 0000 | 81e6 feff 
  0x0000025f848cda54: 1f00 85f6 | 0f84 201b | 0000 488b | 8424 3001 | 0000 4885 

  0x0000025f848cda68: ;   {metadata(method data for {method} {0x0000025f98454f60} 'valueOf' '(Ljava/lang/Object;)Ljava/lang/String;' in 'java/lang/String')}
  0x0000025f848cda68: c048 bad0 | 7009 da5f | 0200 0048 | c7c6 1001 | 0000 7507 | 48c7 c620 | 0100 0048 | 8b3c 3248 
  0x0000025f848cda88: 8d7f 0148 | 893c 320f | 851f 0000 

  0x0000025f848cda94: ;   {metadata(method data for {method} {0x0000025f98454f60} 'valueOf' '(Ljava/lang/Object;)Ljava/lang/String;' in 'java/lang/String')}
  0x0000025f848cda94: 0048 bad0 | 7009 da5f | 0200 00ff | 8230 0100 

  0x0000025f848cdaa4: ;   {oop("null"{0x0000000080000028})}
  0x0000025f848cdaa4: 0048 be28 | 0000 8000 | 0000 00e9 | ab00 0000 

  0x0000025f848cdab4: ; implicit exception: dispatches to 0x0000025f848cf59f
  0x0000025f848cdab4: 483b 0048 

  0x0000025f848cdab8: ;   {metadata(method data for {method} {0x0000025f98454f60} 'valueOf' '(Ljava/lang/Object;)Ljava/lang/String;' in 'java/lang/String')}
  0x0000025f848cdab8: 8bd0 48be | d070 09da | 5f02 0000 | 8b52 0849 | ba00 0000 | 985f 0200 | 0049 03d2 | 483b 9658 
  0x0000025f848cdad8: 0100 0075 | 0d48 8386 | 6001 0000 | 01e9 6000 | 0000 483b | 9668 0100 | 0075 0d48 | 8386 7001 
  0x0000025f848cdaf8: 0000 01e9 | 4a00 0000 | 4883 be58 | 0100 0000 | 7517 4889 | 9658 0100 | 0048 c786 | 6001 0000 
  0x0000025f848cdb18: 0100 0000 | e929 0000 | 0048 83be | 6801 0000 | 0075 1748 | 8996 6801 | 0000 48c7 | 8670 0100 
  0x0000025f848cdb38: 0001 0000 | 00e9 0800 | 0000 4883 | 8648 0100 | 0001 488b 

  0x0000025f848cdb4c: ;   {optimized virtual_call}
  0x0000025f848cdb4c: d066 90e8 

  0x0000025f848cdb50: ; ImmutableOopMap {[160]=Oop [168]=Oop [184]=Oop [208]=Oop [296]=Oop [304]=Oop [312]=Oop }
                      ;*invokevirtual toString {reexecute=0 rethrow=0 return_oop=0}
                      ; - java.lang.String::valueOf@11
                      ; - java.lang.StringBuilder::append@2
                      ; - org.eclipse.osgi.internal.loader.BundleLoader::findClass0@303 (line 520)
  0x0000025f848cdb50: 2c0c 2007 

  0x0000025f848cdb54: ;   {other}
  0x0000025f848cdb54: 0f1f 8400 | 4433 0027 | 488b f048 | 8b84 2428 

  0x0000025f848cdb64: ;   {metadata(method data for {method} {0x0000025f98461820} 'append' '(Ljava/lang/Object;)Ljava/lang/StringBuilder;' in 'java/lang/StringBuilder')}
  0x0000025f848cdb64: 0100 0049 | b830 6f09 | da5f 0200 | 0049 8380 | 2001 0000 

  0x0000025f848cdb78: ;   {metadata(method data for {method} {0x0000025f984617c8} 'append' '(Ljava/lang/String;)Ljava/lang/StringBuilder;' in 'java/lang/StringBuilder')}
  0x0000025f848cdb78: 0149 b898 | ba00 da5f | 0200 0041 | 8b90 cc00 | 0000 83c2 | 0241 8990 | cc00 0000 | 81e2 feff 
  0x0000025f848cdb98: 1f00 85d2 | 0f84 021a | 0000 488b | 8424 2801 

  0x0000025f848cdba8: ;   {metadata(method data for {method} {0x0000025f984617c8} 'append' '(Ljava/lang/String;)Ljava/lang/StringBuilder;' in 'java/lang/StringBuilder')}
  0x0000025f848cdba8: 0000 49b8 | 98ba 00da | 5f02 0000 | 4983 8010 | 0100 0001 | 4c8b c648 | 8b94 2428 

  0x0000025f848cdbc4: ;   {optimized virtual_call}
  0x0000025f848cdbc4: 0100 00e8 

  0x0000025f848cdbc8: ; ImmutableOopMap {[160]=Oop [168]=Oop [184]=Oop [208]=Oop [296]=Oop [304]=Oop [312]=Oop }
                      ;*invokespecial append {reexecute=0 rethrow=0 return_oop=0}
                      ; - java.lang.StringBuilder::append@2
                      ; - java.lang.StringBuilder::append@5
                      ; - org.eclipse.osgi.internal.loader.BundleLoader::findClass0@303 (line 520)
  0x0000025f848cdbc8: b40b 2007 

  0x0000025f848cdbcc: ;   {other}
  0x0000025f848cdbcc: 0f1f 8400 | bc33 0028 | 4c8b 8424 | 2801 0000 

  0x0000025f848cdbdc: ;   {metadata(method data for {method} {0x0000025fda58c830} 'findClass0' '(Ljava/lang/String;ZZ)Ljava/lang/Class;' in 'org/eclipse/osgi/internal/loader/BundleLoader')}
  0x0000025f848cdbdc: 498b c048 | ba00 4091 | da5f 0200 | 0048 8382 | 7008 0000 

  0x0000025f848cdbf0: ;   {metadata(method data for {method} {0x0000025f98008958} 'toString' '()Ljava/lang/String;' in 'java/lang/StringBuilder')}
  0x0000025f848cdbf0: 0148 baf0 | c100 da5f | 0200 008b | b2cc 0000 | 0083 c602 | 89b2 cc00 | 0000 81e6 | feff 1f00 
  0x0000025f848cdc10: 85f6 0f84 | ad19 0000 

  0x0000025f848cdc18: ;   {metadata('java/lang/String')}
  0x0000025f848cdc18: 48ba 78e8 | 0098 5f02 | 0000 498b | 87b8 0100 | 0048 8d78 | 1849 3bbf | c801 0000 | 0f87 ac19 
  0x0000025f848cdc38: 0000 4989 | bfb8 0100 | 0048 c700 | 0100 0000 | 488b ca49 | ba00 0000 | 985f 0200 | 0049 2bca 
  0x0000025f848cdc58: 8948 0848 | 33c9 8948 | 0c48 33c9 | 4889 4810 

  0x0000025f848cdc68: ;   {metadata(method data for {method} {0x0000025f98008958} 'toString' '()Ljava/lang/String;' in 'java/lang/StringBuilder')}
  0x0000025f848cdc68: 488b d048 | bef0 c100 | da5f 0200 | 0048 8386 | 1001 0000 

  0x0000025f848cdc7c: ;   {metadata(method data for {method} {0x0000025f98455ab8} '<init>' '(Ljava/lang/StringBuilder;)V' in 'java/lang/String')}
  0x0000025f848cdc7c: 0148 ba38 | c300 da5f | 0200 008b | b2cc 0000 | 0083 c602 | 89b2 cc00 | 0000 81e6 | feff 1f00 
  0x0000025f848cdc9c: 85f6 0f84 | 4f19 0000 

  0x0000025f848cdca4: ;   {metadata(method data for {method} {0x0000025f98455ab8} '<init>' '(Ljava/lang/StringBuilder;)V' in 'java/lang/String')}
  0x0000025f848cdca4: 488b d048 | be38 c300 | da5f 0200 | 0048 8386 | 1001 0000 

  0x0000025f848cdcb8: ;   {oop(nullptr)}
  0x0000025f848cdcb8: 0149 b900 | 0000 0000 | 0000 0048 | 8bd0 4889 | 8424 4001 

  0x0000025f848cdccc: ;   {optimized virtual_call}
  0x0000025f848cdccc: 0000 90e8 

  0x0000025f848cdcd0: ; ImmutableOopMap {[160]=Oop [168]=Oop [184]=Oop [208]=Oop [304]=Oop [312]=Oop [320]=Oop }
                      ;*invokespecial <init> {reexecute=0 rethrow=0 return_oop=0}
                      ; - java.lang.String::<init>@3
                      ; - java.lang.StringBuilder::toString@5
                      ; - org.eclipse.osgi.internal.loader.BundleLoader::findClass0@306 (line 520)
  0x0000025f848cdcd0: ac0a 2007 

  0x0000025f848cdcd4: ;   {other}
  0x0000025f848cdcd4: 0f1f 8400 | c434 0029 | 4c8b 8c24 | 3801 0000 

  0x0000025f848cdce4: ; implicit exception: dispatches to 0x0000025f848cf614
  0x0000025f848cdce4: 493b 014d 

  0x0000025f848cdce8: ;   {metadata(method data for {method} {0x0000025fda58c830} 'findClass0' '(Ljava/lang/String;ZZ)Ljava/lang/Class;' in 'org/eclipse/osgi/internal/loader/BundleLoader')}
  0x0000025f848cdce8: 8bc1 48ba | 0040 91da | 5f02 0000 

  0x0000025f848cdcf4: ;   {metadata('org/eclipse/osgi/internal/debug/Debug')}
  0x0000025f848cdcf4: 49ba 8007 | 0999 5f02 | 0000 4c89 | 92b8 0800 | 0048 8382 | c008 0000 

  0x0000025f848cdd0c: ;   {metadata(method data for {method} {0x0000025fda4e53d0} 'trace' '(Ljava/lang/String;Ljava/lang/String;)V' in 'org/eclipse/osgi/internal/debug/Debug')}
  0x0000025f848cdd0c: 0149 b810 | 6577 da5f | 0200 0041 | 8b90 cc00 | 0000 83c2 | 0241 8990 | cc00 0000 | 81e2 feff 
  0x0000025f848cdd2c: 1f00 85d2 | 0f84 e318 | 0000 418b | 5124 4885 

  0x0000025f848cdd3c: ;   {metadata(method data for {method} {0x0000025fda4e53d0} 'trace' '(Ljava/lang/String;Ljava/lang/String;)V' in 'org/eclipse/osgi/internal/debug/Debug')}
  0x0000025f848cdd3c: d249 b810 | 6577 da5f | 0200 0049 | c7c1 1001 | 0000 7407 | 49c7 c120 | 0100 004b | 8b34 0848 
  0x0000025f848cdd5c: 8d76 014b | 8934 080f | 84f9 0200 | 0048 85d2 | 0f84 2900 

  0x0000025f848cdd70: ;   {metadata('org/eclipse/osgi/internal/log/ExtendedLogServiceImpl')}
  0x0000025f848cdd70: 0000 48bf | 4054 0999 | 5f02 0000 | 8b72 0849 | ba00 0000 | 985f 0200 | 0049 03f2 | 483b 7e38 
  0x0000025f848cdd90: 0f85 a418 | 0000 e900 | 0000 004c | 8bc2 483b | 024c 8bc2 

  0x0000025f848cdda4: ;   {metadata(method data for {method} {0x0000025fda4e53d0} 'trace' '(Ljava/lang/String;Ljava/lang/String;)V' in 'org/eclipse/osgi/internal/debug/Debug')}
  0x0000025f848cdda4: 49b9 1065 | 77da 5f02 

  0x0000025f848cddac: ;   {metadata('org/eclipse/osgi/internal/log/ExtendedLogServiceImpl')}
  0x0000025f848cddac: 0000 49ba | 4054 0999 | 5f02 0000 | 4d89 9140 | 0100 0049 | 8381 4801 

  0x0000025f848cddc4: ;   {metadata(method data for {method} {0x0000025fda50ca80} 'getLogger' '(Ljava/lang/String;)Lorg/osgi/service/log/Logger;' in 'org/eclipse/osgi/internal/log/ExtendedLogServiceImpl')}
  0x0000025f848cddc4: 0000 0149 | b850 6777 | da5f 0200 | 0045 8b88 | cc00 0000 | 4183 c102 | 4589 88cc | 0000 0041 
  0x0000025f848cdde4: 81e1 feff | 1f00 4585 | c90f 8451 | 1800 004c 

  0x0000025f848cddf4: ;   {metadata(method data for {method} {0x0000025fda50ca80} 'getLogger' '(Ljava/lang/String;)Lorg/osgi/service/log/Logger;' in 'org/eclipse/osgi/internal/log/ExtendedLogServiceImpl')}
  0x0000025f848cddf4: 8bc2 49b9 | 5067 77da | 5f02 0000 

  0x0000025f848cde00: ;   {metadata('org/eclipse/osgi/internal/log/ExtendedLogServiceImpl')}
  0x0000025f848cde00: 49ba 4054 | 0999 5f02 | 0000 4d89 | 9120 0100 | 0049 8381 | 2801 0000 

  0x0000025f848cde18: ;   {metadata(method data for {method} {0x0000025fda50a308} 'getLogger' '(Ljava/lang/String;)Lorg/eclipse/equinox/log/Logger;' in 'org/eclipse/osgi/internal/log/ExtendedLogServiceImpl')}
  0x0000025f848cde18: 0149 b8e0 | 6877 da5f | 0200 0045 | 8b88 cc00 | 0000 4183 | c102 4589 | 88cc 0000 | 0041 81e1 
  0x0000025f848cde38: feff 1f00 | 4585 c90f | 8420 1800 | 004c 8bc2 

  0x0000025f848cde48: ;   {metadata(method data for {method} {0x0000025fda50a308} 'getLogger' '(Ljava/lang/String;)Lorg/eclipse/equinox/log/Logger;' in 'org/eclipse/osgi/internal/log/ExtendedLogServiceImpl')}
  0x0000025f848cde48: 49b9 e068 | 77da 5f02 

  0x0000025f848cde50: ;   {metadata('org/eclipse/osgi/internal/log/ExtendedLogServiceImpl')}
  0x0000025f848cde50: 0000 49ba | 4054 0999 | 5f02 0000 | 4d89 9120 | 0100 0049 | 8381 2801 | 0000 014c | 8b84 24d0 
  0x0000025f848cde70: ;   {oop(a 'java/lang/Class'{0x00000000d728fe10} = 'org/osgi/service/log/Logger')}
  0x0000025f848cde70: 0000 0049 | b910 fe28 | d700 0000 

  0x0000025f848cde7c: ;   {optimized virtual_call}
  0x0000025f848cde7c: 0066 90e8 

  0x0000025f848cde80: ; ImmutableOopMap {[160]=Oop [168]=Oop [184]=Oop [208]=Oop [304]=Oop [320]=Oop }
                      ;*invokevirtual getLogger {reexecute=0 rethrow=0 return_oop=0}
                      ; - org.eclipse.osgi.internal.log.ExtendedLogServiceImpl::getLogger@4 (line 73)
                      ; - org.eclipse.osgi.internal.log.ExtendedLogServiceImpl::getLogger@2 (line 1)
                      ; - org.eclipse.osgi.internal.debug.Debug::trace@11 (line 265)
                      ; - org.eclipse.osgi.internal.loader.BundleLoader::findClass0@309 (line 519)
  0x0000025f848cde80: fc08 2007 

  0x0000025f848cde84: ;   {other}
  0x0000025f848cde84: 0f1f 8400 | 7436 002a | 4885 c075 

  0x0000025f848cde90: ;   {metadata(method data for {method} {0x0000025fda50a308} 'getLogger' '(Ljava/lang/String;)Lorg/eclipse/equinox/log/Logger;' in 'org/eclipse/osgi/internal/log/ExtendedLogServiceImpl')}
  0x0000025f848cde90: 1648 bee0 | 6877 da5f | 0200 0080 | 8e41 0100 | 0001 e9e7 

  0x0000025f848cdea4: ;   {metadata('org/eclipse/equinox/log/Logger')}
  0x0000025f848cdea4: 0000 0048 | bff8 2709 | 995f 0200 | 008b 7008 | 49ba 0000 | 0098 5f02 | 0000 4903 | f248 3b7e 
  0x0000025f848cdec4: 200f 841a | 0000 0048 | 3bf7 0f84 | 1100 0000 

  0x0000025f848cded4: ;   {runtime_call slow_subtype_check Runtime1 stub}
  0x0000025f848cded4: 5657 e825 | 4c2b 075e | 5e85 f60f | 848d 0000 

  0x0000025f848cdee4: ;   {metadata(method data for {method} {0x0000025fda50a308} 'getLogger' '(Ljava/lang/String;)Lorg/eclipse/equinox/log/Logger;' in 'org/eclipse/osgi/internal/log/ExtendedLogServiceImpl')}
  0x0000025f848cdee4: 0048 bee0 | 6877 da5f | 0200 008b | 7808 49ba | 0000 0098 | 5f02 0000 | 4903 fa48 | 3bbe 5801 
  0x0000025f848cdf04: 0000 750d | 4883 8660 | 0100 0001 | e979 0000 | 0048 3bbe | 6801 0000 | 750d 4883 | 8670 0100 
  0x0000025f848cdf24: 0001 e963 | 0000 0048 | 83be 5801 | 0000 0075 | 1748 89be | 5801 0000 | 48c7 8660 | 0100 0001 
  0x0000025f848cdf44: 0000 00e9 | 4200 0000 | 4883 be68 | 0100 0000 | 7517 4889 | be68 0100 | 0048 c786 | 7001 0000 
  0x0000025f848cdf64: 0100 0000 | e921 0000 | 00e9 1c00 

  0x0000025f848cdf70: ;   {metadata(method data for {method} {0x0000025fda50a308} 'getLogger' '(Ljava/lang/String;)Lorg/eclipse/equinox/log/Logger;' in 'org/eclipse/osgi/internal/log/ExtendedLogServiceImpl')}
  0x0000025f848cdf70: 0000 48be | e068 77da | 5f02 0000 | 4883 ae48 | 0100 0001 | e9fd 1600 | 00e9 0000 | 0000 488b 
  0x0000025f848cdf90: d048 3b02 

  0x0000025f848cdf94: ;   {metadata(method data for {method} {0x0000025fda4e53d0} 'trace' '(Ljava/lang/String;Ljava/lang/String;)V' in 'org/eclipse/osgi/internal/debug/Debug')}
  0x0000025f848cdf94: 4c8b c248 | be10 6577 | da5f 0200 | 0045 8b40 | 0849 ba00 | 0000 985f | 0200 004d | 03c2 4c3b 
  0x0000025f848cdfb4: 8678 0100 | 0075 0d48 | 8386 8001 | 0000 01e9 | 6000 0000 | 4c3b 8688 | 0100 0075 | 0d48 8386 
  0x0000025f848cdfd4: 9001 0000 | 01e9 4a00 | 0000 4883 | be78 0100 | 0000 7517 | 4c89 8678 | 0100 0048 | c786 8001 
  0x0000025f848cdff4: 0000 0100 | 0000 e929 | 0000 0048 | 83be 8801 | 0000 0075 | 174c 8986 | 8801 0000 | 48c7 8690 
  0x0000025f848ce014: 0100 0001 | 0000 00e9 | 0800 0000 | 4883 8668 | 0100 0001 | 4c8b 8424 | 4001 0000 | 0f1f 4400 
  0x0000025f848ce034: 0048 b8ff | ffff ffff 

  0x0000025f848ce03c: ;   {virtual_call}
  0x0000025f848ce03c: ffff ffe8 

  0x0000025f848ce040: ; ImmutableOopMap {[160]=Oop [168]=Oop [184]=Oop [208]=Oop [304]=Oop }
                      ;*invokeinterface debug {reexecute=0 rethrow=0 return_oop=0}
                      ; - org.eclipse.osgi.internal.debug.Debug::trace@17 (line 265)
                      ; - org.eclipse.osgi.internal.loader.BundleLoader::findClass0@309 (line 519)
  0x0000025f848ce040: 3c0a 2007 

  0x0000025f848ce044: ;   {other}
  0x0000025f848ce044: 0f1f 8400 | 3438 002b 

  0x0000025f848ce04c: ;   {metadata(method data for {method} {0x0000025fda4e53d0} 'trace' '(Ljava/lang/String;Ljava/lang/String;)V' in 'org/eclipse/osgi/internal/debug/Debug')}
  0x0000025f848ce04c: 49b8 1065 | 77da 5f02 | 0000 41ff | 80a0 0100 | 00e9 5200 | 0000 488b | 8424 4001 

  0x0000025f848ce068: ;   {oop(a 'java/lang/Class'{0x00000000d728f4e0} = 'org/eclipse/osgi/internal/debug/Debug')}
  0x0000025f848ce068: 0000 49b8 | e0f4 28d7 | 0000 0000 | 418b 90d0 | 0000 0048 | 3b02 4c8b 

  0x0000025f848ce080: ;   {metadata(method data for {method} {0x0000025fda4e53d0} 'trace' '(Ljava/lang/String;Ljava/lang/String;)V' in 'org/eclipse/osgi/internal/debug/Debug')}
  0x0000025f848ce080: c248 be10 | 6577 da5f 

  0x0000025f848ce088: ;   {metadata('java/io/PrintStream')}
  0x0000025f848ce088: 0200 0049 | bac8 a300 | 985f 0200 | 004c 8996 | c801 0000 | 4883 86d0 | 0100 0001 

  0x0000025f848ce0a4: ;   {optimized virtual_call}
  0x0000025f848ce0a4: 4c8b c0e8 

  0x0000025f848ce0a8: ; ImmutableOopMap {[160]=Oop [168]=Oop [184]=Oop [208]=Oop [304]=Oop }
                      ;*invokevirtual println {reexecute=0 rethrow=0 return_oop=0}
                      ; - org.eclipse.osgi.internal.debug.Debug::trace@29 (line 267)
                      ; - org.eclipse.osgi.internal.loader.BundleLoader::findClass0@309 (line 519)
  0x0000025f848ce0a8: d406 2007 

  0x0000025f848ce0ac: ;   {other}
  0x0000025f848ce0ac: 0f1f 8400 | 9c38 002c | 488b 8424 | 3001 0000 

  0x0000025f848ce0bc: ; implicit exception: dispatches to 0x0000025f848cf699
  0x0000025f848ce0bc: 483b 004c 

  0x0000025f848ce0c0: ;   {metadata(method data for {method} {0x0000025fda58c830} 'findClass0' '(Ljava/lang/String;ZZ)Ljava/lang/Class;' in 'org/eclipse/osgi/internal/loader/BundleLoader')}
  0x0000025f848ce0c0: 8bc0 48ba | 0040 91da | 5f02 0000 | 458b 4008 | 49ba 0000 | 0098 5f02 | 0000 4d03 | c24c 3b82 
  0x0000025f848ce0e0: f008 0000 | 750d 4883 | 82f8 0800 | 0001 e960 | 0000 004c | 3b82 0009 | 0000 750d | 4883 8208 
  0x0000025f848ce100: 0900 0001 | e94a 0000 | 0048 83ba | f008 0000 | 0075 174c | 8982 f008 | 0000 48c7 | 82f8 0800 
  0x0000025f848ce120: 0001 0000 | 00e9 2900 | 0000 4883 | ba00 0900 | 0000 7517 | 4c89 8200 | 0900 0048 | c782 0809 
  0x0000025f848ce140: 0000 0100 | 0000 e908 | 0000 0048 | 8382 e008 | 0000 014c | 8b84 24a0 | 0000 0048 | 8bd0 0f1f 
  0x0000025f848ce160: 8000 0000 | 0048 b8ff | ffff ffff 

  0x0000025f848ce16c: ;   {virtual_call}
  0x0000025f848ce16c: ffff ffe8 

  0x0000025f848ce170: ; ImmutableOopMap {[160]=Oop [168]=Oop [184]=Oop [208]=Oop [304]=Oop }
                      ;*invokevirtual loadClass {reexecute=0 rethrow=0 return_oop=0}
                      ; - org.eclipse.osgi.internal.loader.BundleLoader::findClass0@315 (line 523)
  0x0000025f848ce170: ecd3 1f07 

  0x0000025f848ce174: ;   {other}
  0x0000025f848ce174: 0f1f 8400 | 6439 002d | 488b f048 

  0x0000025f848ce180: ;   {metadata(method data for {method} {0x0000025fda58c830} 'findClass0' '(Ljava/lang/String;ZZ)Ljava/lang/Class;' in 'org/eclipse/osgi/internal/loader/BundleLoader')}
  0x0000025f848ce180: 85f6 49b8 | 0040 91da | 5f02 0000 | 48c7 c218 | 0900 0075 | 0748 c7c2 | 2809 0000 | 498b 3c10 
  0x0000025f848ce1a0: 488d 7f01 | 4989 3c10 | 0f85 c900 | 0000 488b | 9424 a800 

  0x0000025f848ce1b4: ;   {metadata(method data for {method} {0x0000025fda58c830} 'findClass0' '(Ljava/lang/String;ZZ)Ljava/lang/Class;' in 'org/eclipse/osgi/internal/loader/BundleLoader')}
  0x0000025f848ce1b4: 0000 49b8 | 0040 91da | 5f02 0000 | 8b52 0849 | ba00 0000 | 985f 0200 | 0049 03d2 | 493b 9048 
  0x0000025f848ce1d4: 0900 0075 | 0d49 8380 | 5009 0000 | 01e9 6000 | 0000 493b | 9058 0900 | 0075 0d49 | 8380 6009 
  0x0000025f848ce1f4: 0000 01e9 | 4a00 0000 | 4983 b848 | 0900 0000 | 7517 4989 | 9048 0900 | 0049 c780 | 5009 0000 
  0x0000025f848ce214: 0100 0000 | e929 0000 | 0049 83b8 | 5809 0000 | 0075 1749 | 8990 5809 | 0000 49c7 | 8060 0900 
  0x0000025f848ce234: 0001 0000 | 00e9 0800 | 0000 4983 | 8038 0900 | 0001 4c8b | 8424 a000 | 0000 488b | 9424 a800 
  0x0000025f848ce254: 0000 0f1f | 8000 0000 | 0048 b8ff | ffff ffff 

  0x0000025f848ce264: ;   {virtual_call}
  0x0000025f848ce264: ffff ffe8 

  0x0000025f848ce268: ; ImmutableOopMap {[160]=Oop [168]=Oop [184]=Oop [208]=Oop [304]=Oop }
                      ;*invokevirtual findLocalClass {reexecute=0 rethrow=0 return_oop=0}
                      ; - org.eclipse.osgi.internal.loader.BundleLoader::findClass0@327 (line 527)
  0x0000025f848ce268: 34d2 1f07 

  0x0000025f848ce26c: ;   {other}
  0x0000025f848ce26c: 0f1f 8400 | 5c3a 002e | 488b f048 

  0x0000025f848ce278: ;   {metadata(method data for {method} {0x0000025fda58c830} 'findClass0' '(Ljava/lang/String;ZZ)Ljava/lang/Class;' in 'org/eclipse/osgi/internal/loader/BundleLoader')}
  0x0000025f848ce278: 85f6 49b8 | 0040 91da | 5f02 0000 | 48c7 c280 | 0900 0075 | 0748 c7c2 | 7009 0000 | 498b 3c10 
  0x0000025f848ce298: 488d 7f01 | 4989 3c10 | 0f85 3408 | 0000 488b | 8424 3001 | 0000 4885 

  0x0000025f848ce2b0: ;   {metadata(method data for {method} {0x0000025fda58c830} 'findClass0' '(Ljava/lang/String;ZZ)Ljava/lang/Class;' in 'org/eclipse/osgi/internal/loader/BundleLoader')}
  0x0000025f848ce2b0: c049 b800 | 4091 da5f | 0200 0048 | c7c2 9009 | 0000 7507 | 48c7 c2a0 | 0900 0049 | 8b3c 1048 
  0x0000025f848ce2d0: 8d7f 0149 | 893c 100f | 857e 0000 | 0048 89b4 | 2448 0100 | 0048 8bb4 | 24b8 0000 | 0048 8b94 
  0x0000025f848ce2f0: 24a8 0000 

  0x0000025f848ce2f4: ;   {metadata(method data for {method} {0x0000025fda58c830} 'findClass0' '(Ljava/lang/String;ZZ)Ljava/lang/Class;' in 'org/eclipse/osgi/internal/loader/BundleLoader')}
  0x0000025f848ce2f4: 0049 b800 | 4091 da5f | 0200 0049 | 8380 b009 | 0000 014c | 8bc6 488b | 9424 a800 | 0000 0f1f 
  0x0000025f848ce314: ;   {optimized virtual_call}
  0x0000025f848ce314: 4400 00e8 

  0x0000025f848ce318: ; ImmutableOopMap {[160]=Oop [168]=Oop [208]=Oop [328]=Oop }
                      ;*invokespecial findDynamicSource {reexecute=0 rethrow=0 return_oop=0}
                      ; - org.eclipse.osgi.internal.loader.BundleLoader::findClass0@348 (line 533)
  0x0000025f848ce318: 6404 2007 

  0x0000025f848ce31c: ;   {other}
  0x0000025f848ce31c: 0f1f 8400 | 0c3b 002f 

  0x0000025f848ce324: ;   {metadata(method data for {method} {0x0000025fda58c830} 'findClass0' '(Ljava/lang/String;ZZ)Ljava/lang/Class;' in 'org/eclipse/osgi/internal/loader/BundleLoader')}
  0x0000025f848ce324: 4885 c049 | b800 4091 | da5f 0200 | 0049 c7c1 | d009 0000 | 7507 49c7 | c1c0 0900 | 004b 8b14 
  0x0000025f848ce344: 0848 8d52 | 014b 8914 | 080f 8583 | 0100 0048 | 8bb4 2448 | 0100 0048 

  0x0000025f848ce35c: ;   {metadata(method data for {method} {0x0000025fda58c830} 'findClass0' '(Ljava/lang/String;ZZ)Ljava/lang/Class;' in 'org/eclipse/osgi/internal/loader/BundleLoader')}
  0x0000025f848ce35c: 85f6 49b8 | 0040 91da | 5f02 0000 | 49c7 c148 | 0a00 0075 | 0749 c7c1 | 580a 0000 | 4b8b 1408 
  0x0000025f848ce37c: 488d 5201 | 4b89 1408 | 0f85 7202 | 0000 4889 | b424 4801 | 0000 488b | 9424 a800 

  0x0000025f848ce398: ;   {metadata(method data for {method} {0x0000025fda58c830} 'findClass0' '(Ljava/lang/String;ZZ)Ljava/lang/Class;' in 'org/eclipse/osgi/internal/loader/BundleLoader')}
  0x0000025f848ce398: 0000 49b8 | 0040 91da | 5f02 0000 | 4983 8068 | 0a00 0001 | 4c8b 8424 | a000 0000 | 41b9 0200 
  0x0000025f848ce3b8: 0000 488b | 9424 a800 | 0000 0f1f 

  0x0000025f848ce3c4: ;   {optimized virtual_call}
  0x0000025f848ce3c4: 4400 00e8 

  0x0000025f848ce3c8: ; ImmutableOopMap {[160]=Oop [168]=Oop [208]=Oop [328]=Oop }
                      ;*invokespecial searchHooks {reexecute=0 rethrow=0 return_oop=0}
                      ; - org.eclipse.osgi.internal.loader.BundleLoader::findClass0@391 (line 544)
  0x0000025f848ce3c8: b403 2007 

  0x0000025f848ce3cc: ;   {other}
  0x0000025f848ce3cc: 0f1f 8400 | bc3b 0030 | 4885 c075 

  0x0000025f848ce3d8: ;   {metadata(method data for {method} {0x0000025fda58c830} 'findClass0' '(Ljava/lang/String;ZZ)Ljava/lang/Class;' in 'org/eclipse/osgi/internal/loader/BundleLoader')}
  0x0000025f848ce3d8: 1648 be00 | 4091 da5f | 0200 0080 | 8e71 0a00 | 0001 e9cc 

  0x0000025f848ce3ec: ;   {metadata('java/lang/Class')}
  0x0000025f848ce3ec: 0000 0048 | bf50 6b00 | 985f 0200 | 008b 5008 | 49ba 0000 | 0098 5f02 | 0000 4903 | d248 3bfa 
  0x0000025f848ce40c: 0f85 8d00 

  0x0000025f848ce410: ;   {metadata(method data for {method} {0x0000025fda58c830} 'findClass0' '(Ljava/lang/String;ZZ)Ljava/lang/Class;' in 'org/eclipse/osgi/internal/loader/BundleLoader')}
  0x0000025f848ce410: 0000 48be | 0040 91da | 5f02 0000 | 8b78 0849 | ba00 0000 | 985f 0200 | 0049 03fa | 483b be88 
  0x0000025f848ce430: 0a00 0075 | 0d48 8386 | 900a 0000 | 01e9 7900 | 0000 483b | be98 0a00 | 0075 0d48 | 8386 a00a 
  0x0000025f848ce450: 0000 01e9 | 6300 0000 | 4883 be88 | 0a00 0000 | 7517 4889 | be88 0a00 | 0048 c786 | 900a 0000 
  0x0000025f848ce470: 0100 0000 | e942 0000 | 0048 83be | 980a 0000 | 0075 1748 | 89be 980a | 0000 48c7 | 86a0 0a00 
  0x0000025f848ce490: 0001 0000 | 00e9 2100 | 0000 e91c 

  0x0000025f848ce49c: ;   {metadata(method data for {method} {0x0000025fda58c830} 'findClass0' '(Ljava/lang/String;ZZ)Ljava/lang/Class;' in 'org/eclipse/osgi/internal/loader/BundleLoader')}
  0x0000025f848ce49c: 0000 0048 | be00 4091 | da5f 0200 | 0048 83ae | 780a 0000 | 01e9 e811 | 0000 e900 | 0000 004c 
  0x0000025f848ce4bc: ;   {metadata(method data for {method} {0x0000025fda58c830} 'findClass0' '(Ljava/lang/String;ZZ)Ljava/lang/Class;' in 'org/eclipse/osgi/internal/loader/BundleLoader')}
  0x0000025f848ce4bc: 8bc0 48ba | 0040 91da | 5f02 0000 | ff82 b00a | 0000 498b | f0e9 2601 | 0000 483b | 004c 8bc0 
  0x0000025f848ce4dc: ;   {metadata(method data for {method} {0x0000025fda58c830} 'findClass0' '(Ljava/lang/String;ZZ)Ljava/lang/Class;' in 'org/eclipse/osgi/internal/loader/BundleLoader')}
  0x0000025f848ce4dc: 48ba 0040 | 91da 5f02 | 0000 458b | 4008 49ba | 0000 0098 | 5f02 0000 | 4d03 c24c | 3b82 f009 
  0x0000025f848ce4fc: 0000 750d | 4883 82f8 | 0900 0001 | e960 0000 | 004c 3b82 | 000a 0000 | 750d 4883 | 8208 0a00 
  0x0000025f848ce51c: 0001 e94a | 0000 0048 | 83ba f009 | 0000 0075 | 174c 8982 | f009 0000 | 48c7 82f8 | 0900 0001 
  0x0000025f848ce53c: 0000 00e9 | 2900 0000 | 4883 ba00 | 0a00 0000 | 7517 4c89 | 8200 0a00 | 0048 c782 | 080a 0000 
  0x0000025f848ce55c: 0100 0000 | e908 0000 | 0048 8382 | e009 0000 | 014c 8b84 | 24a0 0000 | 0048 8bd0 | 0f1f 4400 
  0x0000025f848ce57c: 0048 b8ff | ffff ffff 

  0x0000025f848ce584: ;   {virtual_call}
  0x0000025f848ce584: ffff ffe8 

  0x0000025f848ce588: ; ImmutableOopMap {[160]=Oop [168]=Oop [208]=Oop }
                      ;*invokevirtual loadClass {reexecute=0 rethrow=0 return_oop=0}
                      ; - org.eclipse.osgi.internal.loader.BundleLoader::findClass0@361 (line 535)
  0x0000025f848ce588: f404 2007 

  0x0000025f848ce58c: ;   {other}
  0x0000025f848ce58c: 0f1f 8400 | 7c3d 0031 

  0x0000025f848ce594: ;   {metadata(method data for {method} {0x0000025fda58c830} 'findClass0' '(Ljava/lang/String;ZZ)Ljava/lang/Class;' in 'org/eclipse/osgi/internal/loader/BundleLoader')}
  0x0000025f848ce594: 4885 c049 | b800 4091 | da5f 0200 | 0048 c7c2 | 180a 0000 | 7407 48c7 | c228 0a00 | 0049 8b34 
  0x0000025f848ce5b4: 1048 8d76 | 0149 8934 | 100f 84b6 | 0400 0048 | 81c4 7001 

  0x0000025f848ce5c8: ;   {poll_return}
  0x0000025f848ce5c8: 0000 5d49 | 3ba7 5004 | 0000 0f87 | d410 0000 | c349 8b87 | 0005 0000 | 4d33 d24d | 8997 0005 
  0x0000025f848ce5e8: 0000 4d33 | d24d 8997 | 0805 0000 | 488b b424 | 4801 0000 

  0x0000025f848ce5fc: ;   {metadata(method data for {method} {0x0000025fda58c830} 'findClass0' '(Ljava/lang/String;ZZ)Ljava/lang/Class;' in 'org/eclipse/osgi/internal/loader/BundleLoader')}
  0x0000025f848ce5fc: 4885 f649 | b800 4091 | da5f 0200 | 0048 c7c2 | c80a 0000 | 7507 48c7 | c2d8 0a00 | 0049 8b3c 
  0x0000025f848ce61c: 1048 8d7f | 0149 893c | 100f 8564 | 0000 0048 | 8b94 24a8 | 0000 008b | 7a1c 4885 

  0x0000025f848ce638: ;   {metadata(method data for {method} {0x0000025fda58c830} 'findClass0' '(Ljava/lang/String;ZZ)Ljava/lang/Class;' in 'org/eclipse/osgi/internal/loader/BundleLoader')}
  0x0000025f848ce638: ff49 b800 | 4091 da5f | 0200 0048 | c7c3 e80a | 0000 7407 | 48c7 c3f8 | 0a00 0049 | 8b04 1848 
  0x0000025f848ce658: 8d40 0149 | 8904 180f | 842a 0000 | 004c 8b84 | 24a0 0000 | 0048 8bd7 | 0f1f 4400 | 0048 b8ff 
  0x0000025f848ce678: ffff ffff 

  0x0000025f848ce67c: ;   {virtual_call}
  0x0000025f848ce67c: ffff ffe8 

  0x0000025f848ce680: ; ImmutableOopMap {[160]=Oop [168]=Oop [208]=Oop }
                      ;*invokevirtual doBuddyClassLoading {reexecute=0 rethrow=0 return_oop=0}
                      ; - org.eclipse.osgi.internal.loader.BundleLoader::findClass0@421 (line 550)
  0x0000025f848ce680: fc03 2007 

  0x0000025f848ce684: ;   {other}
  0x0000025f848ce684: 0f1f 8400 | 743e 0032 | 488b f048 

  0x0000025f848ce690: ;   {metadata(method data for {method} {0x0000025fda58c830} 'findClass0' '(Ljava/lang/String;ZZ)Ljava/lang/Class;' in 'org/eclipse/osgi/internal/loader/BundleLoader')}
  0x0000025f848ce690: 85f6 48ba | 0040 91da | 5f02 0000 | 48c7 c750 | 0b00 0075 | 0748 c7c7 | 400b 0000 | 488b 1c3a 
  0x0000025f848ce6b0: 488d 5b01 | 4889 1c3a | 0f85 8c03 | 0000 448b | 8c24 b000 | 0000 4585 

  0x0000025f848ce6c8: ;   {metadata(method data for {method} {0x0000025fda58c830} 'findClass0' '(Ljava/lang/String;ZZ)Ljava/lang/Class;' in 'org/eclipse/osgi/internal/loader/BundleLoader')}
  0x0000025f848ce6c8: c948 ba00 | 4091 da5f | 0200 0048 | c7c6 700b | 0000 7507 | 48c7 c660 | 0b00 0048 | 8b3c 3248 
  0x0000025f848ce6e8: 8d7f 0148 | 893c 320f | 8524 0000 | 0048 8b9c | 24d0 0000 | 008b bc24 | b400 0000 | 4c8b 8424 
  0x0000025f848ce708: a000 0000 | 488b 9424 | a800 0000 | e95b 0600 | 0048 8b94 | 24a8 0000 | 008b 7248 

  0x0000025f848ce724: ;   {metadata(method data for {method} {0x0000025fda58c830} 'findClass0' '(Ljava/lang/String;ZZ)Ljava/lang/Class;' in 'org/eclipse/osgi/internal/loader/BundleLoader')}
  0x0000025f848ce724: 4885 f648 | be00 4091 | da5f 0200 | 0048 c7c7 | 900b 0000 | 7507 48c7 | c780 0b00 | 0048 8b1c 
  0x0000025f848ce744: 3e48 8d5b | 0148 891c | 3e0f 851c | 0000 0048 | 8b9c 24d0 | 0000 008b | bc24 b400 | 0000 4c8b 
  0x0000025f848ce764: 8424 a000 | 0000 e905 | 0600 008b | b424 e000 | 0000 85f6 

  0x0000025f848ce778: ;   {metadata(method data for {method} {0x0000025fda58c830} 'findClass0' '(Ljava/lang/String;ZZ)Ljava/lang/Class;' in 'org/eclipse/osgi/internal/loader/BundleLoader')}
  0x0000025f848ce778: 48be 0040 | 91da 5f02 | 0000 48c7 | c7b0 0b00 | 0074 0748 | c7c7 a00b | 0000 488b | 1c3e 488d 
  0x0000025f848ce798: 5b01 4889 | 1c3e 0f84 | 1c00 0000 | 488b 9c24 | d000 0000 | 8bbc 24b4 | 0000 004c | 8b84 24a0 
  0x0000025f848ce7b8: 0000 00e9 | b405 0000 | 8b72 1448 | 3b06 488b 

  0x0000025f848ce7c8: ;   {metadata(method data for {method} {0x0000025fda58c830} 'findClass0' '(Ljava/lang/String;ZZ)Ljava/lang/Class;' in 'org/eclipse/osgi/internal/loader/BundleLoader')}
  0x0000025f848ce7c8: fe48 bb00 | 4091 da5f 

  0x0000025f848ce7d0: ;   {metadata('org/eclipse/osgi/internal/framework/EquinoxContainer')}
  0x0000025f848ce7d0: 0200 0049 | ba40 9c08 | 995f 0200 | 004c 8993 | d00b 0000 | 4883 83d8 | 0b00 0001 | 8b76 140f 
  0x0000025f848ce7f0: be76 1e85 

  0x0000025f848ce7f4: ;   {metadata(method data for {method} {0x0000025fda58c830} 'findClass0' '(Ljava/lang/String;ZZ)Ljava/lang/Class;' in 'org/eclipse/osgi/internal/loader/BundleLoader')}
  0x0000025f848ce7f4: f648 be00 | 4091 da5f | 0200 0048 | c7c7 f80b | 0000 7507 | 48c7 c708 | 0c00 0048 | 8b1c 3e48 
  0x0000025f848ce814: 8d5b 0148 | 891c 3e0f | 858a 0000 | 0048 8bf2 

  0x0000025f848ce824: ;   {metadata(method data for {method} {0x0000025fda58c830} 'findClass0' '(Ljava/lang/String;ZZ)Ljava/lang/Class;' in 'org/eclipse/osgi/internal/loader/BundleLoader')}
  0x0000025f848ce824: 48bf 0040 | 91da 5f02 | 0000 4883 | 8718 0c00 | 0001 488b | f248 8bd6 

  0x0000025f848ce83c: ;   {optimized virtual_call}
  0x0000025f848ce83c: 6666 90e8 

  0x0000025f848ce840: ; ImmutableOopMap {[160]=Oop [168]=Oop [208]=Oop }
                      ;*invokespecial isRequestFromVM {reexecute=0 rethrow=0 return_oop=0}
                      ; - org.eclipse.osgi.internal.loader.BundleLoader::findClass0@464 (line 556)
  0x0000025f848ce840: 3cff 1f07 

  0x0000025f848ce844: ;   {other}
  0x0000025f848ce844: 0f1f 8400 | 3440 0033 

  0x0000025f848ce84c: ;   {metadata(method data for {method} {0x0000025fda58c830} 'findClass0' '(Ljava/lang/String;ZZ)Ljava/lang/Class;' in 'org/eclipse/osgi/internal/loader/BundleLoader')}
  0x0000025f848ce84c: 85c0 49b8 | 0040 91da | 5f02 0000 | 49c7 c128 | 0c00 0074 | 0749 c7c1 | 380c 0000 | 4b8b 1408 
  0x0000025f848ce86c: 488d 5201 | 4b89 1408 | 0f84 0d00 | 0000 488b | 9424 a800 | 0000 e924 | 0000 0048 | 8b9c 24d0 
  0x0000025f848ce88c: 0000 008b | bc24 b400 | 0000 4c8b | 8424 a000 | 0000 488b | 9424 a800 | 0000 e9c9 | 0400 008b 
  0x0000025f848ce8ac: 7248 483b | 064c 8bc6 

  0x0000025f848ce8b4: ;   {metadata(method data for {method} {0x0000025fda58c830} 'findClass0' '(Ljava/lang/String;ZZ)Ljava/lang/Class;' in 'org/eclipse/osgi/internal/loader/BundleLoader')}
  0x0000025f848ce8b4: 49b9 0040 | 91da 5f02 | 0000 458b | 4008 49ba | 0000 0098 | 5f02 0000 | 4d03 c24d | 3b81 580c 
  0x0000025f848ce8d4: 0000 750d | 4983 8160 | 0c00 0001 | e960 0000 | 004d 3b81 | 680c 0000 | 750d 4983 | 8170 0c00 
  0x0000025f848ce8f4: 0001 e94a | 0000 0049 | 83b9 580c | 0000 0075 | 174d 8981 | 580c 0000 | 49c7 8160 | 0c00 0001 
  0x0000025f848ce914: 0000 00e9 | 2900 0000 | 4983 b968 | 0c00 0000 | 7517 4d89 | 8168 0c00 | 0049 c781 | 700c 0000 
  0x0000025f848ce934: 0100 0000 | e908 0000 | 0049 8381 | 480c 0000 

  0x0000025f848ce944: ;   {metadata(method data for {method} {0x0000025f980143f0} 'loadClass' '(Ljava/lang/String;)Ljava/lang/Class;' in 'java/lang/ClassLoader')}
  0x0000025f848ce944: 0149 b830 | a62b da5f | 0200 0045 | 8b88 cc00 | 0000 4183 | c102 4589 | 88cc 0000 | 0041 81e1 
  0x0000025f848ce964: feff 1f00 | 4585 c90f | 8460 0d00 | 004c 8bc6 

  0x0000025f848ce974: ;   {metadata(method data for {method} {0x0000025f980143f0} 'loadClass' '(Ljava/lang/String;)Ljava/lang/Class;' in 'java/lang/ClassLoader')}
  0x0000025f848ce974: 49b9 30a6 | 2bda 5f02 | 0000 458b | 4008 49ba | 0000 0098 | 5f02 0000 | 4d03 c24d | 3b81 2001 
  0x0000025f848ce994: 0000 750d | 4983 8128 | 0100 0001 | e960 0000 | 004d 3b81 | 3001 0000 | 750d 4983 | 8138 0100 
  0x0000025f848ce9b4: 0001 e94a | 0000 0049 | 83b9 2001 | 0000 0075 | 174d 8981 | 2001 0000 | 49c7 8128 | 0100 0001 
  0x0000025f848ce9d4: 0000 00e9 | 2900 0000 | 4983 b930 | 0100 0000 | 7517 4d89 | 8130 0100 | 0049 c781 | 3801 0000 
  0x0000025f848ce9f4: 0100 0000 | e908 0000 | 0049 8381 | 1001 0000 | 014c 8b84 | 24a0 0000 | 0041 b900 | 0000 0048 
  0x0000025f848cea14: 8bd6 0f1f | 8000 0000 | 0048 b8ff | ffff ffff 

  0x0000025f848cea24: ;   {virtual_call}
  0x0000025f848cea24: ffff ffe8 

  0x0000025f848cea28: ; ImmutableOopMap {[160]=Oop [168]=Oop [208]=Oop }
                      ;*invokevirtual loadClass {reexecute=0 rethrow=0 return_oop=0}
                      ; - java.lang.ClassLoader::loadClass@3
                      ; - org.eclipse.osgi.internal.loader.BundleLoader::findClass0@475 (line 559)
  0x0000025f848cea28: 5400 2007 

  0x0000025f848cea2c: ;   {other}
  0x0000025f848cea2c: 0f1f 8400 | 1c42 0034 | 4881 c470 | 0100 005d 

  0x0000025f848cea3c: ;   {poll_return}
  0x0000025f848cea3c: 493b a750 | 0400 000f | 87a9 0c00 | 00c3 488b | c648 81c4 | 7001 0000 

  0x0000025f848cea54: ;   {poll_return}
  0x0000025f848cea54: 5d49 3ba7 | 5004 0000 | 0f87 a60c | 0000 c348 | 81c4 7001 

  0x0000025f848cea68: ;   {poll_return}
  0x0000025f848cea68: 0000 5d49 | 3ba7 5004 | 0000 0f87 | a60c 0000 | c348 8b94 | 24a8 0000 

  0x0000025f848cea80: ;   {metadata(method data for {method} {0x0000025fda58c830} 'findClass0' '(Ljava/lang/String;ZZ)Ljava/lang/Class;' in 'org/eclipse/osgi/internal/loader/BundleLoader')}
  0x0000025f848cea80: 0049 b800 | 4091 da5f | 0200 0049 | 8380 380a | 0000 014c | 8b84 24a0 | 0000 0044 | 8b8c 24b4 
  0x0000025f848ceaa0: 0000 0048 | 8bbc 24d0 | 0000 0048 | 8b94 24a8 | 0000 000f 

  0x0000025f848ceab4: ;   {optimized virtual_call}
  0x0000025f848ceab4: 1f40 00e8 

  0x0000025f848ceab8: ; ImmutableOopMap {}
                      ;*invokespecial generateException {reexecute=0 rethrow=0 return_oop=0}
                      ; - org.eclipse.osgi.internal.loader.BundleLoader::findClass0@379 (line 538)
  0x0000025f848ceab8: c4fc 1f07 

  0x0000025f848ceabc: ;   {other}
  0x0000025f848ceabc: 0f1f 8400 | ac42 0035 | 4881 c470 | 0100 005d 

  0x0000025f848ceacc: ;   {poll_return}
  0x0000025f848ceacc: 493b a750 | 0400 000f | 875b 0c00 | 00c3 488b | c648 81c4 | 7001 0000 

  0x0000025f848ceae4: ;   {poll_return}
  0x0000025f848ceae4: 5d49 3ba7 | 5004 0000 | 0f87 580c | 0000 c348 | 81c4 7001 

  0x0000025f848ceaf8: ;   {poll_return}
  0x0000025f848ceaf8: 0000 5d49 | 3ba7 5004 | 0000 0f87 | 580c 0000 | c348 8b94 | 24a8 0000 

  0x0000025f848ceb10: ;   {metadata(method data for {method} {0x0000025fda58c830} 'findClass0' '(Ljava/lang/String;ZZ)Ljava/lang/Class;' in 'org/eclipse/osgi/internal/loader/BundleLoader')}
  0x0000025f848ceb10: 0049 b800 | 4091 da5f | 0200 0049 | 8380 5807 | 0000 014c | 8b84 24a0 | 0000 0044 | 8b8c 24b4 
  0x0000025f848ceb30: 0000 0048 | 8bbc 24d0 | 0000 0048 | 8b94 24a8 | 0000 000f 

  0x0000025f848ceb44: ;   {optimized virtual_call}
  0x0000025f848ceb44: 1f40 00e8 

  0x0000025f848ceb48: ; ImmutableOopMap {}
                      ;*invokespecial generateException {reexecute=0 rethrow=0 return_oop=0}
                      ; - org.eclipse.osgi.internal.loader.BundleLoader::findClass0@252 (line 513)
  0x0000025f848ceb48: 34fc 1f07 

  0x0000025f848ceb4c: ;   {other}
  0x0000025f848ceb4c: 0f1f 8400 | 3c43 0036 | 4881 c470 | 0100 005d 

  0x0000025f848ceb5c: ;   {poll_return}
  0x0000025f848ceb5c: 493b a750 | 0400 000f | 870d 0c00 | 00c3 4881 | c470 0100 

  0x0000025f848ceb70: ;   {poll_return}
  0x0000025f848ceb70: 005d 493b | a750 0400 | 000f 870d | 0c00 00c3 | 4881 c470 | 0100 005d 

  0x0000025f848ceb88: ;   {poll_return}
  0x0000025f848ceb88: 493b a750 | 0400 000f | 870d 0c00 | 00c3 488b | 9424 a800 | 0000 8b52 | 4848 3b02 

  0x0000025f848ceba4: ;   {metadata(method data for {method} {0x0000025fda58c830} 'findClass0' '(Ljava/lang/String;ZZ)Ljava/lang/Class;' in 'org/eclipse/osgi/internal/loader/BundleLoader')}
  0x0000025f848ceba4: 4c8b c249 | b900 4091 | da5f 0200 | 0045 8b40 | 0849 ba00 | 0000 985f | 0200 004d | 03c2 4d3b 
  0x0000025f848cebc4: 81b8 0100 | 0075 0d49 | 8381 c001 | 0000 01e9 | 6000 0000 | 4d3b 81c8 | 0100 0075 | 0d49 8381 
  0x0000025f848cebe4: d001 0000 | 01e9 4a00 | 0000 4983 | b9b8 0100 | 0000 7517 | 4d89 81b8 | 0100 0049 | c781 c001 
  0x0000025f848cec04: 0000 0100 | 0000 e929 | 0000 0049 | 83b9 c801 | 0000 0075 | 174d 8981 | c801 0000 | 49c7 81d0 
  0x0000025f848cec24: 0100 0001 | 0000 00e9 | 0800 0000 | 4983 81a8 | 0100 0001 

  0x0000025f848cec38: ;   {metadata(method data for {method} {0x0000025f980143f0} 'loadClass' '(Ljava/lang/String;)Ljava/lang/Class;' in 'java/lang/ClassLoader')}
  0x0000025f848cec38: 49b8 30a6 | 2bda 5f02 | 0000 458b | 88cc 0000 | 0041 83c1 | 0245 8988 | cc00 0000 | 4181 e1fe 
  0x0000025f848cec58: ff1f 0045 | 85c9 0f84 | 590b 0000 

  0x0000025f848cec64: ;   {metadata(method data for {method} {0x0000025f980143f0} 'loadClass' '(Ljava/lang/String;)Ljava/lang/Class;' in 'java/lang/ClassLoader')}
  0x0000025f848cec64: 4c8b c249 | b930 a62b | da5f 0200 | 0045 8b40 | 0849 ba00 | 0000 985f | 0200 004d | 03c2 4d3b 
  0x0000025f848cec84: 8120 0100 | 0075 0d49 | 8381 2801 | 0000 01e9 | 6000 0000 | 4d3b 8130 | 0100 0075 | 0d49 8381 
  0x0000025f848ceca4: 3801 0000 | 01e9 4a00 | 0000 4983 | b920 0100 | 0000 7517 | 4d89 8120 | 0100 0049 | c781 2801 
  0x0000025f848cecc4: 0000 0100 | 0000 e929 | 0000 0049 | 83b9 3001 | 0000 0075 | 174d 8981 | 3001 0000 | 49c7 8138 
  0x0000025f848cece4: 0100 0001 | 0000 00e9 | 0800 0000 | 4983 8110 | 0100 0001 | 4c8b 8424 | a000 0000 | 41b9 0000 
  0x0000025f848ced04: 0000 0f1f | 8000 0000 | 0048 b8f8 | 8206 985f 

  0x0000025f848ced14: ;   {virtual_call}
  0x0000025f848ced14: 0200 00e8 

  0x0000025f848ced18: ; ImmutableOopMap {}
                      ;*invokevirtual loadClass {reexecute=0 rethrow=0 return_oop=0}
                      ; - java.lang.ClassLoader::loadClass@3
                      ; - org.eclipse.osgi.internal.loader.BundleLoader::findClass0@25 (line 470)
  0x0000025f848ced18: 4443 e3ff 

  0x0000025f848ced1c: ;   {other}
  0x0000025f848ced1c: 0f1f 8400 | 0c45 0037 | 4881 c470 | 0100 005d 

  0x0000025f848ced2c: ;   {poll_return}
  0x0000025f848ced2c: 493b a750 | 0400 000f | 87a5 0a00 | 00c3 488b | 9424 a800 | 0000 498b | 8700 0500 | 004d 33d2 
  0x0000025f848ced4c: 4d89 9700 | 0500 004d | 33d2 4d89 | 9708 0500 | 0048 8b9c | 24d0 0000 | 008b bc24 | b400 0000 
  0x0000025f848ced6c: 4c8b 8424 | a000 0000 

  0x0000025f848ced74: ;   {metadata(method data for {method} {0x0000025fda58c830} 'findClass0' '(Ljava/lang/String;ZZ)Ljava/lang/Class;' in 'org/eclipse/osgi/internal/loader/BundleLoader')}
  0x0000025f848ced74: 4c8b ca48 | be00 4091 | da5f 0200 | 0048 8386 | 800c 0000 | 014c 8bcf 

  0x0000025f848ced8c: ;   {optimized virtual_call}
  0x0000025f848ced8c: 488b fbe8 

  0x0000025f848ced90: ; ImmutableOopMap {}
                      ;*invokespecial generateException {reexecute=0 rethrow=0 return_oop=0}
                      ; - org.eclipse.osgi.internal.loader.BundleLoader::findClass0@486 (line 564)
  0x0000025f848ced90: ecf9 1f07 

  0x0000025f848ced94: ;   {other}
  0x0000025f848ced94: 0f1f 8400 | 8445 0038 | 4881 c470 | 0100 005d 

  0x0000025f848ceda4: ;   {poll_return}
  0x0000025f848ceda4: 493b a750 | 0400 000f | 8743 0a00 | 00c3 498b | 8700 0500 | 004d 33d2 | 4d89 9700 | 0500 004d 
  0x0000025f848cedc4: 33d2 4d89 | 9708 0500 | 0048 8bf0 | 488d 8424 | 5001 0000 | 488b 3848 | 85ff 0f84 | 0f00 0000 
  0x0000025f848cede4: 488b 5808 | f048 0fb1 | 3b0f 8517 | 0a00 0049 | ff8f 5005 | 0000 488b | c6e9 510a | 0000 498b 
  0x0000025f848cee04: 8700 0500 | 004d 33d2 | 4d89 9700 | 0500 004d | 33d2 4d89 | 9708 0500 | 0048 8bf0 | 488d 8424 
  0x0000025f848cee24: 5001 0000 | 488b 3848 | 85ff 0f84 | 0f00 0000 | 488b 5808 | f048 0fb1 | 3b0f 85dd | 0900 0049 
  0x0000025f848cee44: ff8f 5005 | 0000 488b | c6e9 010a 

  0x0000025f848cee50: ;   {metadata({method} {0x0000025fda58c830} 'findClass0' '(Ljava/lang/String;ZZ)Ljava/lang/Class;' in 'org/eclipse/osgi/internal/loader/BundleLoader')}
  0x0000025f848cee50: 0000 49ba | 28c8 58da | 5f02 0000 | 4c89 5424 | 0848 c704 | 24ff ffff 

  0x0000025f848cee68: ;   {runtime_call counter_overflow Runtime1 stub}
  0x0000025f848cee68: ffe8 9263 

  0x0000025f848cee6c: ; ImmutableOopMap {rdx=Oop r8=Oop [160]=Oop [168]=Oop }
                      ;*synchronization entry
                      ; - org.eclipse.osgi.internal.loader.BundleLoader::findClass0@-1 (line 466)
  0x0000025f848cee6c: 2b07 e9eb 

  0x0000025f848cee70: ;   {runtime_call throw_null_pointer_exception Runtime1 stub}
  0x0000025f848cee70: c2ff ffe8 

  0x0000025f848cee74: ; ImmutableOopMap {r8=Oop [160]=Oop [168]=Oop }
                      ;*invokevirtual startsWith {reexecute=0 rethrow=0 return_oop=0}
                      ; - org.eclipse.osgi.internal.loader.BundleLoader::findClass0@14 (line 466)
  0x0000025f848cee74: 0827 2207 

  0x0000025f848cee78: ;   {metadata({method} {0x0000025f98453b18} 'startsWith' '(Ljava/lang/String;)Z' in 'java/lang/String')}
  0x0000025f848cee78: 49ba 103b | 4598 5f02 | 0000 4c89 | 5424 0848 | c704 24ff 

  0x0000025f848cee8c: ;   {runtime_call counter_overflow Runtime1 stub}
  0x0000025f848cee8c: ffff ffe8 

  0x0000025f848cee90: ; ImmutableOopMap {r8=Oop [160]=Oop [168]=Oop }
                      ;*synchronization entry
                      ; - java.lang.String::startsWith@-1
                      ; - org.eclipse.osgi.internal.loader.BundleLoader::findClass0@14 (line 466)
  0x0000025f848cee90: 6c63 2b07 | e978 c3ff 

  0x0000025f848cee98: ;   {metadata({method} {0x0000025fda58abc8} 'getPackageName' '(Ljava/lang/String;)Ljava/lang/String;' in 'org/eclipse/osgi/internal/loader/BundleLoader')}
  0x0000025f848cee98: ff49 bac0 | ab58 da5f | 0200 004c | 8954 2408 | 48c7 0424 | ffff ffff 

  0x0000025f848ceeb0: ;   {runtime_call counter_overflow Runtime1 stub}
  0x0000025f848ceeb0: e84b 632b 

  0x0000025f848ceeb4: ; ImmutableOopMap {r8=Oop [160]=Oop [168]=Oop }
                      ;*synchronization entry
                      ; - org.eclipse.osgi.internal.loader.BundleLoader::getPackageName@-1 (line 142)
                      ; - org.eclipse.osgi.internal.loader.BundleLoader::findClass0@30 (line 473)
  0x0000025f848ceeb4: 07e9 09c4 

  0x0000025f848ceeb8: ;   {runtime_call throw_null_pointer_exception Runtime1 stub}
  0x0000025f848ceeb8: ffff e8c1 

  0x0000025f848ceebc: ; ImmutableOopMap {r8=Oop [160]=Oop [168]=Oop }
                      ;*invokevirtual lastIndexOf {reexecute=0 rethrow=0 return_oop=0}
                      ; - org.eclipse.osgi.internal.loader.BundleLoader::getPackageName@7 (line 143)
                      ; - org.eclipse.osgi.internal.loader.BundleLoader::findClass0@30 (line 473)
                      ;   {metadata({method} {0x0000025f98453a10} 'lastIndexOf' '(I)I' in 'java/lang/String')}
  0x0000025f848ceebc: 2622 0749 | ba08 3a45 | 985f 0200 | 004c 8954 | 2408 48c7 | 0424 ffff 

  0x0000025f848ceed4: ;   {runtime_call counter_overflow Runtime1 stub}
  0x0000025f848ceed4: ffff e825 

  0x0000025f848ceed8: ; ImmutableOopMap {r8=Oop [160]=Oop [168]=Oop }
                      ;*synchronization entry
                      ; - java.lang.String::lastIndexOf@-1
                      ; - org.eclipse.osgi.internal.loader.BundleLoader::getPackageName@7 (line 143)
                      ; - org.eclipse.osgi.internal.loader.BundleLoader::findClass0@30 (line 473)
  0x0000025f848ceed8: 632b 07e9 | 56c4 ffff 

  0x0000025f848ceee0: ;   {metadata({method} {0x0000025f9800ee90} 'length' '()I' in 'java/lang/String')}
  0x0000025f848ceee0: 49ba 88ee | 0098 5f02 | 0000 4c89 | 5424 0848 | c704 24ff 

  0x0000025f848ceef4: ;   {runtime_call counter_overflow Runtime1 stub}
  0x0000025f848ceef4: ffff ffe8 

  0x0000025f848ceef8: ; ImmutableOopMap {r8=Oop [160]=Oop [168]=Oop }
                      ;*synchronization entry
                      ; - java.lang.String::length@-1
                      ; - java.lang.String::lastIndexOf@3
                      ; - org.eclipse.osgi.internal.loader.BundleLoader::getPackageName@7 (line 143)
                      ; - org.eclipse.osgi.internal.loader.BundleLoader::findClass0@30 (line 473)
  0x0000025f848ceef8: 0463 2b07 | e976 c4ff 

  0x0000025f848cef00: ;   {runtime_call throw_null_pointer_exception Runtime1 stub}
  0x0000025f848cef00: ffe8 7a26 

  0x0000025f848cef04: ; ImmutableOopMap {r8=Oop [160]=Oop [168]=Oop }
                      ;*arraylength {reexecute=0 rethrow=0 return_oop=0}
                      ; - java.lang.String::length@4
                      ; - java.lang.String::lastIndexOf@3
                      ; - org.eclipse.osgi.internal.loader.BundleLoader::getPackageName@7 (line 143)
                      ; - org.eclipse.osgi.internal.loader.BundleLoader::findClass0@30 (line 473)
                      ;   {metadata({method} {0x0000025f98454cf8} 'coder' '()B' in 'java/lang/String')}
  0x0000025f848cef04: 2207 49ba | f04c 4598 | 5f02 0000 | 4c89 5424 | 0848 c704 | 24ff ffff 

  0x0000025f848cef1c: ;   {runtime_call counter_overflow Runtime1 stub}
  0x0000025f848cef1c: ffe8 de62 

  0x0000025f848cef20: ; ImmutableOopMap {r8=Oop [160]=Oop [168]=Oop }
                      ;*synchronization entry
                      ; - java.lang.String::coder@-1
                      ; - java.lang.String::length@6
                      ; - java.lang.String::lastIndexOf@3
                      ; - org.eclipse.osgi.internal.loader.BundleLoader::getPackageName@7 (line 143)
                      ; - org.eclipse.osgi.internal.loader.BundleLoader::findClass0@30 (line 473)
  0x0000025f848cef20: 2b07 e994 

  0x0000025f848cef24: ;   {runtime_call throw_null_pointer_exception Runtime1 stub}
  0x0000025f848cef24: c4ff ffe8 

  0x0000025f848cef28: ; ImmutableOopMap {rsi=Oop rdx=Oop r8=Oop [160]=Oop [168]=Oop }
                      ;*invokevirtual loaderWithPackage {reexecute=0 rethrow=0 return_oop=0}
                      ; - org.eclipse.osgi.internal.loader.BundleLoader::findClass0@41 (line 474)
  0x0000025f848cef28: 5426 2207 

  0x0000025f848cef2c: ;   {metadata({method} {0x0000025fda4e54b8} 'loaderWithPackage' '(Ljava/lang/String;)Ljava/lang/String;' in 'org/eclipse/osgi/internal/debug/Debug')}
  0x0000025f848cef2c: 49ba b054 | 4eda 5f02 | 0000 4c89 | 5424 0848 | c704 24ff 

  0x0000025f848cef40: ;   {runtime_call counter_overflow Runtime1 stub}
  0x0000025f848cef40: ffff ffe8 

  0x0000025f848cef44: ; ImmutableOopMap {rsi=Oop rdx=Oop r8=Oop [160]=Oop [168]=Oop }
                      ;*synchronization entry
                      ; - org.eclipse.osgi.internal.debug.Debug::loaderWithPackage@-1 (line 272)
                      ; - org.eclipse.osgi.internal.loader.BundleLoader::findClass0@41 (line 474)
  0x0000025f848cef44: b862 2b07 | e995 c5ff 

  0x0000025f848cef4c: ;   {runtime_call throw_null_pointer_exception Runtime1 stub}
  0x0000025f848cef4c: ffe8 2e26 

  0x0000025f848cef50: ; ImmutableOopMap {rsi=Oop rdi=Oop [160]=Oop [168]=Oop }
                      ;*invokeinterface contains {reexecute=0 rethrow=0 return_oop=0}
                      ; - org.eclipse.osgi.internal.debug.Debug::loaderWithPackage@22 (line 275)
                      ; - org.eclipse.osgi.internal.loader.BundleLoader::findClass0@41 (line 474)
                      ;   {metadata(nullptr)}
  0x0000025f848cef50: 2207 48ba | 0000 0000 | 0000 0000 | b800 0f05 

  0x0000025f848cef60: ;   {runtime_call load_klass_patching Runtime1 stub}
  0x0000025f848cef60: 0ae8 1a52 

  0x0000025f848cef64: ; ImmutableOopMap {r9=Oop [160]=Oop [168]=Oop [184]=Oop [200]=Oop [208]=Oop }
                      ;*new {reexecute=1 rethrow=0 return_oop=0}
                      ; - (reexecute) org.eclipse.osgi.internal.loader.BundleLoader::findClass0@57 (line 476)
  0x0000025f848cef64: 2b07 e955 | c7ff ff48 

  0x0000025f848cef6c: ;   {runtime_call fast_new_instance Runtime1 stub}
  0x0000025f848cef6c: 8bd2 e80d 

  0x0000025f848cef70: ; ImmutableOopMap {r9=Oop [160]=Oop [168]=Oop [184]=Oop [200]=Oop [208]=Oop }
                      ;*new {reexecute=0 rethrow=0 return_oop=0}
                      ; - org.eclipse.osgi.internal.loader.BundleLoader::findClass0@57 (line 476)
  0x0000025f848cef70: 1d22 07e9 | 98c7 ffff 

  0x0000025f848cef78: ;   {metadata({method} {0x0000025f98461a88} '<init>' '(Ljava/lang/String;)V' in 'java/lang/StringBuilder')}
  0x0000025f848cef78: 49ba 801a | 4698 5f02 | 0000 4c89 | 5424 0848 | c704 24ff 

  0x0000025f848cef8c: ;   {runtime_call counter_overflow Runtime1 stub}
  0x0000025f848cef8c: ffff ffe8 

  0x0000025f848cef90: ; ImmutableOopMap {r9=Oop rax=Oop [160]=Oop [168]=Oop [184]=Oop [192]=Oop [200]=Oop [208]=Oop }
                      ;*synchronization entry
                      ; - java.lang.StringBuilder::<init>@-1
                      ; - org.eclipse.osgi.internal.loader.BundleLoader::findClass0@64 (line 476)
  0x0000025f848cef90: 6c62 2b07 | e9bd c7ff 

  0x0000025f848cef98: ;   {metadata({method} {0x0000025f98461820} 'append' '(Ljava/lang/Object;)Ljava/lang/StringBuilder;' in 'java/lang/StringBuilder')}
  0x0000025f848cef98: ff49 ba18 | 1846 985f | 0200 004c | 8954 2408 | 48c7 0424 | ffff ffff 

  0x0000025f848cefb0: ;   {runtime_call counter_overflow Runtime1 stub}
  0x0000025f848cefb0: e84b 622b 

  0x0000025f848cefb4: ; ImmutableOopMap {[160]=Oop [168]=Oop [184]=Oop [192]=Oop [200]=Oop [208]=Oop }
                      ;*synchronization entry
                      ; - java.lang.StringBuilder::append@-1
                      ; - org.eclipse.osgi.internal.loader.BundleLoader::findClass0@68 (line 476)
  0x0000025f848cefb4: 07e9 13c8 

  0x0000025f848cefb8: ;   {metadata({method} {0x0000025f98454f60} 'valueOf' '(Ljava/lang/Object;)Ljava/lang/String;' in 'java/lang/String')}
  0x0000025f848cefb8: ffff 49ba | 584f 4598 | 5f02 0000 | 4c89 5424 | 0848 c704 | 24ff ffff 

  0x0000025f848cefd0: ;   {runtime_call counter_overflow Runtime1 stub}
  0x0000025f848cefd0: ffe8 2a62 

  0x0000025f848cefd4: ; ImmutableOopMap {[160]=Oop [168]=Oop [184]=Oop [192]=Oop [200]=Oop [208]=Oop }
                      ;*synchronization entry
                      ; - java.lang.String::valueOf@-1
                      ; - java.lang.StringBuilder::append@2
                      ; - org.eclipse.osgi.internal.loader.BundleLoader::findClass0@68 (line 476)
  0x0000025f848cefd4: 2b07 e92b 

  0x0000025f848cefd8: ;   {metadata({method} {0x0000025f984617c8} 'append' '(Ljava/lang/String;)Ljava/lang/StringBuilder;' in 'java/lang/StringBuilder')}
  0x0000025f848cefd8: c8ff ff49 | bac0 1746 | 985f 0200 | 004c 8954 | 2408 48c7 | 0424 ffff 

  0x0000025f848ceff0: ;   {runtime_call counter_overflow Runtime1 stub}
  0x0000025f848ceff0: ffff e809 

  0x0000025f848ceff4: ; ImmutableOopMap {rax=Oop [160]=Oop [168]=Oop [184]=Oop [192]=Oop [200]=Oop [208]=Oop }
                      ;*synchronization entry
                      ; - java.lang.StringBuilder::append@-1
                      ; - java.lang.StringBuilder::append@5
                      ; - org.eclipse.osgi.internal.loader.BundleLoader::findClass0@68 (line 476)
  0x0000025f848ceff4: 622b 07e9 | 0bc9 ffff 

  0x0000025f848ceffc: ;   {metadata({method} {0x0000025f984617c8} 'append' '(Ljava/lang/String;)Ljava/lang/StringBuilder;' in 'java/lang/StringBuilder')}
  0x0000025f848ceffc: 49ba c017 | 4698 5f02 | 0000 4c89 | 5424 0848 | c704 24ff 

  0x0000025f848cf010: ;   {runtime_call counter_overflow Runtime1 stub}
  0x0000025f848cf010: ffff ffe8 

  0x0000025f848cf014: ; ImmutableOopMap {rax=Oop [160]=Oop [168]=Oop [184]=Oop [192]=Oop [200]=Oop [208]=Oop }
                      ;*synchronization entry
                      ; - java.lang.StringBuilder::append@-1
                      ; - org.eclipse.osgi.internal.loader.BundleLoader::findClass0@74 (line 476)
  0x0000025f848cf014: e861 2b07 | e965 c9ff 

  0x0000025f848cf01c: ;   {metadata({method} {0x0000025f984617c8} 'append' '(Ljava/lang/String;)Ljava/lang/StringBuilder;' in 'java/lang/StringBuilder')}
  0x0000025f848cf01c: ff49 bac0 | 1746 985f | 0200 004c | 8954 2408 | 48c7 0424 | ffff ffff 

  0x0000025f848cf034: ;   {runtime_call counter_overflow Runtime1 stub}
  0x0000025f848cf034: e8c7 612b 

  0x0000025f848cf038: ; ImmutableOopMap {[160]=Oop [168]=Oop [184]=Oop [192]=Oop [200]=Oop [208]=Oop }
                      ;*synchronization entry
                      ; - java.lang.StringBuilder::append@-1
                      ; - org.eclipse.osgi.internal.loader.BundleLoader::findClass0@78 (line 476)
  0x0000025f848cf038: 07e9 b9c9 

  0x0000025f848cf03c: ;   {metadata({method} {0x0000025f984617c8} 'append' '(Ljava/lang/String;)Ljava/lang/StringBuilder;' in 'java/lang/StringBuilder')}
  0x0000025f848cf03c: ffff 49ba | c017 4698 | 5f02 0000 | 4c89 5424 | 0848 c704 | 24ff ffff 

  0x0000025f848cf054: ;   {runtime_call counter_overflow Runtime1 stub}
  0x0000025f848cf054: ffe8 a661 

  0x0000025f848cf058: ; ImmutableOopMap {[160]=Oop [168]=Oop [184]=Oop [192]=Oop [200]=Oop [208]=Oop }
                      ;*synchronization entry
                      ; - java.lang.StringBuilder::append@-1
                      ; - org.eclipse.osgi.internal.loader.BundleLoader::findClass0@84 (line 476)
  0x0000025f848cf058: 2b07 e918 

  0x0000025f848cf05c: ;   {metadata({method} {0x0000025f98008958} 'toString' '()Ljava/lang/String;' in 'java/lang/StringBuilder')}
  0x0000025f848cf05c: caff ff49 | ba50 8900 | 985f 0200 | 004c 8954 | 2408 48c7 | 0424 ffff 

  0x0000025f848cf074: ;   {runtime_call counter_overflow Runtime1 stub}
  0x0000025f848cf074: ffff e885 

  0x0000025f848cf078: ; ImmutableOopMap {[160]=Oop [168]=Oop [184]=Oop [192]=Oop [200]=Oop [208]=Oop }
                      ;*synchronization entry
                      ; - java.lang.StringBuilder::toString@-1
                      ; - org.eclipse.osgi.internal.loader.BundleLoader::findClass0@87 (line 476)
  0x0000025f848cf078: 612b 07e9 | 75ca ffff 

  0x0000025f848cf080: ;   {runtime_call fast_new_instance Runtime1 stub}
  0x0000025f848cf080: 488b d2e8 

  0x0000025f848cf084: ; ImmutableOopMap {[160]=Oop [168]=Oop [184]=Oop [192]=Oop [200]=Oop [208]=Oop }
                      ;*new {reexecute=0 rethrow=0 return_oop=0}
                      ; - java.lang.StringBuilder::toString@0
                      ; - org.eclipse.osgi.internal.loader.BundleLoader::findClass0@87 (line 476)
  0x0000025f848cf084: f81b 2207 | e9b8 caff 

  0x0000025f848cf08c: ;   {metadata({method} {0x0000025f98455ab8} '<init>' '(Ljava/lang/StringBuilder;)V' in 'java/lang/String')}
  0x0000025f848cf08c: ff49 bab0 | 5a45 985f | 0200 004c | 8954 2408 | 48c7 0424 | ffff ffff 

  0x0000025f848cf0a4: ;   {runtime_call counter_overflow Runtime1 stub}
  0x0000025f848cf0a4: e857 612b 

  0x0000025f848cf0a8: ; ImmutableOopMap {rax=Oop [160]=Oop [168]=Oop [184]=Oop [192]=Oop [200]=Oop [208]=Oop }
                      ;*synchronization entry
                      ; - java.lang.String::<init>@-1
                      ; - java.lang.StringBuilder::toString@5
                      ; - org.eclipse.osgi.internal.loader.BundleLoader::findClass0@87 (line 476)
  0x0000025f848cf0a8: 07e9 d8ca 

  0x0000025f848cf0ac: ;   {runtime_call throw_null_pointer_exception Runtime1 stub}
  0x0000025f848cf0ac: ffff e8cd 

  0x0000025f848cf0b0: ; ImmutableOopMap {r9=Oop [160]=Oop [168]=Oop [184]=Oop [200]=Oop [208]=Oop [216]=Oop }
                      ;*invokevirtual trace {reexecute=0 rethrow=0 return_oop=0}
                      ; - org.eclipse.osgi.internal.loader.BundleLoader::findClass0@90 (line 476)
                      ;   {metadata({method} {0x0000025fda4e53d0} 'trace' '(Ljava/lang/String;Ljava/lang/String;)V' in 'org/eclipse/osgi/internal/debug/Debug')}
  0x0000025f848cf0b0: 2422 0749 | bac8 534e | da5f 0200 | 004c 8954 | 2408 48c7 | 0424 ffff 

  0x0000025f848cf0c8: ;   {runtime_call counter_overflow Runtime1 stub}
  0x0000025f848cf0c8: ffff e831 

  0x0000025f848cf0cc: ; ImmutableOopMap {r9=Oop [160]=Oop [168]=Oop [184]=Oop [200]=Oop [208]=Oop [216]=Oop }
                      ;*synchronization entry
                      ; - org.eclipse.osgi.internal.debug.Debug::trace@-1 (line 256)
                      ; - org.eclipse.osgi.internal.loader.BundleLoader::findClass0@90 (line 476)
  0x0000025f848cf0cc: 612b 07e9 | 52cb ffff 

  0x0000025f848cf0d4: ;   {runtime_call throw_incompatible_class_change_error Runtime1 stub}
  0x0000025f848cf0d4: e827 372b 

  0x0000025f848cf0d8: ; ImmutableOopMap {rdx=Oop [160]=Oop [168]=Oop [184]=Oop [208]=Oop [216]=Oop }
                      ;*invokeinterface getLogger {reexecute=0 rethrow=0 return_oop=0}
                      ; - org.eclipse.osgi.internal.debug.Debug::trace@11 (line 265)
                      ; - org.eclipse.osgi.internal.loader.BundleLoader::findClass0@90 (line 476)
                      ;   {runtime_call throw_null_pointer_exception Runtime1 stub}
  0x0000025f848cf0d8: 07e8 a224 

  0x0000025f848cf0dc: ; ImmutableOopMap {rdx=Oop [160]=Oop [168]=Oop [184]=Oop [208]=Oop [216]=Oop }
                      ;*invokeinterface getLogger {reexecute=0 rethrow=0 return_oop=0}
                      ; - org.eclipse.osgi.internal.debug.Debug::trace@11 (line 265)
                      ; - org.eclipse.osgi.internal.loader.BundleLoader::findClass0@90 (line 476)
                      ;   {metadata({method} {0x0000025fda50ca80} 'getLogger' '(Ljava/lang/String;)Lorg/osgi/service/log/Logger;' in 'org/eclipse/osgi/internal/log/ExtendedLogServiceImpl')}
  0x0000025f848cf0dc: 2207 49ba | 78ca 50da | 5f02 0000 | 4c89 5424 | 0848 c704 | 24ff ffff 

  0x0000025f848cf0f4: ;   {runtime_call counter_overflow Runtime1 stub}
  0x0000025f848cf0f4: ffe8 0661 

  0x0000025f848cf0f8: ; ImmutableOopMap {rdx=Oop [160]=Oop [168]=Oop [184]=Oop [208]=Oop [216]=Oop }
                      ;*synchronization entry
                      ; - org.eclipse.osgi.internal.log.ExtendedLogServiceImpl::getLogger@-1 (line 1)
                      ; - org.eclipse.osgi.internal.debug.Debug::trace@11 (line 265)
                      ; - org.eclipse.osgi.internal.loader.BundleLoader::findClass0@90 (line 476)
  0x0000025f848cf0f8: 2b07 e9e4 

  0x0000025f848cf0fc: ;   {metadata({method} {0x0000025fda50a308} 'getLogger' '(Ljava/lang/String;)Lorg/eclipse/equinox/log/Logger;' in 'org/eclipse/osgi/internal/log/ExtendedLogServiceImpl')}
  0x0000025f848cf0fc: cbff ff49 | ba00 a350 | da5f 0200 | 004c 8954 | 2408 48c7 | 0424 ffff 

  0x0000025f848cf114: ;   {runtime_call counter_overflow Runtime1 stub}
  0x0000025f848cf114: ffff e8e5 

  0x0000025f848cf118: ; ImmutableOopMap {rdx=Oop [160]=Oop [168]=Oop [184]=Oop [208]=Oop [216]=Oop }
                      ;*synchronization entry
                      ; - org.eclipse.osgi.internal.log.ExtendedLogServiceImpl::getLogger@-1 (line 73)
                      ; - org.eclipse.osgi.internal.log.ExtendedLogServiceImpl::getLogger@2 (line 1)
                      ; - org.eclipse.osgi.internal.debug.Debug::trace@11 (line 265)
                      ; - org.eclipse.osgi.internal.loader.BundleLoader::findClass0@90 (line 476)
  0x0000025f848cf118: 602b 07e9 | 15cc ffff | 4889 0424 

  0x0000025f848cf124: ;   {runtime_call throw_class_cast_exception Runtime1 stub}
  0x0000025f848cf124: e8d7 332b 

  0x0000025f848cf128: ; ImmutableOopMap {[160]=Oop [168]=Oop [184]=Oop [208]=Oop [216]=Oop }
                      ;*checkcast {reexecute=0 rethrow=0 return_oop=0}
                      ; - org.eclipse.osgi.internal.log.ExtendedLogServiceImpl::getLogger@7 (line 73)
                      ; - org.eclipse.osgi.internal.log.ExtendedLogServiceImpl::getLogger@2 (line 1)
                      ; - org.eclipse.osgi.internal.debug.Debug::trace@11 (line 265)
                      ; - org.eclipse.osgi.internal.loader.BundleLoader::findClass0@90 (line 476)
                      ;   {runtime_call throw_null_pointer_exception Runtime1 stub}
  0x0000025f848cf128: 07e8 5224 

  0x0000025f848cf12c: ; ImmutableOopMap {rdx=Oop [160]=Oop [168]=Oop [184]=Oop [208]=Oop [216]=Oop }
                      ;*invokeinterface debug {reexecute=0 rethrow=0 return_oop=0}
                      ; - org.eclipse.osgi.internal.debug.Debug::trace@17 (line 265)
                      ; - org.eclipse.osgi.internal.loader.BundleLoader::findClass0@90 (line 476)
                      ;   {runtime_call throw_null_pointer_exception Runtime1 stub}
  0x0000025f848cf12c: 2207 e84d 

  0x0000025f848cf130: ; ImmutableOopMap {rax=Oop rdx=Oop [160]=Oop [168]=Oop [184]=Oop [208]=Oop }
                      ;*invokevirtual println {reexecute=0 rethrow=0 return_oop=0}
                      ; - org.eclipse.osgi.internal.debug.Debug::trace@29 (line 267)
                      ; - org.eclipse.osgi.internal.loader.BundleLoader::findClass0@90 (line 476)
                      ;   {runtime_call throw_null_pointer_exception Runtime1 stub}
  0x0000025f848cf130: 2422 07e8 

  0x0000025f848cf134: ; ImmutableOopMap {rdx=Oop rsi=Oop [160]=Oop [168]=Oop [184]=Oop [208]=Oop }
                      ;*invokevirtual isBootDelegationPackage {reexecute=0 rethrow=0 return_oop=0}
                      ; - org.eclipse.osgi.internal.loader.BundleLoader::findClass0@113 (line 480)
  0x0000025f848cf134: 4824 2207 

  0x0000025f848cf138: ;   {runtime_call throw_null_pointer_exception Runtime1 stub}
  0x0000025f848cf138: e843 2422 

  0x0000025f848cf13c: ; ImmutableOopMap {rdx=Oop rsi=Oop [160]=Oop [168]=Oop [184]=Oop [208]=Oop }
                      ;*invokevirtual loadClass {reexecute=0 rethrow=0 return_oop=0}
                      ; - org.eclipse.osgi.internal.loader.BundleLoader::findClass0@124 (line 484)
                      ;   {metadata({method} {0x0000025f980143f0} 'loadClass' '(Ljava/lang/String;)Ljava/lang/Class;' in 'java/lang/ClassLoader')}
  0x0000025f848cf13c: 0749 bae8 | 4301 985f | 0200 004c | 8954 2408 | 48c7 0424 | ffff ffff 

  0x0000025f848cf154: ;   {runtime_call counter_overflow Runtime1 stub}
  0x0000025f848cf154: e8a7 602b 

  0x0000025f848cf158: ; ImmutableOopMap {rdx=Oop rsi=Oop [160]=Oop [168]=Oop [184]=Oop [208]=Oop }
                      ;*synchronization entry
                      ; - java.lang.ClassLoader::loadClass@-1
                      ; - org.eclipse.osgi.internal.loader.BundleLoader::findClass0@124 (line 484)
  0x0000025f848cf158: 07e9 0cd0 

  0x0000025f848cf15c: ;   {internal_word}
  0x0000025f848cf15c: ffff 49ba | 34c2 8c84 | 5f02 0000 | 4d89 9768 

  0x0000025f848cf16c: ;   {runtime_call SafepointBlob}
  0x0000025f848cf16c: 0400 00e9 | 0c55 2007 | 4889 0424 

  0x0000025f848cf178: ;   {runtime_call throw_class_cast_exception Runtime1 stub}
  0x0000025f848cf178: e883 332b 

  0x0000025f848cf17c: ; ImmutableOopMap {[160]=Oop [168]=Oop [184]=Oop [208]=Oop }
                      ;*checkcast {reexecute=0 rethrow=0 return_oop=0}
                      ; - org.eclipse.osgi.internal.loader.BundleLoader::findClass0@142 (line 492)
                      ;   {metadata({method} {0x0000025fda58f5d0} 'findImportedSource' '(Ljava/lang/String;Ljava/util/Collection;)Lorg/eclipse/osgi/internal/loader/sources/PackageSource;' in 'org/eclipse/osgi/internal/loader/BundleLoader')}
  0x0000025f848cf17c: 0749 bac8 | f558 da5f | 0200 004c | 8954 2408 | 48c7 0424 | ffff ffff 

  0x0000025f848cf194: ;   {runtime_call counter_overflow Runtime1 stub}
  0x0000025f848cf194: e867 602b 

  0x0000025f848cf198: ; ImmutableOopMap {[160]=Oop [168]=Oop [184]=Oop [208]=Oop [232]=Oop }
                      ;*synchronization entry
                      ; - org.eclipse.osgi.internal.loader.BundleLoader::findImportedSource@-1 (line 1251)
                      ; - org.eclipse.osgi.internal.loader.BundleLoader::findClass0@164 (line 499)
  0x0000025f848cf198: 07e9 abd2 

  0x0000025f848cf19c: ;   {runtime_call throw_null_pointer_exception Runtime1 stub}
  0x0000025f848cf19c: ffff e8dd 

  0x0000025f848cf1a0: ; ImmutableOopMap {rsi=Oop [160]=Oop [168]=Oop [184]=Oop [208]=Oop [232]=Oop }
                      ;*monitorenter {reexecute=0 rethrow=0 return_oop=0}
                      ; - org.eclipse.osgi.internal.loader.BundleLoader::findImportedSource@10 (line 1252)
                      ; - org.eclipse.osgi.internal.loader.BundleLoader::findClass0@164 (line 499)
  0x0000025f848cf1a0: 2322 0748 | 8974 2408 | 4c89 0424 

  0x0000025f848cf1ac: ;   {runtime_call monitorenter_nofpu Runtime1 stub}
  0x0000025f848cf1ac: e84f 3f2b 

  0x0000025f848cf1b0: ; ImmutableOopMap {rsi=Oop [160]=Oop [168]=Oop [184]=Oop [208]=Oop [232]=Oop [344]=Oop }
                      ;*monitorenter {reexecute=0 rethrow=0 return_oop=0}
                      ; - org.eclipse.osgi.internal.loader.BundleLoader::findImportedSource@10 (line 1252)
                      ; - org.eclipse.osgi.internal.loader.BundleLoader::findClass0@164 (line 499)
  0x0000025f848cf1b0: 07e9 0bd3 | ffff 4889 

  0x0000025f848cf1b8: ;   {runtime_call throw_class_cast_exception Runtime1 stub}
  0x0000025f848cf1b8: 0424 e841 

  0x0000025f848cf1bc: ; ImmutableOopMap {[160]=Oop [168]=Oop [184]=Oop [208]=Oop [232]=Oop [240]=Oop [344]=Oop }
                      ;*checkcast {reexecute=0 rethrow=0 return_oop=0}
                      ; - org.eclipse.osgi.internal.loader.BundleLoader::findImportedSource@18 (line 1253)
                      ; - org.eclipse.osgi.internal.loader.BundleLoader::findClass0@164 (line 499)
  0x0000025f848cf1bc: 332b 0748 | 8d84 2450 | 0100 0048 

  0x0000025f848cf1c8: ;   {runtime_call monitorexit_nofpu Runtime1 stub}
  0x0000025f848cf1c8: 8904 24e8 | 3045 2b07 | e9cc d4ff 

  0x0000025f848cf1d4: ;   {metadata(nullptr)}
  0x0000025f848cf1d4: ff48 ba00 | 0000 0000 | 0000 00b8 | 000f 050a 

  0x0000025f848cf1e4: ;   {runtime_call load_klass_patching Runtime1 stub}
  0x0000025f848cf1e4: e897 4f2b 

  0x0000025f848cf1e8: ; ImmutableOopMap {r11=Oop [160]=Oop [168]=Oop [208]=Oop [256]=Oop [264]=Oop }
                      ;*new {reexecute=1 rethrow=0 return_oop=0}
                      ; - (reexecute) org.eclipse.osgi.internal.loader.BundleLoader::findClass0@185 (line 502)
  0x0000025f848cf1e8: 07e9 3ad5 | ffff 488b 

  0x0000025f848cf1f0: ;   {runtime_call fast_new_instance Runtime1 stub}
  0x0000025f848cf1f0: d2e8 8a1a 

  0x0000025f848cf1f4: ; ImmutableOopMap {r11=Oop [160]=Oop [168]=Oop [208]=Oop [256]=Oop [264]=Oop }
                      ;*new {reexecute=0 rethrow=0 return_oop=0}
                      ; - org.eclipse.osgi.internal.loader.BundleLoader::findClass0@185 (line 502)
  0x0000025f848cf1f4: 2207 e97d 

  0x0000025f848cf1f8: ;   {metadata({method} {0x0000025f98461a88} '<init>' '(Ljava/lang/String;)V' in 'java/lang/StringBuilder')}
  0x0000025f848cf1f8: d5ff ff49 | ba80 1a46 | 985f 0200 | 004c 8954 | 2408 48c7 | 0424 ffff 

  0x0000025f848cf210: ;   {runtime_call counter_overflow Runtime1 stub}
  0x0000025f848cf210: ffff e8e9 

  0x0000025f848cf214: ; ImmutableOopMap {r11=Oop rax=Oop [160]=Oop [168]=Oop [208]=Oop [256]=Oop [264]=Oop }
                      ;*synchronization entry
                      ; - java.lang.StringBuilder::<init>@-1
                      ; - org.eclipse.osgi.internal.loader.BundleLoader::findClass0@192 (line 502)
  0x0000025f848cf214: 5f2b 07e9 | 9ad5 ffff 

  0x0000025f848cf21c: ;   {metadata({method} {0x0000025f98461820} 'append' '(Ljava/lang/Object;)Ljava/lang/StringBuilder;' in 'java/lang/StringBuilder')}
  0x0000025f848cf21c: 49ba 1818 | 4698 5f02 | 0000 4c89 | 5424 0848 | c704 24ff 

  0x0000025f848cf230: ;   {runtime_call counter_overflow Runtime1 stub}
  0x0000025f848cf230: ffff ffe8 

  0x0000025f848cf234: ; ImmutableOopMap {[160]=Oop [168]=Oop [208]=Oop [248]=Oop [256]=Oop [264]=Oop }
                      ;*synchronization entry
                      ; - java.lang.StringBuilder::append@-1
                      ; - org.eclipse.osgi.internal.loader.BundleLoader::findClass0@196 (line 502)
  0x0000025f848cf234: c85f 2b07 | e9f8 d5ff 

  0x0000025f848cf23c: ;   {metadata({method} {0x0000025f98454f60} 'valueOf' '(Ljava/lang/Object;)Ljava/lang/String;' in 'java/lang/String')}
  0x0000025f848cf23c: ff49 ba58 | 4f45 985f | 0200 004c | 8954 2408 | 48c7 0424 | ffff ffff 

  0x0000025f848cf254: ;   {runtime_call counter_overflow Runtime1 stub}
  0x0000025f848cf254: e8a7 5f2b 

  0x0000025f848cf258: ; ImmutableOopMap {[160]=Oop [168]=Oop [208]=Oop [248]=Oop [256]=Oop [264]=Oop }
                      ;*synchronization entry
                      ; - java.lang.String::valueOf@-1
                      ; - java.lang.StringBuilder::append@2
                      ; - org.eclipse.osgi.internal.loader.BundleLoader::findClass0@196 (line 502)
  0x0000025f848cf258: 07e9 10d6 

  0x0000025f848cf25c: ;   {metadata({method} {0x0000025f984617c8} 'append' '(Ljava/lang/String;)Ljava/lang/StringBuilder;' in 'java/lang/StringBuilder')}
  0x0000025f848cf25c: ffff 49ba | c017 4698 | 5f02 0000 | 4c89 5424 | 0848 c704 | 24ff ffff 

  0x0000025f848cf274: ;   {runtime_call counter_overflow Runtime1 stub}
  0x0000025f848cf274: ffe8 865f 

  0x0000025f848cf278: ; ImmutableOopMap {rax=Oop [160]=Oop [168]=Oop [208]=Oop [248]=Oop [256]=Oop [264]=Oop }
                      ;*synchronization entry
                      ; - java.lang.StringBuilder::append@-1
                      ; - java.lang.StringBuilder::append@5
                      ; - org.eclipse.osgi.internal.loader.BundleLoader::findClass0@196 (line 502)
  0x0000025f848cf278: 2b07 e9f0 

  0x0000025f848cf27c: ;   {metadata({method} {0x0000025f984617c8} 'append' '(Ljava/lang/String;)Ljava/lang/StringBuilder;' in 'java/lang/StringBuilder')}
  0x0000025f848cf27c: d6ff ff49 | bac0 1746 | 985f 0200 | 004c 8954 | 2408 48c7 | 0424 ffff 

  0x0000025f848cf294: ;   {runtime_call counter_overflow Runtime1 stub}
  0x0000025f848cf294: ffff e865 

  0x0000025f848cf298: ; ImmutableOopMap {[160]=Oop [168]=Oop [208]=Oop [248]=Oop [256]=Oop [264]=Oop }
                      ;*synchronization entry
                      ; - java.lang.StringBuilder::append@-1
                      ; - org.eclipse.osgi.internal.loader.BundleLoader::findClass0@202 (line 502)
  0x0000025f848cf298: 5f2b 07e9 | 47d7 ffff 

  0x0000025f848cf2a0: ;   {metadata({method} {0x0000025f98461820} 'append' '(Ljava/lang/Object;)Ljava/lang/StringBuilder;' in 'java/lang/StringBuilder')}
  0x0000025f848cf2a0: 49ba 1818 | 4698 5f02 | 0000 4c89 | 5424 0848 | c704 24ff 

  0x0000025f848cf2b4: ;   {runtime_call counter_overflow Runtime1 stub}
  0x0000025f848cf2b4: ffff ffe8 

  0x0000025f848cf2b8: ; ImmutableOopMap {[160]=Oop [168]=Oop [208]=Oop [248]=Oop [256]=Oop [264]=Oop }
                      ;*synchronization entry
                      ; - java.lang.StringBuilder::append@-1
                      ; - org.eclipse.osgi.internal.loader.BundleLoader::findClass0@207 (line 502)
  0x0000025f848cf2b8: 445f 2b07 | e9a4 d7ff 

  0x0000025f848cf2c0: ;   {metadata({method} {0x0000025f98454f60} 'valueOf' '(Ljava/lang/Object;)Ljava/lang/String;' in 'java/lang/String')}
  0x0000025f848cf2c0: ff49 ba58 | 4f45 985f | 0200 004c | 8954 2408 | 48c7 0424 | ffff ffff 

  0x0000025f848cf2d8: ;   {runtime_call counter_overflow Runtime1 stub}
  0x0000025f848cf2d8: e823 5f2b 

  0x0000025f848cf2dc: ; ImmutableOopMap {[160]=Oop [168]=Oop [208]=Oop [248]=Oop [256]=Oop [264]=Oop }
                      ;*synchronization entry
                      ; - java.lang.String::valueOf@-1
                      ; - java.lang.StringBuilder::append@2
                      ; - org.eclipse.osgi.internal.loader.BundleLoader::findClass0@207 (line 502)
  0x0000025f848cf2dc: 07e9 bcd7 

  0x0000025f848cf2e0: ;   {runtime_call throw_null_pointer_exception Runtime1 stub}
  0x0000025f848cf2e0: ffff e899 

  0x0000025f848cf2e4: ; ImmutableOopMap {rbx=Oop [160]=Oop [168]=Oop [208]=Oop [248]=Oop [256]=Oop [264]=Oop }
                      ;*invokevirtual toString {reexecute=0 rethrow=0 return_oop=0}
                      ; - java.lang.String::valueOf@11
                      ; - java.lang.StringBuilder::append@2
                      ; - org.eclipse.osgi.internal.loader.BundleLoader::findClass0@207 (line 502)
                      ;   {metadata({method} {0x0000025f984617c8} 'append' '(Ljava/lang/String;)Ljava/lang/StringBuilder;' in 'java/lang/StringBuilder')}
  0x0000025f848cf2e4: 2222 0749 | bac0 1746 | 985f 0200 | 004c 8954 | 2408 48c7 | 0424 ffff 

  0x0000025f848cf2fc: ;   {runtime_call counter_overflow Runtime1 stub}
  0x0000025f848cf2fc: ffff e8fd 

  0x0000025f848cf300: ; ImmutableOopMap {rsi=Oop [160]=Oop [168]=Oop [208]=Oop [248]=Oop [256]=Oop [264]=Oop }
                      ;*synchronization entry
                      ; - java.lang.StringBuilder::append@-1
                      ; - java.lang.StringBuilder::append@5
                      ; - org.eclipse.osgi.internal.loader.BundleLoader::findClass0@207 (line 502)
  0x0000025f848cf300: 5e2b 07e9 | dad8 ffff 

  0x0000025f848cf308: ;   {metadata({method} {0x0000025f98008958} 'toString' '()Ljava/lang/String;' in 'java/lang/StringBuilder')}
  0x0000025f848cf308: 49ba 5089 | 0098 5f02 | 0000 4c89 | 5424 0848 | c704 24ff 

  0x0000025f848cf31c: ;   {runtime_call counter_overflow Runtime1 stub}
  0x0000025f848cf31c: ffff ffe8 

  0x0000025f848cf320: ; ImmutableOopMap {r8=Oop [160]=Oop [168]=Oop [208]=Oop [256]=Oop [264]=Oop }
                      ;*synchronization entry
                      ; - java.lang.StringBuilder::toString@-1
                      ; - org.eclipse.osgi.internal.loader.BundleLoader::findClass0@210 (line 502)
  0x0000025f848cf320: dc5e 2b07 | e92f d9ff | ff48 8bd2 

  0x0000025f848cf32c: ;   {runtime_call fast_new_instance Runtime1 stub}
  0x0000025f848cf32c: e84f 1922 

  0x0000025f848cf330: ; ImmutableOopMap {r8=Oop [160]=Oop [168]=Oop [208]=Oop [256]=Oop [264]=Oop }
                      ;*new {reexecute=0 rethrow=0 return_oop=0}
                      ; - java.lang.StringBuilder::toString@0
                      ; - org.eclipse.osgi.internal.loader.BundleLoader::findClass0@210 (line 502)
  0x0000025f848cf330: 07e9 72d9 

  0x0000025f848cf334: ;   {metadata({method} {0x0000025f98455ab8} '<init>' '(Ljava/lang/StringBuilder;)V' in 'java/lang/String')}
  0x0000025f848cf334: ffff 49ba | b05a 4598 | 5f02 0000 | 4c89 5424 | 0848 c704 | 24ff ffff 

  0x0000025f848cf34c: ;   {runtime_call counter_overflow Runtime1 stub}
  0x0000025f848cf34c: ffe8 ae5e 

  0x0000025f848cf350: ; ImmutableOopMap {r8=Oop rax=Oop [160]=Oop [168]=Oop [208]=Oop [256]=Oop [264]=Oop }
                      ;*synchronization entry
                      ; - java.lang.String::<init>@-1
                      ; - java.lang.StringBuilder::toString@5
                      ; - org.eclipse.osgi.internal.loader.BundleLoader::findClass0@210 (line 502)
  0x0000025f848cf350: 2b07 e98f 

  0x0000025f848cf354: ;   {runtime_call throw_null_pointer_exception Runtime1 stub}
  0x0000025f848cf354: d9ff ffe8 

  0x0000025f848cf358: ; ImmutableOopMap {r11=Oop [160]=Oop [168]=Oop [208]=Oop [256]=Oop [264]=Oop [272]=Oop }
                      ;*invokevirtual trace {reexecute=0 rethrow=0 return_oop=0}
                      ; - org.eclipse.osgi.internal.loader.BundleLoader::findClass0@213 (line 502)
  0x0000025f848cf358: 2422 2207 

  0x0000025f848cf35c: ;   {metadata({method} {0x0000025fda4e53d0} 'trace' '(Ljava/lang/String;Ljava/lang/String;)V' in 'org/eclipse/osgi/internal/debug/Debug')}
  0x0000025f848cf35c: 49ba c853 | 4eda 5f02 | 0000 4c89 | 5424 0848 | c704 24ff 

  0x0000025f848cf370: ;   {runtime_call counter_overflow Runtime1 stub}
  0x0000025f848cf370: ffff ffe8 

  0x0000025f848cf374: ; ImmutableOopMap {r11=Oop [160]=Oop [168]=Oop [208]=Oop [256]=Oop [264]=Oop [272]=Oop }
                      ;*synchronization entry
                      ; - org.eclipse.osgi.internal.debug.Debug::trace@-1 (line 256)
                      ; - org.eclipse.osgi.internal.loader.BundleLoader::findClass0@213 (line 502)
  0x0000025f848cf374: 885e 2b07 | e904 daff 

  0x0000025f848cf37c: ;   {runtime_call throw_incompatible_class_change_error Runtime1 stub}
  0x0000025f848cf37c: ffe8 7e34 

  0x0000025f848cf380: ; ImmutableOopMap {rdx=Oop [160]=Oop [168]=Oop [208]=Oop [256]=Oop [272]=Oop }
                      ;*invokeinterface getLogger {reexecute=0 rethrow=0 return_oop=0}
                      ; - org.eclipse.osgi.internal.debug.Debug::trace@11 (line 265)
                      ; - org.eclipse.osgi.internal.loader.BundleLoader::findClass0@213 (line 502)
                      ;   {runtime_call throw_null_pointer_exception Runtime1 stub}
  0x0000025f848cf380: 2b07 e8f9 

  0x0000025f848cf384: ; ImmutableOopMap {rdx=Oop [160]=Oop [168]=Oop [208]=Oop [256]=Oop [272]=Oop }
                      ;*invokeinterface getLogger {reexecute=0 rethrow=0 return_oop=0}
                      ; - org.eclipse.osgi.internal.debug.Debug::trace@11 (line 265)
                      ; - org.eclipse.osgi.internal.loader.BundleLoader::findClass0@213 (line 502)
                      ;   {metadata({method} {0x0000025fda50ca80} 'getLogger' '(Ljava/lang/String;)Lorg/osgi/service/log/Logger;' in 'org/eclipse/osgi/internal/log/ExtendedLogServiceImpl')}
  0x0000025f848cf384: 2122 0749 | ba78 ca50 | da5f 0200 | 004c 8954 | 2408 48c7 | 0424 ffff 

  0x0000025f848cf39c: ;   {runtime_call counter_overflow Runtime1 stub}
  0x0000025f848cf39c: ffff e85d 

  0x0000025f848cf3a0: ; ImmutableOopMap {rdx=Oop [160]=Oop [168]=Oop [208]=Oop [256]=Oop [272]=Oop }
                      ;*synchronization entry
                      ; - org.eclipse.osgi.internal.log.ExtendedLogServiceImpl::getLogger@-1 (line 1)
                      ; - org.eclipse.osgi.internal.debug.Debug::trace@11 (line 265)
                      ; - org.eclipse.osgi.internal.loader.BundleLoader::findClass0@213 (line 502)
  0x0000025f848cf3a0: 5e2b 07e9 | 96da ffff 

  0x0000025f848cf3a8: ;   {metadata({method} {0x0000025fda50a308} 'getLogger' '(Ljava/lang/String;)Lorg/eclipse/equinox/log/Logger;' in 'org/eclipse/osgi/internal/log/ExtendedLogServiceImpl')}
  0x0000025f848cf3a8: 49ba 00a3 | 50da 5f02 | 0000 4c89 | 5424 0848 | c704 24ff 

  0x0000025f848cf3bc: ;   {runtime_call counter_overflow Runtime1 stub}
  0x0000025f848cf3bc: ffff ffe8 

  0x0000025f848cf3c0: ; ImmutableOopMap {rdx=Oop [160]=Oop [168]=Oop [208]=Oop [256]=Oop [272]=Oop }
                      ;*synchronization entry
                      ; - org.eclipse.osgi.internal.log.ExtendedLogServiceImpl::getLogger@-1 (line 73)
                      ; - org.eclipse.osgi.internal.log.ExtendedLogServiceImpl::getLogger@2 (line 1)
                      ; - org.eclipse.osgi.internal.debug.Debug::trace@11 (line 265)
                      ; - org.eclipse.osgi.internal.loader.BundleLoader::findClass0@213 (line 502)
  0x0000025f848cf3c0: 3c5e 2b07 | e9c7 daff | ff48 8904 

  0x0000025f848cf3cc: ;   {runtime_call throw_class_cast_exception Runtime1 stub}
  0x0000025f848cf3cc: 24e8 2e31 

  0x0000025f848cf3d0: ; ImmutableOopMap {[160]=Oop [168]=Oop [208]=Oop [256]=Oop [272]=Oop }
                      ;*checkcast {reexecute=0 rethrow=0 return_oop=0}
                      ; - org.eclipse.osgi.internal.log.ExtendedLogServiceImpl::getLogger@7 (line 73)
                      ; - org.eclipse.osgi.internal.log.ExtendedLogServiceImpl::getLogger@2 (line 1)
                      ; - org.eclipse.osgi.internal.debug.Debug::trace@11 (line 265)
                      ; - org.eclipse.osgi.internal.loader.BundleLoader::findClass0@213 (line 502)
                      ;   {runtime_call throw_null_pointer_exception Runtime1 stub}
  0x0000025f848cf3d0: 2b07 e8a9 

  0x0000025f848cf3d4: ; ImmutableOopMap {rdx=Oop [160]=Oop [168]=Oop [208]=Oop [256]=Oop [272]=Oop }
                      ;*invokeinterface debug {reexecute=0 rethrow=0 return_oop=0}
                      ; - org.eclipse.osgi.internal.debug.Debug::trace@17 (line 265)
                      ; - org.eclipse.osgi.internal.loader.BundleLoader::findClass0@213 (line 502)
                      ;   {runtime_call throw_null_pointer_exception Runtime1 stub}
  0x0000025f848cf3d4: 2122 07e8 

  0x0000025f848cf3d8: ; ImmutableOopMap {rax=Oop rdx=Oop [160]=Oop [168]=Oop [208]=Oop [256]=Oop }
                      ;*invokevirtual println {reexecute=0 rethrow=0 return_oop=0}
                      ; - org.eclipse.osgi.internal.debug.Debug::trace@29 (line 267)
                      ; - org.eclipse.osgi.internal.loader.BundleLoader::findClass0@213 (line 502)
  0x0000025f848cf3d8: a421 2207 

  0x0000025f848cf3dc: ;   {runtime_call throw_null_pointer_exception Runtime1 stub}
  0x0000025f848cf3dc: e89f 2122 

  0x0000025f848cf3e0: ; ImmutableOopMap {rbx=Oop [160]=Oop [168]=Oop [208]=Oop [256]=Oop }
                      ;*invokevirtual loadClass {reexecute=0 rethrow=0 return_oop=0}
                      ; - org.eclipse.osgi.internal.loader.BundleLoader::findClass0@219 (line 505)
                      ;   {runtime_call throw_null_pointer_exception Runtime1 stub}
  0x0000025f848cf3e0: 07e8 9a21 

  0x0000025f848cf3e4: ; ImmutableOopMap {rax=Oop [160]=Oop [168]=Oop [208]=Oop }
                      ;*invokevirtual publicFindLoaded {reexecute=0 rethrow=0 return_oop=0}
                      ; - org.eclipse.osgi.internal.loader.BundleLoader::findClass0@234 (line 509)
                      ;   {metadata({method} {0x0000025fda628c38} 'publicFindLoaded' '(Ljava/lang/String;)Ljava/lang/Class;' in 'org/eclipse/osgi/internal/loader/ModuleClassLoader')}
  0x0000025f848cf3e4: 2207 49ba | 308c 62da | 5f02 0000 | 4c89 5424 | 0848 c704 | 24ff ffff 

  0x0000025f848cf3fc: ;   {runtime_call counter_overflow Runtime1 stub}
  0x0000025f848cf3fc: ffe8 fe5d 

  0x0000025f848cf400: ; ImmutableOopMap {rax=Oop [160]=Oop [168]=Oop [208]=Oop }
                      ;*synchronization entry
                      ; - org.eclipse.osgi.internal.loader.ModuleClassLoader::publicFindLoaded@-1 (line 323)
                      ; - org.eclipse.osgi.internal.loader.BundleLoader::findClass0@234 (line 509)
  0x0000025f848cf400: 2b07 e96d 

  0x0000025f848cf404: ;   {metadata({method} {0x0000025fda629970} 'getClassLoadingLock' '(Ljava/lang/String;)Ljava/lang/Object;' in 'org/eclipse/osgi/internal/loader/ModuleClassLoader')}
  0x0000025f848cf404: dfff ff49 | ba68 9962 | da5f 0200 | 004c 8954 | 2408 48c7 | 0424 ffff 

  0x0000025f848cf41c: ;   {runtime_call counter_overflow Runtime1 stub}
  0x0000025f848cf41c: ffff e8dd 

  0x0000025f848cf420: ; ImmutableOopMap {rax=Oop [160]=Oop [168]=Oop [208]=Oop }
                      ;*synchronization entry
                      ; - org.eclipse.osgi.internal.loader.ModuleClassLoader::getClassLoadingLock@-1 (line 437)
                      ; - org.eclipse.osgi.internal.loader.ModuleClassLoader::publicFindLoaded@2 (line 323)
                      ; - org.eclipse.osgi.internal.loader.BundleLoader::findClass0@234 (line 509)
  0x0000025f848cf420: 5d2b 07e9 | 09e0 ffff 

  0x0000025f848cf428: ;   {runtime_call throw_null_pointer_exception Runtime1 stub}
  0x0000025f848cf428: e853 2122 

  0x0000025f848cf42c: ; ImmutableOopMap {rax=Oop rdx=Oop [160]=Oop [168]=Oop [208]=Oop }
                      ;*invokevirtual getLock {reexecute=0 rethrow=0 return_oop=0}
                      ; - org.eclipse.osgi.internal.loader.ModuleClassLoader::getClassLoadingLock@5 (line 437)
                      ; - org.eclipse.osgi.internal.loader.ModuleClassLoader::publicFindLoaded@2 (line 323)
                      ; - org.eclipse.osgi.internal.loader.BundleLoader::findClass0@234 (line 509)
                      ;   {runtime_call throw_null_pointer_exception Runtime1 stub}
  0x0000025f848cf42c: 07e8 4e21 

  0x0000025f848cf430: ; ImmutableOopMap {rsi=Oop [160]=Oop [168]=Oop [208]=Oop [280]=Oop [288]=Oop }
                      ;*monitorenter {reexecute=0 rethrow=0 return_oop=0}
                      ; - org.eclipse.osgi.internal.loader.ModuleClassLoader::publicFindLoaded@7 (line 323)
                      ; - org.eclipse.osgi.internal.loader.BundleLoader::findClass0@234 (line 509)
  0x0000025f848cf430: 2207 4889 | 7424 0848 

  0x0000025f848cf438: ;   {runtime_call monitorenter_nofpu Runtime1 stub}
  0x0000025f848cf438: 8914 24e8 

  0x0000025f848cf43c: ; ImmutableOopMap {rsi=Oop [160]=Oop [168]=Oop [208]=Oop [280]=Oop [288]=Oop [344]=Oop }
                      ;*monitorenter {reexecute=0 rethrow=0 return_oop=0}
                      ; - org.eclipse.osgi.internal.loader.ModuleClassLoader::publicFindLoaded@7 (line 323)
                      ; - org.eclipse.osgi.internal.loader.BundleLoader::findClass0@234 (line 509)
  0x0000025f848cf43c: c03c 2b07 | e96c e0ff 

  0x0000025f848cf444: ;   {metadata({method} {0x0000025f984350c0} 'findLoadedClass' '(Ljava/lang/String;)Ljava/lang/Class;' in 'java/lang/ClassLoader')}
  0x0000025f848cf444: ff49 bab8 | 5043 985f | 0200 004c | 8954 2408 | 48c7 0424 | ffff ffff 

  0x0000025f848cf45c: ;   {runtime_call counter_overflow Runtime1 stub}
  0x0000025f848cf45c: e89f 5d2b 

  0x0000025f848cf460: ; ImmutableOopMap {[160]=Oop [168]=Oop [208]=Oop [280]=Oop [288]=Oop [344]=Oop }
                      ;*synchronization entry
                      ; - java.lang.ClassLoader::findLoadedClass@-1
                      ; - org.eclipse.osgi.internal.loader.ModuleClassLoader::publicFindLoaded@10 (line 324)
                      ; - org.eclipse.osgi.internal.loader.BundleLoader::findClass0@234 (line 509)
  0x0000025f848cf460: 07e9 8ce0 | ffff 488d | 8424 5001 | 0000 4889 

  0x0000025f848cf470: ;   {runtime_call monitorexit_nofpu Runtime1 stub}
  0x0000025f848cf470: 0424 e889 | 422b 07e9 | 45e1 ffff 

  0x0000025f848cf47c: ;   {internal_word}
  0x0000025f848cf47c: 49ba fbd5 | 8c84 5f02 | 0000 4d89 | 9768 0400 

  0x0000025f848cf48c: ;   {runtime_call SafepointBlob}
  0x0000025f848cf48c: 00e9 ee51 

  0x0000025f848cf490: ;   {metadata(nullptr)}
  0x0000025f848cf490: 2007 48ba | 0000 0000 | 0000 0000 | b800 0f05 

  0x0000025f848cf4a0: ;   {runtime_call load_klass_patching Runtime1 stub}
  0x0000025f848cf4a0: 0ae8 da4c 

  0x0000025f848cf4a4: ; ImmutableOopMap {r9=Oop [160]=Oop [168]=Oop [184]=Oop [208]=Oop [304]=Oop [312]=Oop }
                      ;*new {reexecute=1 rethrow=0 return_oop=0}
                      ; - (reexecute) org.eclipse.osgi.internal.loader.BundleLoader::findClass0@281 (line 520)
  0x0000025f848cf4a4: 2b07 e93d | e2ff ff48 

  0x0000025f848cf4ac: ;   {runtime_call fast_new_instance Runtime1 stub}
  0x0000025f848cf4ac: 8bd2 e8cd 

  0x0000025f848cf4b0: ; ImmutableOopMap {r9=Oop [160]=Oop [168]=Oop [184]=Oop [208]=Oop [304]=Oop [312]=Oop }
                      ;*new {reexecute=0 rethrow=0 return_oop=0}
                      ; - org.eclipse.osgi.internal.loader.BundleLoader::findClass0@281 (line 520)
  0x0000025f848cf4b0: 1722 07e9 | 80e2 ffff 

  0x0000025f848cf4b8: ;   {metadata({method} {0x0000025f98461a88} '<init>' '(Ljava/lang/String;)V' in 'java/lang/StringBuilder')}
  0x0000025f848cf4b8: 49ba 801a | 4698 5f02 | 0000 4c89 | 5424 0848 | c704 24ff 

  0x0000025f848cf4cc: ;   {runtime_call counter_overflow Runtime1 stub}
  0x0000025f848cf4cc: ffff ffe8 

  0x0000025f848cf4d0: ; ImmutableOopMap {r9=Oop rax=Oop [160]=Oop [168]=Oop [184]=Oop [208]=Oop [304]=Oop [312]=Oop }
                      ;*synchronization entry
                      ; - java.lang.StringBuilder::<init>@-1
                      ; - org.eclipse.osgi.internal.loader.BundleLoader::findClass0@288 (line 520)
  0x0000025f848cf4d0: 2c5d 2b07 | e99d e2ff 

  0x0000025f848cf4d8: ;   {metadata({method} {0x0000025f98461820} 'append' '(Ljava/lang/Object;)Ljava/lang/StringBuilder;' in 'java/lang/StringBuilder')}
  0x0000025f848cf4d8: ff49 ba18 | 1846 985f | 0200 004c | 8954 2408 | 48c7 0424 | ffff ffff 

  0x0000025f848cf4f0: ;   {runtime_call counter_overflow Runtime1 stub}
  0x0000025f848cf4f0: e80b 5d2b 

  0x0000025f848cf4f4: ; ImmutableOopMap {[160]=Oop [168]=Oop [184]=Oop [208]=Oop [296]=Oop [304]=Oop [312]=Oop }
                      ;*synchronization entry
                      ; - java.lang.StringBuilder::append@-1
                      ; - org.eclipse.osgi.internal.loader.BundleLoader::findClass0@292 (line 520)
  0x0000025f848cf4f4: 07e9 fbe2 

  0x0000025f848cf4f8: ;   {metadata({method} {0x0000025f98454f60} 'valueOf' '(Ljava/lang/Object;)Ljava/lang/String;' in 'java/lang/String')}
  0x0000025f848cf4f8: ffff 49ba | 584f 4598 | 5f02 0000 | 4c89 5424 | 0848 c704 | 24ff ffff 

  0x0000025f848cf510: ;   {runtime_call counter_overflow Runtime1 stub}
  0x0000025f848cf510: ffe8 ea5c 

  0x0000025f848cf514: ; ImmutableOopMap {[160]=Oop [168]=Oop [184]=Oop [208]=Oop [296]=Oop [304]=Oop [312]=Oop }
                      ;*synchronization entry
                      ; - java.lang.String::valueOf@-1
                      ; - java.lang.StringBuilder::append@2
                      ; - org.eclipse.osgi.internal.loader.BundleLoader::findClass0@292 (line 520)
  0x0000025f848cf514: 2b07 e913 

  0x0000025f848cf518: ;   {metadata({method} {0x0000025f984617c8} 'append' '(Ljava/lang/String;)Ljava/lang/StringBuilder;' in 'java/lang/StringBuilder')}
  0x0000025f848cf518: e3ff ff49 | bac0 1746 | 985f 0200 | 004c 8954 | 2408 48c7 | 0424 ffff 

  0x0000025f848cf530: ;   {runtime_call counter_overflow Runtime1 stub}
  0x0000025f848cf530: ffff e8c9 

  0x0000025f848cf534: ; ImmutableOopMap {rax=Oop [160]=Oop [168]=Oop [184]=Oop [208]=Oop [296]=Oop [304]=Oop [312]=Oop }
                      ;*synchronization entry
                      ; - java.lang.StringBuilder::append@-1
                      ; - java.lang.StringBuilder::append@5
                      ; - org.eclipse.osgi.internal.loader.BundleLoader::findClass0@292 (line 520)
  0x0000025f848cf534: 5c2b 07e9 | f3e3 ffff 

  0x0000025f848cf53c: ;   {metadata({method} {0x0000025f984617c8} 'append' '(Ljava/lang/String;)Ljava/lang/StringBuilder;' in 'java/lang/StringBuilder')}
  0x0000025f848cf53c: 49ba c017 | 4698 5f02 | 0000 4c89 | 5424 0848 | c704 24ff 

  0x0000025f848cf550: ;   {runtime_call counter_overflow Runtime1 stub}
  0x0000025f848cf550: ffff ffe8 

  0x0000025f848cf554: ; ImmutableOopMap {[160]=Oop [168]=Oop [184]=Oop [208]=Oop [296]=Oop [304]=Oop [312]=Oop }
                      ;*synchronization entry
                      ; - java.lang.StringBuilder::append@-1
                      ; - org.eclipse.osgi.internal.loader.BundleLoader::findClass0@298 (line 520)
  0x0000025f848cf554: a85c 2b07 | e94a e4ff 

  0x0000025f848cf55c: ;   {metadata({method} {0x0000025f98461820} 'append' '(Ljava/lang/Object;)Ljava/lang/StringBuilder;' in 'java/lang/StringBuilder')}
  0x0000025f848cf55c: ff49 ba18 | 1846 985f | 0200 004c | 8954 2408 | 48c7 0424 | ffff ffff 

  0x0000025f848cf574: ;   {runtime_call counter_overflow Runtime1 stub}
  0x0000025f848cf574: e887 5c2b 

  0x0000025f848cf578: ; ImmutableOopMap {[160]=Oop [168]=Oop [184]=Oop [208]=Oop [296]=Oop [304]=Oop [312]=Oop }
                      ;*synchronization entry
                      ; - java.lang.StringBuilder::append@-1
                      ; - org.eclipse.osgi.internal.loader.BundleLoader::findClass0@303 (line 520)
  0x0000025f848cf578: 07e9 a7e4 

  0x0000025f848cf57c: ;   {metadata({method} {0x0000025f98454f60} 'valueOf' '(Ljava/lang/Object;)Ljava/lang/String;' in 'java/lang/String')}
  0x0000025f848cf57c: ffff 49ba | 584f 4598 | 5f02 0000 | 4c89 5424 | 0848 c704 | 24ff ffff 

  0x0000025f848cf594: ;   {runtime_call counter_overflow Runtime1 stub}
  0x0000025f848cf594: ffe8 665c 

  0x0000025f848cf598: ; ImmutableOopMap {[160]=Oop [168]=Oop [184]=Oop [208]=Oop [296]=Oop [304]=Oop [312]=Oop }
                      ;*synchronization entry
                      ; - java.lang.String::valueOf@-1
                      ; - java.lang.StringBuilder::append@2
                      ; - org.eclipse.osgi.internal.loader.BundleLoader::findClass0@303 (line 520)
  0x0000025f848cf598: 2b07 e9bf 

  0x0000025f848cf59c: ;   {runtime_call throw_null_pointer_exception Runtime1 stub}
  0x0000025f848cf59c: e4ff ffe8 

  0x0000025f848cf5a0: ; ImmutableOopMap {rax=Oop [160]=Oop [168]=Oop [184]=Oop [208]=Oop [296]=Oop [304]=Oop [312]=Oop }
                      ;*invokevirtual toString {reexecute=0 rethrow=0 return_oop=0}
                      ; - java.lang.String::valueOf@11
                      ; - java.lang.StringBuilder::append@2
                      ; - org.eclipse.osgi.internal.loader.BundleLoader::findClass0@303 (line 520)
  0x0000025f848cf5a0: dc1f 2207 

  0x0000025f848cf5a4: ;   {metadata({method} {0x0000025f984617c8} 'append' '(Ljava/lang/String;)Ljava/lang/StringBuilder;' in 'java/lang/StringBuilder')}
  0x0000025f848cf5a4: 49ba c017 | 4698 5f02 | 0000 4c89 | 5424 0848 | c704 24ff 

  0x0000025f848cf5b8: ;   {runtime_call counter_overflow Runtime1 stub}
  0x0000025f848cf5b8: ffff ffe8 

  0x0000025f848cf5bc: ; ImmutableOopMap {rsi=Oop [160]=Oop [168]=Oop [184]=Oop [208]=Oop [296]=Oop [304]=Oop [312]=Oop }
                      ;*synchronization entry
                      ; - java.lang.StringBuilder::append@-1
                      ; - java.lang.StringBuilder::append@5
                      ; - org.eclipse.osgi.internal.loader.BundleLoader::findClass0@303 (line 520)
  0x0000025f848cf5bc: 405c 2b07 | e9dd e5ff 

  0x0000025f848cf5c4: ;   {metadata({method} {0x0000025f98008958} 'toString' '()Ljava/lang/String;' in 'java/lang/StringBuilder')}
  0x0000025f848cf5c4: ff49 ba50 | 8900 985f | 0200 004c | 8954 2408 | 48c7 0424 | ffff ffff 

  0x0000025f848cf5dc: ;   {runtime_call counter_overflow Runtime1 stub}
  0x0000025f848cf5dc: e81f 5c2b 

  0x0000025f848cf5e0: ; ImmutableOopMap {r8=Oop [160]=Oop [168]=Oop [184]=Oop [208]=Oop [304]=Oop [312]=Oop }
                      ;*synchronization entry
                      ; - java.lang.StringBuilder::toString@-1
                      ; - org.eclipse.osgi.internal.loader.BundleLoader::findClass0@306 (line 520)
  0x0000025f848cf5e0: 07e9 32e6 | ffff 488b 

  0x0000025f848cf5e8: ;   {runtime_call fast_new_instance Runtime1 stub}
  0x0000025f848cf5e8: d2e8 9216 

  0x0000025f848cf5ec: ; ImmutableOopMap {r8=Oop [160]=Oop [168]=Oop [184]=Oop [208]=Oop [304]=Oop [312]=Oop }
                      ;*new {reexecute=0 rethrow=0 return_oop=0}
                      ; - java.lang.StringBuilder::toString@0
                      ; - org.eclipse.osgi.internal.loader.BundleLoader::findClass0@306 (line 520)
  0x0000025f848cf5ec: 2207 e975 

  0x0000025f848cf5f0: ;   {metadata({method} {0x0000025f98455ab8} '<init>' '(Ljava/lang/StringBuilder;)V' in 'java/lang/String')}
  0x0000025f848cf5f0: e6ff ff49 | bab0 5a45 | 985f 0200 | 004c 8954 | 2408 48c7 | 0424 ffff 

  0x0000025f848cf608: ;   {runtime_call counter_overflow Runtime1 stub}
  0x0000025f848cf608: ffff e8f1 

  0x0000025f848cf60c: ; ImmutableOopMap {r8=Oop rax=Oop [160]=Oop [168]=Oop [184]=Oop [208]=Oop [304]=Oop [312]=Oop }
                      ;*synchronization entry
                      ; - java.lang.String::<init>@-1
                      ; - java.lang.StringBuilder::toString@5
                      ; - org.eclipse.osgi.internal.loader.BundleLoader::findClass0@306 (line 520)
  0x0000025f848cf60c: 5b2b 07e9 | 90e6 ffff 

  0x0000025f848cf614: ;   {runtime_call throw_null_pointer_exception Runtime1 stub}
  0x0000025f848cf614: e867 1f22 

  0x0000025f848cf618: ; ImmutableOopMap {r9=Oop [160]=Oop [168]=Oop [184]=Oop [208]=Oop [304]=Oop [312]=Oop [320]=Oop }
                      ;*invokevirtual trace {reexecute=0 rethrow=0 return_oop=0}
                      ; - org.eclipse.osgi.internal.loader.BundleLoader::findClass0@309 (line 519)
                      ;   {metadata({method} {0x0000025fda4e53d0} 'trace' '(Ljava/lang/String;Ljava/lang/String;)V' in 'org/eclipse/osgi/internal/debug/Debug')}
  0x0000025f848cf618: 0749 bac8 | 534e da5f | 0200 004c | 8954 2408 | 48c7 0424 | ffff ffff 

  0x0000025f848cf630: ;   {runtime_call counter_overflow Runtime1 stub}
  0x0000025f848cf630: e8cb 5b2b 

  0x0000025f848cf634: ; ImmutableOopMap {r9=Oop [160]=Oop [168]=Oop [184]=Oop [208]=Oop [304]=Oop [312]=Oop [320]=Oop }
                      ;*synchronization entry
                      ; - org.eclipse.osgi.internal.debug.Debug::trace@-1 (line 256)
                      ; - org.eclipse.osgi.internal.loader.BundleLoader::findClass0@309 (line 519)
  0x0000025f848cf634: 07e9 fce6 

  0x0000025f848cf638: ;   {runtime_call throw_incompatible_class_change_error Runtime1 stub}
  0x0000025f848cf638: ffff e8c1 

  0x0000025f848cf63c: ; ImmutableOopMap {rdx=Oop [160]=Oop [168]=Oop [184]=Oop [208]=Oop [304]=Oop [320]=Oop }
                      ;*invokeinterface getLogger {reexecute=0 rethrow=0 return_oop=0}
                      ; - org.eclipse.osgi.internal.debug.Debug::trace@11 (line 265)
                      ; - org.eclipse.osgi.internal.loader.BundleLoader::findClass0@309 (line 519)
                      ;   {runtime_call throw_null_pointer_exception Runtime1 stub}
  0x0000025f848cf63c: 312b 07e8 

  0x0000025f848cf640: ; ImmutableOopMap {rdx=Oop [160]=Oop [168]=Oop [184]=Oop [208]=Oop [304]=Oop [320]=Oop }
                      ;*invokeinterface getLogger {reexecute=0 rethrow=0 return_oop=0}
                      ; - org.eclipse.osgi.internal.debug.Debug::trace@11 (line 265)
                      ; - org.eclipse.osgi.internal.loader.BundleLoader::findClass0@309 (line 519)
  0x0000025f848cf640: 3c1f 2207 

  0x0000025f848cf644: ;   {metadata({method} {0x0000025fda50ca80} 'getLogger' '(Ljava/lang/String;)Lorg/osgi/service/log/Logger;' in 'org/eclipse/osgi/internal/log/ExtendedLogServiceImpl')}
  0x0000025f848cf644: 49ba 78ca | 50da 5f02 | 0000 4c89 | 5424 0848 | c704 24ff 

  0x0000025f848cf658: ;   {runtime_call counter_overflow Runtime1 stub}
  0x0000025f848cf658: ffff ffe8 

  0x0000025f848cf65c: ; ImmutableOopMap {rdx=Oop [160]=Oop [168]=Oop [184]=Oop [208]=Oop [304]=Oop [320]=Oop }
                      ;*synchronization entry
                      ; - org.eclipse.osgi.internal.log.ExtendedLogServiceImpl::getLogger@-1 (line 1)
                      ; - org.eclipse.osgi.internal.debug.Debug::trace@11 (line 265)
                      ; - org.eclipse.osgi.internal.loader.BundleLoader::findClass0@309 (line 519)
  0x0000025f848cf65c: a05b 2b07 | e98e e7ff 

  0x0000025f848cf664: ;   {metadata({method} {0x0000025fda50a308} 'getLogger' '(Ljava/lang/String;)Lorg/eclipse/equinox/log/Logger;' in 'org/eclipse/osgi/internal/log/ExtendedLogServiceImpl')}
  0x0000025f848cf664: ff49 ba00 | a350 da5f | 0200 004c | 8954 2408 | 48c7 0424 | ffff ffff 

  0x0000025f848cf67c: ;   {runtime_call counter_overflow Runtime1 stub}
  0x0000025f848cf67c: e87f 5b2b 

  0x0000025f848cf680: ; ImmutableOopMap {rdx=Oop [160]=Oop [168]=Oop [184]=Oop [208]=Oop [304]=Oop [320]=Oop }
                      ;*synchronization entry
                      ; - org.eclipse.osgi.internal.log.ExtendedLogServiceImpl::getLogger@-1 (line 73)
                      ; - org.eclipse.osgi.internal.log.ExtendedLogServiceImpl::getLogger@2 (line 1)
                      ; - org.eclipse.osgi.internal.debug.Debug::trace@11 (line 265)
                      ; - org.eclipse.osgi.internal.loader.BundleLoader::findClass0@309 (line 519)
  0x0000025f848cf680: 07e9 bfe7 | ffff 4889 

  0x0000025f848cf688: ;   {runtime_call throw_class_cast_exception Runtime1 stub}
  0x0000025f848cf688: 0424 e871 

  0x0000025f848cf68c: ; ImmutableOopMap {[160]=Oop [168]=Oop [184]=Oop [208]=Oop [304]=Oop [320]=Oop }
                      ;*checkcast {reexecute=0 rethrow=0 return_oop=0}
                      ; - org.eclipse.osgi.internal.log.ExtendedLogServiceImpl::getLogger@7 (line 73)
                      ; - org.eclipse.osgi.internal.log.ExtendedLogServiceImpl::getLogger@2 (line 1)
                      ; - org.eclipse.osgi.internal.debug.Debug::trace@11 (line 265)
                      ; - org.eclipse.osgi.internal.loader.BundleLoader::findClass0@309 (line 519)
                      ;   {runtime_call throw_null_pointer_exception Runtime1 stub}
  0x0000025f848cf68c: 2e2b 07e8 

  0x0000025f848cf690: ; ImmutableOopMap {rdx=Oop [160]=Oop [168]=Oop [184]=Oop [208]=Oop [304]=Oop [320]=Oop }
                      ;*invokeinterface debug {reexecute=0 rethrow=0 return_oop=0}
                      ; - org.eclipse.osgi.internal.debug.Debug::trace@17 (line 265)
                      ; - org.eclipse.osgi.internal.loader.BundleLoader::findClass0@309 (line 519)
  0x0000025f848cf690: ec1e 2207 

  0x0000025f848cf694: ;   {runtime_call throw_null_pointer_exception Runtime1 stub}
  0x0000025f848cf694: e8e7 1e22 

  0x0000025f848cf698: ; ImmutableOopMap {rax=Oop rdx=Oop [160]=Oop [168]=Oop [184]=Oop [208]=Oop [304]=Oop }
                      ;*invokevirtual println {reexecute=0 rethrow=0 return_oop=0}
                      ; - org.eclipse.osgi.internal.debug.Debug::trace@29 (line 267)
                      ; - org.eclipse.osgi.internal.loader.BundleLoader::findClass0@309 (line 519)
                      ;   {runtime_call throw_null_pointer_exception Runtime1 stub}
  0x0000025f848cf698: 07e8 e21e 

  0x0000025f848cf69c: ; ImmutableOopMap {rax=Oop [160]=Oop [168]=Oop [184]=Oop [208]=Oop [304]=Oop }
                      ;*invokevirtual loadClass {reexecute=0 rethrow=0 return_oop=0}
                      ; - org.eclipse.osgi.internal.loader.BundleLoader::findClass0@315 (line 523)
  0x0000025f848cf69c: 2207 4889 

  0x0000025f848cf6a0: ;   {runtime_call throw_class_cast_exception Runtime1 stub}
  0x0000025f848cf6a0: 0424 e859 

  0x0000025f848cf6a4: ; ImmutableOopMap {[160]=Oop [168]=Oop [208]=Oop [328]=Oop }
                      ;*checkcast {reexecute=0 rethrow=0 return_oop=0}
                      ; - org.eclipse.osgi.internal.loader.BundleLoader::findClass0@394 (line 544)
                      ;   {runtime_call throw_null_pointer_exception Runtime1 stub}
  0x0000025f848cf6a4: 2e2b 07e8 

  0x0000025f848cf6a8: ; ImmutableOopMap {rax=Oop [160]=Oop [168]=Oop [208]=Oop }
                      ;*invokevirtual loadClass {reexecute=0 rethrow=0 return_oop=0}
                      ; - org.eclipse.osgi.internal.loader.BundleLoader::findClass0@361 (line 535)
  0x0000025f848cf6a8: d41e 2207 

  0x0000025f848cf6ac: ;   {internal_word}
  0x0000025f848cf6ac: 49ba cbe5 | 8c84 5f02 | 0000 4d89 | 9768 0400 

  0x0000025f848cf6bc: ;   {runtime_call SafepointBlob}
  0x0000025f848cf6bc: 00e9 be4f 

  0x0000025f848cf6c0: ;   {runtime_call throw_null_pointer_exception Runtime1 stub}
  0x0000025f848cf6c0: 2007 e8b9 

  0x0000025f848cf6c4: ; ImmutableOopMap {rdx=Oop rsi=Oop [160]=Oop [168]=Oop [208]=Oop }
                      ;*invokevirtual getConfiguration {reexecute=0 rethrow=0 return_oop=0}
                      ; - org.eclipse.osgi.internal.loader.BundleLoader::findClass0@454 (line 556)
                      ;   {runtime_call throw_null_pointer_exception Runtime1 stub}
  0x0000025f848cf6c4: 1e22 07e8 

  0x0000025f848cf6c8: ; ImmutableOopMap {rdx=Oop [160]=Oop [168]=Oop [208]=Oop }
                      ;*getfield compatibilityBootDelegation {reexecute=1 rethrow=0 return_oop=0}
                      ; - (reexecute) org.eclipse.osgi.internal.loader.BundleLoader::findClass0@457 (line 556)
  0x0000025f848cf6c8: b41e 2207 

  0x0000025f848cf6cc: ;   {runtime_call throw_null_pointer_exception Runtime1 stub}
  0x0000025f848cf6cc: e8af 1e22 

  0x0000025f848cf6d0: ; ImmutableOopMap {rdx=Oop rsi=Oop [160]=Oop [168]=Oop [208]=Oop }
                      ;*invokevirtual loadClass {reexecute=0 rethrow=0 return_oop=0}
                      ; - org.eclipse.osgi.internal.loader.BundleLoader::findClass0@475 (line 559)
                      ;   {metadata({method} {0x0000025f980143f0} 'loadClass' '(Ljava/lang/String;)Ljava/lang/Class;' in 'java/lang/ClassLoader')}
  0x0000025f848cf6d0: 0749 bae8 | 4301 985f | 0200 004c | 8954 2408 | 48c7 0424 | ffff ffff 

  0x0000025f848cf6e8: ;   {runtime_call counter_overflow Runtime1 stub}
  0x0000025f848cf6e8: e813 5b2b 

  0x0000025f848cf6ec: ; ImmutableOopMap {rdx=Oop rsi=Oop [160]=Oop [168]=Oop [208]=Oop }
                      ;*synchronization entry
                      ; - java.lang.ClassLoader::loadClass@-1
                      ; - org.eclipse.osgi.internal.loader.BundleLoader::findClass0@475 (line 559)
  0x0000025f848cf6ec: 07e9 7ff2 

  0x0000025f848cf6f0: ;   {internal_word}
  0x0000025f848cf6f0: ffff 49ba | 3cea 8c84 | 5f02 0000 | 4d89 9768 

  0x0000025f848cf700: ;   {runtime_call SafepointBlob}
  0x0000025f848cf700: 0400 00e9 | 784f 2007 

  0x0000025f848cf708: ;   {internal_word}
  0x0000025f848cf708: 49ba 55ea | 8c84 5f02 | 0000 4d89 | 9768 0400 

  0x0000025f848cf718: ;   {runtime_call SafepointBlob}
  0x0000025f848cf718: 00e9 624f 

  0x0000025f848cf71c: ;   {internal_word}
  0x0000025f848cf71c: 2007 49ba | 6bea 8c84 | 5f02 0000 | 4d89 9768 

  0x0000025f848cf72c: ;   {runtime_call SafepointBlob}
  0x0000025f848cf72c: 0400 00e9 | 4c4f 2007 

  0x0000025f848cf734: ;   {internal_word}
  0x0000025f848cf734: 49ba ccea | 8c84 5f02 | 0000 4d89 | 9768 0400 

  0x0000025f848cf744: ;   {runtime_call SafepointBlob}
  0x0000025f848cf744: 00e9 364f 

  0x0000025f848cf748: ;   {internal_word}
  0x0000025f848cf748: 2007 49ba | e5ea 8c84 | 5f02 0000 | 4d89 9768 

  0x0000025f848cf758: ;   {runtime_call SafepointBlob}
  0x0000025f848cf758: 0400 00e9 | 204f 2007 

  0x0000025f848cf760: ;   {internal_word}
  0x0000025f848cf760: 49ba fbea | 8c84 5f02 | 0000 4d89 | 9768 0400 

  0x0000025f848cf770: ;   {runtime_call SafepointBlob}
  0x0000025f848cf770: 00e9 0a4f 

  0x0000025f848cf774: ;   {internal_word}
  0x0000025f848cf774: 2007 49ba | 5ceb 8c84 | 5f02 0000 | 4d89 9768 

  0x0000025f848cf784: ;   {runtime_call SafepointBlob}
  0x0000025f848cf784: 0400 00e9 | f44e 2007 

  0x0000025f848cf78c: ;   {internal_word}
  0x0000025f848cf78c: 49ba 72eb | 8c84 5f02 | 0000 4d89 | 9768 0400 

  0x0000025f848cf79c: ;   {runtime_call SafepointBlob}
  0x0000025f848cf79c: 00e9 de4e 

  0x0000025f848cf7a0: ;   {internal_word}
  0x0000025f848cf7a0: 2007 49ba | 88eb 8c84 | 5f02 0000 | 4d89 9768 

  0x0000025f848cf7b0: ;   {runtime_call SafepointBlob}
  0x0000025f848cf7b0: 0400 00e9 | c84e 2007 

  0x0000025f848cf7b8: ;   {runtime_call throw_null_pointer_exception Runtime1 stub}
  0x0000025f848cf7b8: e8c3 1d22 

  0x0000025f848cf7bc: ; ImmutableOopMap {rdx=Oop [160]=Oop }
                      ;*invokevirtual loadClass {reexecute=0 rethrow=0 return_oop=0}
                      ; - org.eclipse.osgi.internal.loader.BundleLoader::findClass0@25 (line 470)
                      ;   {metadata({method} {0x0000025f980143f0} 'loadClass' '(Ljava/lang/String;)Ljava/lang/Class;' in 'java/lang/ClassLoader')}
  0x0000025f848cf7bc: 0749 bae8 | 4301 985f | 0200 004c | 8954 2408 | 48c7 0424 | ffff ffff 

  0x0000025f848cf7d4: ;   {runtime_call counter_overflow Runtime1 stub}
  0x0000025f848cf7d4: e827 5a2b 

  0x0000025f848cf7d8: ; ImmutableOopMap {rdx=Oop [160]=Oop }
                      ;*synchronization entry
                      ; - java.lang.ClassLoader::loadClass@-1
                      ; - org.eclipse.osgi.internal.loader.BundleLoader::findClass0@25 (line 470)
  0x0000025f848cf7d8: 07e9 86f4 

  0x0000025f848cf7dc: ;   {internal_word}
  0x0000025f848cf7dc: ffff 49ba | 2ced 8c84 | 5f02 0000 | 4d89 9768 

  0x0000025f848cf7ec: ;   {runtime_call SafepointBlob}
  0x0000025f848cf7ec: 0400 00e9 | 8c4e 2007 

  0x0000025f848cf7f4: ;   {internal_word}
  0x0000025f848cf7f4: 49ba a4ed | 8c84 5f02 | 0000 4d89 | 9768 0400 

  0x0000025f848cf804: ;   {runtime_call SafepointBlob}
  0x0000025f848cf804: 00e9 764e | 2007 488d | 8424 5001 | 0000 4889 

  0x0000025f848cf814: ;   {runtime_call monitorexit_nofpu Runtime1 stub}
  0x0000025f848cf814: 0424 e8e5 | 3e2b 07e9 | daf5 ffff | 488d 8424 | 5001 0000 | 4889 0424 

  0x0000025f848cf82c: ;   {runtime_call monitorexit_nofpu Runtime1 stub}
  0x0000025f848cf82c: e8cf 3e2b | 07e9 14f6 | ffff 498b | 8700 0500 | 0049 c787 | 0005 0000 | 0000 0000 | 49c7 8708 
  0x0000025f848cf84c: 0500 0000 | 0000 0048 | 81c4 7001 

  0x0000025f848cf858: ;   {runtime_call unwind_exception Runtime1 stub}
  0x0000025f848cf858: 0000 5de9 | 202c 2207 
[Stub Code]
  0x0000025f848cf860: ;   {no_reloc}
  0x0000025f848cf860: 0f1f 4400 

  0x0000025f848cf864: ;   {static_stub}
  0x0000025f848cf864: 0048 bb00 | 0000 0000 

  0x0000025f848cf86c: ;   {runtime_call nmethod}
  0x0000025f848cf86c: 0000 00e9 | fbff ffff 

  0x0000025f848cf874: ;   {static_stub}
  0x0000025f848cf874: 9048 bb00 | 0000 0000 

  0x0000025f848cf87c: ;   {runtime_call nmethod}
  0x0000025f848cf87c: 0000 00e9 | fbff ffff 

  0x0000025f848cf884: ;   {static_stub}
  0x0000025f848cf884: 9048 bb00 | 0000 0000 

  0x0000025f848cf88c: ;   {runtime_call nmethod}
  0x0000025f848cf88c: 0000 00e9 | fbff ffff 

  0x0000025f848cf894: ;   {static_stub}
  0x0000025f848cf894: 9048 bb00 | 0000 0000 

  0x0000025f848cf89c: ;   {runtime_call nmethod}
  0x0000025f848cf89c: 0000 00e9 | fbff ffff 

  0x0000025f848cf8a4: ;   {static_stub}
  0x0000025f848cf8a4: 9048 bb00 | 0000 0000 

  0x0000025f848cf8ac: ;   {runtime_call nmethod}
  0x0000025f848cf8ac: 0000 00e9 | fbff ffff 

  0x0000025f848cf8b4: ;   {static_stub}
  0x0000025f848cf8b4: 9048 bb00 | 0000 0000 

  0x0000025f848cf8bc: ;   {runtime_call nmethod}
  0x0000025f848cf8bc: 0000 00e9 | fbff ffff 

  0x0000025f848cf8c4: ;   {static_stub}
  0x0000025f848cf8c4: 9048 bb00 | 0000 0000 

  0x0000025f848cf8cc: ;   {runtime_call nmethod}
  0x0000025f848cf8cc: 0000 00e9 | fbff ffff 

  0x0000025f848cf8d4: ;   {static_stub}
  0x0000025f848cf8d4: 9048 bb00 | 0000 0000 

  0x0000025f848cf8dc: ;   {runtime_call nmethod}
  0x0000025f848cf8dc: 0000 00e9 | fbff ffff 

  0x0000025f848cf8e4: ;   {static_stub}
  0x0000025f848cf8e4: 9048 bb00 | 0000 0000 

  0x0000025f848cf8ec: ;   {runtime_call nmethod}
  0x0000025f848cf8ec: 0000 00e9 | fbff ffff 

  0x0000025f848cf8f4: ;   {static_stub}
  0x0000025f848cf8f4: 9048 bb20 | 7d4a da5f 

  0x0000025f848cf8fc: ;   {runtime_call I2C/C2I adapters}
  0x0000025f848cf8fc: 0200 00e9 | 633e 2007 

  0x0000025f848cf904: ;   {static_stub}
  0x0000025f848cf904: 9048 bb00 | 0000 0000 

  0x0000025f848cf90c: ;   {runtime_call nmethod}
  0x0000025f848cf90c: 0000 00e9 | fbff ffff 

  0x0000025f848cf914: ;   {static_stub}
  0x0000025f848cf914: 9048 bb00 | 0000 0000 

  0x0000025f848cf91c: ;   {runtime_call nmethod}
  0x0000025f848cf91c: 0000 00e9 | fbff ffff 

  0x0000025f848cf924: ;   {static_stub}
  0x0000025f848cf924: 9048 bb00 | 0000 0000 

  0x0000025f848cf92c: ;   {runtime_call nmethod}
  0x0000025f848cf92c: 0000 00e9 | fbff ffff 

  0x0000025f848cf934: ;   {static_stub}
  0x0000025f848cf934: 9048 bb00 | 0000 0000 

  0x0000025f848cf93c: ;   {runtime_call nmethod}
  0x0000025f848cf93c: 0000 00e9 | fbff ffff 

  0x0000025f848cf944: ;   {static_stub}
  0x0000025f848cf944: 9048 bb00 | 0000 0000 

  0x0000025f848cf94c: ;   {runtime_call nmethod}
  0x0000025f848cf94c: 0000 00e9 | fbff ffff 

  0x0000025f848cf954: ;   {static_stub}
  0x0000025f848cf954: 9048 bb00 | 0000 0000 

  0x0000025f848cf95c: ;   {runtime_call nmethod}
  0x0000025f848cf95c: 0000 00e9 | fbff ffff 

  0x0000025f848cf964: ;   {static_stub}
  0x0000025f848cf964: 9048 bb00 | 0000 0000 

  0x0000025f848cf96c: ;   {runtime_call nmethod}
  0x0000025f848cf96c: 0000 00e9 | fbff ffff 

  0x0000025f848cf974: ;   {static_stub}
  0x0000025f848cf974: 9048 bb00 | 0000 0000 

  0x0000025f848cf97c: ;   {runtime_call nmethod}
  0x0000025f848cf97c: 0000 00e9 | fbff ffff 

  0x0000025f848cf984: ;   {static_stub}
  0x0000025f848cf984: 9048 bb00 | 0000 0000 

  0x0000025f848cf98c: ;   {runtime_call nmethod}
  0x0000025f848cf98c: 0000 00e9 | fbff ffff 

  0x0000025f848cf994: ;   {static_stub}
  0x0000025f848cf994: 9048 bb00 | 0000 0000 

  0x0000025f848cf99c: ;   {runtime_call nmethod}
  0x0000025f848cf99c: 0000 00e9 | fbff ffff 

  0x0000025f848cf9a4: ;   {static_stub}
  0x0000025f848cf9a4: 9048 bb00 | 0000 0000 

  0x0000025f848cf9ac: ;   {runtime_call nmethod}
  0x0000025f848cf9ac: 0000 00e9 | fbff ffff 

  0x0000025f848cf9b4: ;   {static_stub}
  0x0000025f848cf9b4: 9048 bb00 | 0000 0000 

  0x0000025f848cf9bc: ;   {runtime_call nmethod}
  0x0000025f848cf9bc: 0000 00e9 | fbff ffff 

  0x0000025f848cf9c4: ;   {static_stub}
  0x0000025f848cf9c4: 9048 bb00 | 0000 0000 

  0x0000025f848cf9cc: ;   {runtime_call nmethod}
  0x0000025f848cf9cc: 0000 00e9 | fbff ffff 

  0x0000025f848cf9d4: ;   {static_stub}
  0x0000025f848cf9d4: 9048 bb00 | 0000 0000 

  0x0000025f848cf9dc: ;   {runtime_call nmethod}
  0x0000025f848cf9dc: 0000 00e9 | fbff ffff 

  0x0000025f848cf9e4: ;   {static_stub}
  0x0000025f848cf9e4: 9048 bb00 | 0000 0000 

  0x0000025f848cf9ec: ;   {runtime_call nmethod}
  0x0000025f848cf9ec: 0000 00e9 | fbff ffff 

  0x0000025f848cf9f4: ;   {static_stub}
  0x0000025f848cf9f4: 9048 bb00 | 0000 0000 

  0x0000025f848cf9fc: ;   {runtime_call nmethod}
  0x0000025f848cf9fc: 0000 00e9 | fbff ffff 

  0x0000025f848cfa04: ;   {static_stub}
  0x0000025f848cfa04: 9048 bb00 | 0000 0000 

  0x0000025f848cfa0c: ;   {runtime_call nmethod}
  0x0000025f848cfa0c: 0000 00e9 | fbff ffff 

  0x0000025f848cfa14: ;   {static_stub}
  0x0000025f848cfa14: 9048 bb00 | 0000 0000 

  0x0000025f848cfa1c: ;   {runtime_call nmethod}
  0x0000025f848cfa1c: 0000 00e9 | fbff ffff 

  0x0000025f848cfa24: ;   {static_stub}
  0x0000025f848cfa24: 9048 bb00 | 0000 0000 

  0x0000025f848cfa2c: ;   {runtime_call nmethod}
  0x0000025f848cfa2c: 0000 00e9 | fbff ffff 

  0x0000025f848cfa34: ;   {static_stub}
  0x0000025f848cfa34: 9048 bb00 | 0000 0000 

  0x0000025f848cfa3c: ;   {runtime_call nmethod}
  0x0000025f848cfa3c: 0000 00e9 | fbff ffff 

  0x0000025f848cfa44: ;   {static_stub}
  0x0000025f848cfa44: 9048 bb00 | 0000 0000 

  0x0000025f848cfa4c: ;   {runtime_call nmethod}
  0x0000025f848cfa4c: 0000 00e9 | fbff ffff 

  0x0000025f848cfa54: ;   {static_stub}
  0x0000025f848cfa54: 9048 bb00 | 0000 0000 

  0x0000025f848cfa5c: ;   {runtime_call nmethod}
  0x0000025f848cfa5c: 0000 00e9 | fbff ffff 

  0x0000025f848cfa64: ;   {static_stub}
  0x0000025f848cfa64: 9048 bb00 | 0000 0000 

  0x0000025f848cfa6c: ;   {runtime_call nmethod}
  0x0000025f848cfa6c: 0000 00e9 | fbff ffff 

  0x0000025f848cfa74: ;   {static_stub}
  0x0000025f848cfa74: 9048 bb00 | 0000 0000 

  0x0000025f848cfa7c: ;   {runtime_call nmethod}
  0x0000025f848cfa7c: 0000 00e9 | fbff ffff 

  0x0000025f848cfa84: ;   {static_stub}
  0x0000025f848cfa84: 9048 bb00 | 0000 0000 

  0x0000025f848cfa8c: ;   {runtime_call nmethod}
  0x0000025f848cfa8c: 0000 00e9 | fbff ffff 

  0x0000025f848cfa94: ;   {static_stub}
  0x0000025f848cfa94: 9048 bb00 | 0000 0000 

  0x0000025f848cfa9c: ;   {runtime_call nmethod}
  0x0000025f848cfa9c: 0000 00e9 | fbff ffff 

  0x0000025f848cfaa4: ;   {static_stub}
  0x0000025f848cfaa4: 48bb 0000 | 0000 0000 

  0x0000025f848cfaac: ;   {runtime_call nmethod}
  0x0000025f848cfaac: 0000 e9fb 

  0x0000025f848cfab0: ;   {static_stub}
  0x0000025f848cfab0: ffff ff48 | bb00 0000 | 0000 0000 

  0x0000025f848cfabc: ;   {runtime_call nmethod}
  0x0000025f848cfabc: 00e9 fbff 

  0x0000025f848cfac0: ;   {static_stub}
  0x0000025f848cfac0: ffff 48bb | 0000 0000 | 0000 0000 

  0x0000025f848cfacc: ;   {runtime_call nmethod}
  0x0000025f848cfacc: e9fb ffff 

  0x0000025f848cfad0: ;   {static_stub}
  0x0000025f848cfad0: ff48 bb00 | 0000 0000 

  0x0000025f848cfad8: ;   {runtime_call nmethod}
  0x0000025f848cfad8: 0000 00e9 | fbff ffff 

  0x0000025f848cfae0: ;   {static_stub}
  0x0000025f848cfae0: 48bb 0000 | 0000 0000 

  0x0000025f848cfae8: ;   {runtime_call nmethod}
  0x0000025f848cfae8: 0000 e9fb 

  0x0000025f848cfaec: ;   {static_stub}
  0x0000025f848cfaec: ffff ff48 | bb00 0000 | 0000 0000 

  0x0000025f848cfaf8: ;   {runtime_call nmethod}
  0x0000025f848cfaf8: 00e9 fbff 

  0x0000025f848cfafc: ;   {static_stub}
  0x0000025f848cfafc: ffff 48bb | 0000 0000 | 0000 0000 

  0x0000025f848cfb08: ;   {runtime_call nmethod}
  0x0000025f848cfb08: e9fb ffff 

  0x0000025f848cfb0c: ;   {static_stub}
  0x0000025f848cfb0c: ff48 bb00 | 0000 0000 

  0x0000025f848cfb14: ;   {runtime_call nmethod}
  0x0000025f848cfb14: 0000 00e9 | fbff ffff 

  0x0000025f848cfb1c: ;   {static_stub}
  0x0000025f848cfb1c: 48bb 48fc | 58da 5f02 

  0x0000025f848cfb24: ;   {runtime_call I2C/C2I adapters}
  0x0000025f848cfb24: 0000 e940 

  0x0000025f848cfb28: ;   {static_stub}
  0x0000025f848cfb28: b51f 0748 | bb00 0000 | 0000 0000 

  0x0000025f848cfb34: ;   {runtime_call nmethod}
  0x0000025f848cfb34: 00e9 fbff 

  0x0000025f848cfb38: ;   {static_stub}
  0x0000025f848cfb38: ffff 48bb | 0000 0000 | 0000 0000 

  0x0000025f848cfb44: ;   {runtime_call nmethod}
  0x0000025f848cfb44: e9fb ffff 

  0x0000025f848cfb48: ;   {static_stub}
  0x0000025f848cfb48: ff48 bbb0 | cb58 da5f 

  0x0000025f848cfb50: ;   {runtime_call I2C/C2I adapters}
  0x0000025f848cfb50: 0200 00e9 | 139a 1f07 

  0x0000025f848cfb58: ;   {static_stub}
  0x0000025f848cfb58: 48bb 68f7 | 58da 5f02 

  0x0000025f848cfb60: ;   {runtime_call I2C/C2I adapters}
  0x0000025f848cfb60: 0000 e900 

  0x0000025f848cfb64: ;   {static_stub}
  0x0000025f848cfb64: 3c20 0748 | bb00 0000 | 0000 0000 

  0x0000025f848cfb70: ;   {runtime_call nmethod}
  0x0000025f848cfb70: 00e9 fbff 

  0x0000025f848cfb74: ;   {runtime_call handle_exception_from_callee Runtime1 stub}
  0x0000025f848cfb74: ffff e805 

  0x0000025f848cfb78: ;   {external_word}
  0x0000025f848cfb78: fc21 0748 | b950 63bc | 7af9 7f00 | 0048 83e4 

  0x0000025f848cfb88: ;   {runtime_call}
  0x0000025f848cfb88: f048 b8c0 | c97e 7af9 | 7f00 00ff 

  0x0000025f848cfb94: ;   {section_word}
  0x0000025f848cfb94: d0f4 49ba | 96fb 8c84 | 5f02 0000 

  0x0000025f848cfba0: ;   {runtime_call DeoptimizationBlob}
  0x0000025f848cfba0: 4152 e9f9 | 4320 07f4 
[/MachCode]


---------------  P R O C E S S  ---------------

Threads class SMR info:
_java_thread_list=0x0000025fd9a43300, length=15, elements={
0x0000025fffb61710, 0x0000025f97a378a0, 0x0000025f97a391b0, 0x0000025f97a3ad40,
0x0000025f97a3db70, 0x0000025f97a3e890, 0x0000025f97a40300, 0x0000025f97a45150,
0x0000025f97ab5fe0, 0x0000025fd929cba0, 0x0000025fd943cfe0, 0x0000025fd9b0ac40,
0x0000025fd9a389b0, 0x0000025fd941a100, 0x0000025fd95399b0
}

Java Threads: ( => current thread )
  0x0000025fffb61710 JavaThread "main"                              [_thread_blocked, id=14324, stack(0x00000068e1f00000,0x00000068e2000000) (1024K)]
  0x0000025f97a378a0 JavaThread "Reference Handler"          daemon [_thread_blocked, id=5940, stack(0x00000068e2300000,0x00000068e2400000) (1024K)]
  0x0000025f97a391b0 JavaThread "Finalizer"                  daemon [_thread_blocked, id=13164, stack(0x00000068e2400000,0x00000068e2500000) (1024K)]
  0x0000025f97a3ad40 JavaThread "Signal Dispatcher"          daemon [_thread_blocked, id=17008, stack(0x00000068e2500000,0x00000068e2600000) (1024K)]
  0x0000025f97a3db70 JavaThread "Attach Listener"            daemon [_thread_blocked, id=17012, stack(0x00000068e2600000,0x00000068e2700000) (1024K)]
  0x0000025f97a3e890 JavaThread "Service Thread"             daemon [_thread_blocked, id=8032, stack(0x00000068e2700000,0x00000068e2800000) (1024K)]
  0x0000025f97a40300 JavaThread "Monitor Deflation Thread"   daemon [_thread_blocked, id=12068, stack(0x00000068e2800000,0x00000068e2900000) (1024K)]
  0x0000025f97a45150 JavaThread "C2 CompilerThread0"         daemon [_thread_blocked, id=7568, stack(0x00000068e2900000,0x00000068e2a00000) (1024K)]
  0x0000025f97ab5fe0 JavaThread "C1 CompilerThread0"         daemon [_thread_blocked, id=17004, stack(0x00000068e2a00000,0x00000068e2b00000) (1024K)]
  0x0000025fd929cba0 JavaThread "Common-Cleaner"             daemon [_thread_blocked, id=12496, stack(0x00000068e2b00000,0x00000068e2c00000) (1024K)]
  0x0000025fd943cfe0 JavaThread "Notification Thread"        daemon [_thread_blocked, id=5828, stack(0x00000068e2c00000,0x00000068e2d00000) (1024K)]
  0x0000025fd9b0ac40 JavaThread "Active Thread: Equinox Container: 5a2ee0a7-e88f-45fc-ba97-3d187ee4aaab"        [_thread_blocked, id=4828, stack(0x00000068e2e00000,0x00000068e2f00000) (1024K)]
  0x0000025fd9a389b0 JavaThread "Framework Event Dispatcher: Equinox Container: 5a2ee0a7-e88f-45fc-ba97-3d187ee4aaab" daemon [_thread_blocked, id=15352, stack(0x00000068e2f00000,0x00000068e3000000) (1024K)]
=>0x0000025fd941a100 JavaThread "Start Level: Equinox Container: 5a2ee0a7-e88f-45fc-ba97-3d187ee4aaab" daemon [_thread_in_vm, id=6356, stack(0x00000068e3000000,0x00000068e3100000) (1024K)]
  0x0000025fd95399b0 JavaThread "SCR Component Actor"        daemon [_thread_blocked, id=15484, stack(0x00000068e3100000,0x00000068e3200000) (1024K)]
Total: 15

Other Threads:
  0x0000025f97a1cab0 VMThread "VM Thread"                           [id=8380, stack(0x00000068e2200000,0x00000068e2300000) (1024K)] _threads_hazard_ptr=0x0000025fd9a43300
  0x0000025f979d1ae0 WatcherThread "VM Periodic Task Thread"        [id=8024, stack(0x00000068e2100000,0x00000068e2200000) (1024K)]
  0x0000025fffb7e3f0 WorkerThread "GC Thread#0"                     [id=2336, stack(0x00000068e2000000,0x00000068e2100000) (1024K)]
  0x0000025f97aec720 WorkerThread "GC Thread#1"                     [id=12228, stack(0x00000068e2d00000,0x00000068e2e00000) (1024K)]
Total: 4

Threads with active compile tasks:
Total: 0

VM state: synchronizing (normal execution)

VM Mutex/Monitor currently owned by a thread:  ([mutex/lock_event])
[0x00007ff97ae7d530] Metaspace_lock - owner thread: 0x0000025fd941a100
[0x00007ff97ae7f5b0] Threads_lock - owner thread: 0x0000025f97a1cab0

Heap address: 0x0000000080000000, size: 2048 MB, Compressed Oops mode: 32-bit

CDS archive(s) mapped at: [0x0000025f98000000-0x0000025f98ba0000-0x0000025f98ba0000), size 12189696, SharedBaseAddress: 0x0000025f98000000, ArchiveRelocationMode: 1.
Compressed class space mapped at: 0x0000025f99000000-0x0000025fd9000000, reserved size: 1073741824
Narrow klass base: 0x0000025f98000000, Narrow klass shift: 0, Narrow klass range: 0x100000000

GC Precious Log:
 CardTable entry size: 512
 CPUs: 2 total, 2 available
 Memory: 8008M
 Large Page Support: Disabled
 NUMA Support: Disabled
 Compressed Oops: Enabled (32-bit)
 Alignments: Space 512K, Generation 512K, Heap 2M
 Heap Min Capacity: 100M
 Heap Initial Capacity: 100M
 Heap Max Capacity: 2G
 Pre-touch: Disabled
 Parallel Workers: 2

Heap:
 PSYoungGen      total 29696K, used 15719K [0x00000000d5580000, 0x00000000d7680000, 0x0000000100000000)
  eden space 25600K, 45% used [0x00000000d5580000,0x00000000d60e1d98,0x00000000d6e80000)
  from space 4096K, 99% used [0x00000000d7280000,0x00000000d7678158,0x00000000d7680000)
  to   space 4096K, 0% used [0x00000000d6e80000,0x00000000d6e80000,0x00000000d7280000)
 ParOldGen       total 68608K, used 1070K [0x0000000080000000, 0x0000000084300000, 0x00000000d5580000)
  object space 68608K, 1% used [0x0000000080000000,0x000000008010b840,0x0000000084300000)
 Metaspace       used 10529K, committed 10880K, reserved 1114112K
  class space    used 1124K, committed 1280K, reserved 1048576K

Card table byte_map: [0x0000025fff510000,0x0000025fff920000] _byte_map_base: 0x0000025fff110000

Marking Bits: (ParMarkBitMap*) 0x00007ff97ae844a0
 Begin Bits: [0x0000025f93550000, 0x0000025f95550000)
 End Bits:   [0x0000025f95550000, 0x0000025f97550000)

Polling page: 0x0000025ffecd0000

Metaspace:

Usage:
  Non-class:      9.18 MB used.
      Class:      1.10 MB used.
       Both:     10.28 MB used.

Virtual space:
  Non-class space:       64.00 MB reserved,       9.38 MB ( 15%) committed,  1 nodes.
      Class space:        1.00 GB reserved,       1.25 MB ( <1%) committed,  1 nodes.
             Both:        1.06 GB reserved,      10.62 MB ( <1%) committed. 

Chunk freelists:
   Non-Class:  6.23 MB
       Class:  14.71 MB
        Both:  20.95 MB

MaxMetaspaceSize: unlimited
CompressedClassSpaceSize: 1.00 GB
Initial GC threshold: 21.00 MB
Current GC threshold: 21.00 MB
CDS: on
 - commit_granule_bytes: 65536.
 - commit_granule_words: 8192.
 - virtual_space_node_default_size: 8388608.
 - enlarge_chunks_in_place: 1.
 - use_allocation_guard: 0.


Internal statistics:

num_allocs_failed_limit: 0.
num_arena_births: 248.
num_arena_deaths: 0.
num_vsnodes_births: 2.
num_vsnodes_deaths: 0.
num_space_committed: 170.
num_space_uncommitted: 0.
num_chunks_returned_to_freelist: 0.
num_chunks_taken_from_freelist: 535.
num_chunk_merges: 0.
num_chunk_splits: 347.
num_chunks_enlarged: 234.
num_inconsistent_stats: 0.

CodeHeap 'non-profiled nmethods': size=120064Kb used=808Kb max_used=808Kb free=119255Kb
 bounds [0x0000025f8c010000, 0x0000025f8c280000, 0x0000025f93550000]
CodeHeap 'profiled nmethods': size=120000Kb used=3604Kb max_used=3604Kb free=116395Kb
 bounds [0x0000025f84550000, 0x0000025f848e0000, 0x0000025f8ba80000]
CodeHeap 'non-nmethods': size=5696Kb used=1218Kb max_used=1233Kb free=4477Kb
 bounds [0x0000025f8ba80000, 0x0000025f8bcf0000, 0x0000025f8c010000]
CodeCache: size=245760Kb, used=5630Kb, max_used=5645Kb, free=240127Kb
 total_blobs=2424, nmethods=1934, adapters=398, full_count=0
Compilation: enabled, stopped_count=0, restarted_count=0

Compilation events (20 events):
Event: 27.151 Thread 0x0000025f97ab5fe0 1948       3       java.util.concurrent.locks.ReentrantLock::getHoldCount (8 bytes)
Event: 27.152 Thread 0x0000025f97ab5fe0 nmethod 1948 0x0000025f848d1910 code [0x0000025f848d1ae0, 0x0000025f848d1dc0]
Event: 27.152 Thread 0x0000025f97ab5fe0 1949       3       java.util.concurrent.locks.ReentrantLock$Sync::getHoldCount (16 bytes)
Event: 27.152 Thread 0x0000025f97ab5fe0 nmethod 1949 0x0000025f848d1f10 code [0x0000025f848d20c0, 0x0000025f848d2338]
Event: 27.152 Thread 0x0000025f97ab5fe0 1950       3       java.lang.ClassLoader::getPackage (36 bytes)
Event: 27.153 Thread 0x0000025f97ab5fe0 nmethod 1950 0x0000025f848d2410 code [0x0000025f848d25e0, 0x0000025f848d28d0]
Event: 27.153 Thread 0x0000025f97ab5fe0 1951       3       java.util.AbstractCollection::isEmpty (13 bytes)
Event: 27.153 Thread 0x0000025f97ab5fe0 nmethod 1951 0x0000025f848d2a10 code [0x0000025f848d2bc0, 0x0000025f848d2dd8]
Event: 27.159 Thread 0x0000025f97ab5fe0 1952       3       org.eclipse.osgi.internal.container.KeyBasedLockStore::poll (32 bytes)
Event: 27.160 Thread 0x0000025f97ab5fe0 nmethod 1952 0x0000025f848d2e90 code [0x0000025f848d30a0, 0x0000025f848d3678]
Event: 27.160 Thread 0x0000025f97ab5fe0 1953       3       org.eclipse.osgi.storage.bundlefile.CloseableBundleFile::releaseOpen (8 bytes)
Event: 27.161 Thread 0x0000025f97ab5fe0 nmethod 1953 0x0000025f848d3890 code [0x0000025f848d3a60, 0x0000025f848d3e20]
Event: 27.166 Thread 0x0000025f97ab5fe0 1954   !   3       org.eclipse.osgi.storage.bundlefile.MRUBundleFileList::use (55 bytes)
Event: 27.166 Thread 0x0000025f97ab5fe0 nmethod 1954 0x0000025f848d3f90 code [0x0000025f848d4160, 0x0000025f848d4550]
Event: 27.166 Thread 0x0000025f97ab5fe0 1955       3       org.eclipse.osgi.internal.hookregistry.ClassLoaderHook::recordClassDefine (1 bytes)
Event: 27.167 Thread 0x0000025f97ab5fe0 nmethod 1955 0x0000025f848d4710 code [0x0000025f848d48a0, 0x0000025f848d49a8]
Event: 27.168 Thread 0x0000025f97ab5fe0 1956       3       org.eclipse.osgi.container.Module$StartOptions::isContained (38 bytes)
Event: 27.169 Thread 0x0000025f97ab5fe0 nmethod 1956 0x0000025f848d4a90 code [0x0000025f848d4c40, 0x0000025f848d4f28]
Event: 27.424 Thread 0x0000025f97a45150 1957       4       java.util.concurrent.locks.ReentrantLock::lock (8 bytes)
Event: 27.427 Thread 0x0000025f97a45150 nmethod 1957 0x0000025f8c0d9d10 code [0x0000025f8c0d9ea0, 0x0000025f8c0d9ff8]

GC Heap History (4 events):
Event: 14.423 GC heap before
{Heap before GC invocations=1 (full 0):
 PSYoungGen      total 29696K, used 25600K [0x00000000d5580000, 0x00000000d7680000, 0x0000000100000000)
  eden space 25600K, 100% used [0x00000000d5580000,0x00000000d6e80000,0x00000000d6e80000)
  from space 4096K, 0% used [0x00000000d7280000,0x00000000d7280000,0x00000000d7680000)
  to   space 4096K, 0% used [0x00000000d6e80000,0x00000000d6e80000,0x00000000d7280000)
 ParOldGen       total 68608K, used 0K [0x0000000080000000, 0x0000000084300000, 0x00000000d5580000)
  object space 68608K, 0% used [0x0000000080000000,0x0000000080000000,0x0000000084300000)
 Metaspace       used 4381K, committed 4608K, reserved 1114112K
  class space    used 476K, committed 576K, reserved 1048576K
}
Event: 14.773 GC heap after
{Heap after GC invocations=1 (full 0):
 PSYoungGen      total 29696K, used 3280K [0x00000000d5580000, 0x00000000d7680000, 0x0000000100000000)
  eden space 25600K, 0% used [0x00000000d5580000,0x00000000d5580000,0x00000000d6e80000)
  from space 4096K, 80% used [0x00000000d6e80000,0x00000000d71b4148,0x00000000d7280000)
  to   space 4096K, 0% used [0x00000000d7280000,0x00000000d7280000,0x00000000d7680000)
 ParOldGen       total 68608K, used 0K [0x0000000080000000, 0x0000000084300000, 0x00000000d5580000)
  object space 68608K, 0% used [0x0000000080000000,0x0000000080000000,0x0000000084300000)
 Metaspace       used 4381K, committed 4608K, reserved 1114112K
  class space    used 476K, committed 576K, reserved 1048576K
}
Event: 24.984 GC heap before
{Heap before GC invocations=2 (full 0):
 PSYoungGen      total 29696K, used 28880K [0x00000000d5580000, 0x00000000d7680000, 0x0000000100000000)
  eden space 25600K, 100% used [0x00000000d5580000,0x00000000d6e80000,0x00000000d6e80000)
  from space 4096K, 80% used [0x00000000d6e80000,0x00000000d71b4148,0x00000000d7280000)
  to   space 4096K, 0% used [0x00000000d7280000,0x00000000d7280000,0x00000000d7680000)
 ParOldGen       total 68608K, used 0K [0x0000000080000000, 0x0000000084300000, 0x00000000d5580000)
  object space 68608K, 0% used [0x0000000080000000,0x0000000080000000,0x0000000084300000)
 Metaspace       used 8202K, committed 8512K, reserved 1114112K
  class space    used 862K, committed 960K, reserved 1048576K
}
Event: 25.003 GC heap after
{Heap after GC invocations=2 (full 0):
 PSYoungGen      total 29696K, used 4064K [0x00000000d5580000, 0x00000000d7680000, 0x0000000100000000)
  eden space 25600K, 0% used [0x00000000d5580000,0x00000000d5580000,0x00000000d6e80000)
  from space 4096K, 99% used [0x00000000d7280000,0x00000000d7678158,0x00000000d7680000)
  to   space 4096K, 0% used [0x00000000d6e80000,0x00000000d6e80000,0x00000000d7280000)
 ParOldGen       total 68608K, used 1070K [0x0000000080000000, 0x0000000084300000, 0x00000000d5580000)
  object space 68608K, 1% used [0x0000000080000000,0x000000008010b840,0x0000000084300000)
 Metaspace       used 8202K, committed 8512K, reserved 1114112K
  class space    used 862K, committed 960K, reserved 1048576K
}

Dll operation events (18 events):
Event: 0.033 Attempting to load shared library c:\Users\jaimi\.vscode\extensions\redhat.java-1.56.0-win32-x64\jre\21.0.12.1-win32-x86_64\bin\java.dll
Event: 0.033 Loaded shared library c:\Users\jaimi\.vscode\extensions\redhat.java-1.56.0-win32-x64\jre\21.0.12.1-win32-x86_64\bin\java.dll
Event: 3.208 Attempting to load shared library c:\Users\jaimi\.vscode\extensions\redhat.java-1.56.0-win32-x64\jre\21.0.12.1-win32-x86_64\bin\zip.dll
Event: 3.210 Loaded shared library c:\Users\jaimi\.vscode\extensions\redhat.java-1.56.0-win32-x64\jre\21.0.12.1-win32-x86_64\bin\zip.dll
Event: 3.447 Attempting to load shared library C:\Users\jaimi\.vscode\extensions\redhat.java-1.56.0-win32-x64\jre\21.0.12.1-win32-x86_64\bin\instrument.dll
Event: 3.447 Loaded shared library C:\Users\jaimi\.vscode\extensions\redhat.java-1.56.0-win32-x64\jre\21.0.12.1-win32-x86_64\bin\instrument.dll
Event: 3.641 Attempting to load shared library C:\Users\jaimi\.vscode\extensions\redhat.java-1.56.0-win32-x64\jre\21.0.12.1-win32-x86_64\bin\net.dll
Event: 3.646 Loaded shared library C:\Users\jaimi\.vscode\extensions\redhat.java-1.56.0-win32-x64\jre\21.0.12.1-win32-x86_64\bin\net.dll
Event: 3.650 Attempting to load shared library C:\Users\jaimi\.vscode\extensions\redhat.java-1.56.0-win32-x64\jre\21.0.12.1-win32-x86_64\bin\nio.dll
Event: 3.655 Loaded shared library C:\Users\jaimi\.vscode\extensions\redhat.java-1.56.0-win32-x64\jre\21.0.12.1-win32-x86_64\bin\nio.dll
Event: 3.665 Attempting to load shared library C:\Users\jaimi\.vscode\extensions\redhat.java-1.56.0-win32-x64\jre\21.0.12.1-win32-x86_64\bin\zip.dll
Event: 3.665 Loaded shared library C:\Users\jaimi\.vscode\extensions\redhat.java-1.56.0-win32-x64\jre\21.0.12.1-win32-x86_64\bin\zip.dll
Event: 3.962 Attempting to load shared library C:\Users\jaimi\.vscode\extensions\redhat.java-1.56.0-win32-x64\jre\21.0.12.1-win32-x86_64\bin\jimage.dll
Event: 3.962 Loaded shared library C:\Users\jaimi\.vscode\extensions\redhat.java-1.56.0-win32-x64\jre\21.0.12.1-win32-x86_64\bin\jimage.dll
Event: 4.862 Attempting to load shared library c:\Users\jaimi\.vscode\extensions\redhat.java-1.56.0-win32-x64\jre\21.0.12.1-win32-x86_64\bin\verify.dll
Event: 4.864 Loaded shared library c:\Users\jaimi\.vscode\extensions\redhat.java-1.56.0-win32-x64\jre\21.0.12.1-win32-x86_64\bin\verify.dll
Event: 24.330 Attempting to load shared library C:\Users\jaimi\AppData\Roaming\Code\User\globalStorage\redhat.java\1.56.0\config_ss_win\org.eclipse.equinox.launcher\org.eclipse.equinox.launcher.win32.win32.x86_64_1.3.100.v20260804-1928\eclipse_11924.dll
Event: 24.340 Loaded shared library C:\Users\jaimi\AppData\Roaming\Code\User\globalStorage\redhat.java\1.56.0\config_ss_win\org.eclipse.equinox.launcher\org.eclipse.equinox.launcher.win32.win32.x86_64_1.3.100.v20260804-1928\eclipse_11924.dll

Deoptimization events (20 events):
Event: 22.707 Thread 0x0000025fffb61710 DEOPT PACKING pc=0x0000025f84652c06 sp=0x00000068e1ffc0d0
Event: 22.707 Thread 0x0000025fffb61710 DEOPT UNPACKING pc=0x0000025f8bad4223 sp=0x00000068e1ffb550 mode 0
Event: 22.710 Thread 0x0000025fffb61710 DEOPT PACKING pc=0x0000025f846d0808 sp=0x00000068e1ffc520
Event: 22.710 Thread 0x0000025fffb61710 DEOPT UNPACKING pc=0x0000025f8bad4223 sp=0x00000068e1ffb9a0 mode 0
Event: 22.714 Thread 0x0000025fffb61710 DEOPT PACKING pc=0x0000025f84652c06 sp=0x00000068e1ffc320
Event: 22.714 Thread 0x0000025fffb61710 DEOPT UNPACKING pc=0x0000025f8bad4223 sp=0x00000068e1ffb7a0 mode 0
Event: 22.715 Thread 0x0000025fffb61710 DEOPT PACKING pc=0x0000025f846d0808 sp=0x00000068e1ffc470
Event: 22.715 Thread 0x0000025fffb61710 DEOPT UNPACKING pc=0x0000025f8bad4223 sp=0x00000068e1ffb8f0 mode 0
Event: 22.718 Thread 0x0000025fffb61710 DEOPT PACKING pc=0x0000025f846d0808 sp=0x00000068e1ffc770
Event: 22.718 Thread 0x0000025fffb61710 DEOPT UNPACKING pc=0x0000025f8bad4223 sp=0x00000068e1ffbbf0 mode 0
Event: 24.053 Thread 0x0000025fffb61710 DEOPT PACKING pc=0x0000025f84700343 sp=0x00000068e1ffe530
Event: 24.053 Thread 0x0000025fffb61710 DEOPT UNPACKING pc=0x0000025f8bad4223 sp=0x00000068e1ffd9a8 mode 0
Event: 24.602 Thread 0x0000025fd941a100 Uncommon trap: trap_request=0xffffff6e fr.pc=0x0000025f8c087434 relative=0x0000000000000374
Event: 24.602 Thread 0x0000025fd941a100 Uncommon trap: reason=loop_limit_check action=maybe_recompile pc=0x0000025f8c087434 method=java.lang.StringLatin1.indexOf([BI[BII)I @ 37 c2
Event: 24.602 Thread 0x0000025fd941a100 DEOPT PACKING pc=0x0000025f8c087434 sp=0x00000068e30f8a10
Event: 24.602 Thread 0x0000025fd941a100 DEOPT UNPACKING pc=0x0000025f8bad3a9c sp=0x00000068e30f8970 mode 2
Event: 27.142 Thread 0x0000025fd941a100 Uncommon trap: trap_request=0xffffff45 fr.pc=0x0000025f8c0cbc6c relative=0x000000000000126c
Event: 27.142 Thread 0x0000025fd941a100 Uncommon trap: reason=unstable_if action=reinterpret pc=0x0000025f8c0cbc6c method=java.io.WinNTFileSystem.normalize(Ljava/lang/String;II)Ljava/lang/String; @ 100 c2
Event: 27.142 Thread 0x0000025fd941a100 DEOPT PACKING pc=0x0000025f8c0cbc6c sp=0x00000068e30f8c60
Event: 27.142 Thread 0x0000025fd941a100 DEOPT UNPACKING pc=0x0000025f8bad3a9c sp=0x00000068e30f8ba0 mode 2

Classes loaded (20 events):
Event: 26.226 Loading class org/xml/sax/ext/Locator2 done
Event: 26.226 Loading class com/sun/org/apache/xerces/internal/parsers/AbstractSAXParser$LocatorProxy done
Event: 26.226 Loading class com/sun/org/apache/xerces/internal/impl/XMLScanner$NameType
Event: 26.226 Loading class com/sun/org/apache/xerces/internal/impl/XMLScanner$NameType done
Event: 26.227 Loading class com/sun/org/apache/xerces/internal/impl/Constants
Event: 26.228 Loading class com/sun/org/apache/xerces/internal/impl/Constants done
Event: 26.230 Loading class com/sun/org/apache/xerces/internal/impl/Constants$ArrayEnumeration
Event: 26.231 Loading class com/sun/org/apache/xerces/internal/impl/Constants$ArrayEnumeration done
Event: 26.387 Loading class com/sun/org/apache/xerces/internal/impl/io/MalformedByteSequenceException
Event: 26.387 Loading class java/io/CharConversionException
Event: 26.387 Loading class java/io/CharConversionException done
Event: 26.387 Loading class com/sun/org/apache/xerces/internal/impl/io/MalformedByteSequenceException done
Event: 26.420 Loading class java/util/concurrent/RejectedExecutionException
Event: 26.421 Loading class java/util/concurrent/RejectedExecutionException done
Event: 26.421 Loading class java/util/concurrent/CompletionStage
Event: 26.421 Loading class java/util/concurrent/CompletionStage done
Event: 26.541 Loading class java/util/concurrent/locks/ReentrantLock$FairSync
Event: 26.542 Loading class java/util/concurrent/locks/ReentrantLock$FairSync done
Event: 26.547 Loading class java/util/Collections$ReverseComparator
Event: 26.548 Loading class java/util/Collections$ReverseComparator done

Classes unloaded (0 events):
No events

Classes redefined (0 events):
No events

Internal exceptions (20 events):
Event: 14.783 Thread 0x0000025fffb61710 Exception <a 'java/lang/ClassNotFoundException'{0x00000000d55add50}: sun/net/www/protocol/c/Handler> (0x00000000d55add50) 
thrown [s\src\hotspot\share\classfile\systemDictionary.cpp, line 313]
Event: 14.783 Thread 0x0000025fffb61710 Exception <a 'java/lang/ClassNotFoundException'{0x00000000d55af150}: sun/net/www/protocol/c/Handler> (0x00000000d55af150) 
thrown [s\src\hotspot\share\classfile\systemDictionary.cpp, line 313]
Event: 14.784 Thread 0x0000025fffb61710 Exception <a 'java/lang/ClassNotFoundException'{0x00000000d55b03d8}: sun/net/www/protocol/c/Handler> (0x00000000d55b03d8) 
thrown [s\src\hotspot\share\classfile\systemDictionary.cpp, line 313]
Event: 14.799 Thread 0x0000025fffb61710 Exception <a 'java/io/FileNotFoundException'{0x00000000d55d8018}> (0x00000000d55d8018) 
thrown [s\src\hotspot\share\prims\jni.cpp, line 520]
Event: 15.219 Thread 0x0000025fffb61710 Implicit null exception at 0x0000025f8c06efc9 to 0x0000025f8c06f93c
Event: 15.220 Thread 0x0000025fffb61710 Implicit null exception at 0x0000025f8c08239a to 0x0000025f8c08259c
Event: 15.222 Thread 0x0000025fffb61710 Exception <a 'java/lang/NoSuchMethodError'{0x00000000d5749b08}: 'void java.lang.invoke.DirectMethodHandle$Holder.invokeStatic(java.lang.Object, java.lang.Object, java.lang.Object, java.lang.Object)'> (0x00000000d5749b08) 
thrown [s\src\hotspot\share\interpreter\linkResolver.cpp, line 773]
Event: 15.227 Thread 0x0000025fffb61710 Implicit null exception at 0x0000025f8c08159a to 0x0000025f8c081794
Event: 16.124 Thread 0x0000025fffb61710 Exception <a 'java/lang/NoSuchMethodError'{0x00000000d59ca848}: 'void java.lang.invoke.DirectMethodHandle$Holder.invokeSpecial(java.lang.Object, java.lang.Object, java.lang.Object)'> (0x00000000d59ca848) 
thrown [s\src\hotspot\share\interpreter\linkResolver.cpp, line 773]
Event: 18.564 Thread 0x0000025fffb61710 Exception <a 'java/lang/NoSuchMethodError'{0x00000000d62dc0b8}: 'int java.lang.invoke.DirectMethodHandle$Holder.invokeVirtual(java.lang.Object, java.lang.Object)'> (0x00000000d62dc0b8) 
thrown [s\src\hotspot\share\interpreter\linkResolver.cpp, line 773]
Event: 19.123 Thread 0x0000025fffb61710 Exception <a 'java/lang/NoSuchMethodError'{0x00000000d64617e8}: 'int java.lang.invoke.DirectMethodHandle$Holder.invokeStaticInit(java.lang.Object, java.lang.Object, java.lang.Object, java.lang.Object)'> (0x00000000d64617e8) 
thrown [s\src\hotspot\share\interpreter\linkResolver.cpp, line 773]
Event: 19.989 Thread 0x0000025fffb61710 Exception <a 'java/lang/IncompatibleClassChangeError'{0x00000000d6469ed0}: Found class java.lang.Object, but interface was expected> (0x00000000d6469ed0) 
thrown [s\src\hotspot\share\interpreter\linkResolver.cpp, line 840]
Event: 19.990 Thread 0x0000025fffb61710 Exception <a 'java/lang/NoSuchMethodError'{0x00000000d6470d60}: 'void java.lang.invoke.DirectMethodHandle$Holder.invokeStaticInit(java.lang.Object, java.lang.Object)'> (0x00000000d6470d60) 
thrown [s\src\hotspot\share\interpreter\linkResolver.cpp, line 773]
Event: 19.997 Thread 0x0000025fffb61710 Exception <a 'java/lang/NoSuchMethodError'{0x00000000d647b6a8}: 'int java.lang.invoke.DirectMethodHandle$Holder.invokeStaticInit(java.lang.Object, java.lang.Object)'> (0x00000000d647b6a8) 
thrown [s\src\hotspot\share\interpreter\linkResolver.cpp, line 773]
Event: 21.105 Thread 0x0000025fffb61710 Exception <a 'java/lang/NoSuchMethodError'{0x00000000d66c77e8}: 'java.lang.Object java.lang.invoke.DirectMethodHandle$Holder.newInvokeSpecial(java.lang.Object, int, java.lang.Object)'> (0x00000000d66c77e8) 
thrown [s\src\hotspot\share\interpreter\linkResolver.cpp, line 773]
Event: 22.086 Thread 0x0000025fffb61710 Exception <a 'java/lang/ClassNotFoundException'{0x00000000d68e2688}: sun/net/www/protocol/plurl/Handler> (0x00000000d68e2688) 
thrown [s\src\hotspot\share\classfile\systemDictionary.cpp, line 313]
Event: 22.086 Thread 0x0000025fffb61710 Exception <a 'java/lang/ClassNotFoundException'{0x00000000d68e3508}: sun/net/www/protocol/plurl/Handler> (0x00000000d68e3508) 
thrown [s\src\hotspot\share\classfile\systemDictionary.cpp, line 313]
Event: 24.295 Thread 0x0000025fffb61710 Exception <a 'java/lang/UnsatisfiedLinkError'{0x00000000d6d47de8}: 'void org.eclipse.equinox.launcher.JNIBridge._update_splash()'> (0x00000000d6d47de8) 
thrown [s\src\hotspot\share\prims\nativeLookup.cpp, line 415]
Event: 25.761 Thread 0x0000025fd941a100 Exception <a 'java/lang/NullPointerException'{0x00000000d5885908}> (0x00000000d5885908) 
thrown [s\src\hotspot\share\interpreter\linkResolver.cpp, line 1372]
Event: 25.761 Thread 0x0000025fd941a100 Exception <a 'java/lang/NullPointerException'{0x00000000d5885be8}> (0x00000000d5885be8) 
thrown [s\src\hotspot\share\interpreter\linkResolver.cpp, line 1372]

ZGC Phase Switch (0 events):
No events

VM Operations (20 events):
Event: 20.712 Executing non-safepoint VM operation: HandshakeAllThreads (Deoptimize)
Event: 20.712 Executing non-safepoint VM operation: HandshakeAllThreads (Deoptimize) done
Event: 21.062 Executing non-safepoint VM operation: HandshakeAllThreads (Deoptimize)
Event: 21.062 Executing non-safepoint VM operation: HandshakeAllThreads (Deoptimize) done
Event: 21.062 Executing safepoint VM operation: Cleanup
Event: 21.062 Executing safepoint VM operation: Cleanup done
Event: 22.064 Executing non-safepoint VM operation: HandshakeAllThreads (Deoptimize)
Event: 22.064 Executing non-safepoint VM operation: HandshakeAllThreads (Deoptimize) done
Event: 22.064 Executing safepoint VM operation: Cleanup
Event: 22.064 Executing safepoint VM operation: Cleanup done
Event: 23.072 Executing safepoint VM operation: Cleanup
Event: 23.072 Executing safepoint VM operation: Cleanup done
Event: 24.085 Executing safepoint VM operation: Cleanup
Event: 24.100 Executing safepoint VM operation: Cleanup done
Event: 24.984 Executing safepoint VM operation: ParallelGCFailedAllocation (Allocation Failure)
Event: 25.003 Executing safepoint VM operation: ParallelGCFailedAllocation (Allocation Failure) done
Event: 26.010 Executing safepoint VM operation: Cleanup
Event: 26.010 Executing safepoint VM operation: Cleanup done
Event: 26.542 Executing non-safepoint VM operation: HandshakeAllThreads (Deoptimize)
Event: 26.542 Executing non-safepoint VM operation: HandshakeAllThreads (Deoptimize) done

Memory protections (0 events):
No events

Nmethod flushes (0 events):
No events

Events (15 events):
Event: 1.110 Thread 0x0000025fffb61710 Thread added: 0x0000025fffb61710
Event: 2.029 Thread 0x0000025fffb61710 Thread added: 0x0000025f97a378a0
Event: 2.030 Thread 0x0000025fffb61710 Thread added: 0x0000025f97a391b0
Event: 2.031 Thread 0x0000025fffb61710 Thread added: 0x0000025f97a3ad40
Event: 2.031 Thread 0x0000025fffb61710 Thread added: 0x0000025f97a3db70
Event: 2.032 Thread 0x0000025fffb61710 Thread added: 0x0000025f97a3e890
Event: 2.032 Thread 0x0000025fffb61710 Thread added: 0x0000025f97a40300
Event: 2.032 Thread 0x0000025fffb61710 Thread added: 0x0000025f97a45150
Event: 2.195 Thread 0x0000025fffb61710 Thread added: 0x0000025f97ab5fe0
Event: 3.460 Thread 0x0000025fffb61710 Thread added: 0x0000025fd929cba0
Event: 5.858 Thread 0x0000025fffb61710 Thread added: 0x0000025fd943cfe0
Event: 20.094 Thread 0x0000025fffb61710 Thread added: 0x0000025fd9b0ac40
Event: 24.125 Thread 0x0000025fffb61710 Thread added: 0x0000025fd9a389b0
Event: 24.289 Thread 0x0000025fffb61710 Thread added: 0x0000025fd941a100
Event: 25.036 Thread 0x0000025fd941a100 Thread added: 0x0000025fd95399b0


Dynamic libraries:
0x00007ff6bfad0000 - 0x00007ff6bfade000 	c:\Users\jaimi\.vscode\extensions\redhat.java-1.56.0-win32-x64\jre\21.0.12.1-win32-x86_64\bin\java.exe
0x00007ff9fb1f0000 - 0x00007ff9fb3e8000 	C:\Windows\SYSTEM32\ntdll.dll
0x00007ff9faf30000 - 0x00007ff9faff2000 	C:\Windows\System32\KERNEL32.DLL
0x00007ff9f8c90000 - 0x00007ff9f8f86000 	C:\Windows\System32\KERNELBASE.dll
0x00007ff9f89e0000 - 0x00007ff9f8ae0000 	C:\Windows\System32\ucrtbase.dll
0x00007ff9e10f0000 - 0x00007ff9e1108000 	c:\Users\jaimi\.vscode\extensions\redhat.java-1.56.0-win32-x64\jre\21.0.12.1-win32-x86_64\bin\jli.dll
0x00007ff9fb000000 - 0x00007ff9fb1a1000 	C:\Windows\System32\USER32.dll
0x00007ff9f89b0000 - 0x00007ff9f89d2000 	C:\Windows\System32\win32u.dll
0x00007ff9f9f50000 - 0x00007ff9f9f7b000 	C:\Windows\System32\GDI32.dll
0x00007ff9f90f0000 - 0x00007ff9f9209000 	C:\Windows\System32\gdi32full.dll
0x00007ff9f8b60000 - 0x00007ff9f8bfd000 	C:\Windows\System32\msvcp_win.dll
0x00007ff9d25d0000 - 0x00007ff9d25ee000 	c:\Users\jaimi\.vscode\extensions\redhat.java-1.56.0-win32-x64\jre\21.0.12.1-win32-x86_64\bin\VCRUNTIME140.dll
0x00007ff9e0690000 - 0x00007ff9e092b000 	C:\Windows\WinSxS\amd64_microsoft.windows.common-controls_6595b64144ccf1df_6.0.19041.6456_none_60b8a6cb71f64256\COMCTL32.dll
0x00007ff9fa860000 - 0x00007ff9fa8fe000 	C:\Windows\System32\msvcrt.dll
0x00007ff9fad10000 - 0x00007ff9fad3f000 	C:\Windows\System32\IMM32.DLL
0x00007ff9f36a0000 - 0x00007ff9f36ac000 	c:\Users\jaimi\.vscode\extensions\redhat.java-1.56.0-win32-x64\jre\21.0.12.1-win32-x86_64\bin\vcruntime140_1.dll
0x00007ff99e710000 - 0x00007ff99e79d000 	c:\Users\jaimi\.vscode\extensions\redhat.java-1.56.0-win32-x64\jre\21.0.12.1-win32-x86_64\bin\msvcp140.dll
0x00007ff97a1c0000 - 0x00007ff97af62000 	c:\Users\jaimi\.vscode\extensions\redhat.java-1.56.0-win32-x64\jre\21.0.12.1-win32-x86_64\bin\server\jvm.dll
0x00007ff9f9e50000 - 0x00007ff9f9f01000 	C:\Windows\System32\ADVAPI32.dll
0x00007ff9fa900000 - 0x00007ff9fa99f000 	C:\Windows\System32\sechost.dll
0x00007ff9fabf0000 - 0x00007ff9fad10000 	C:\Windows\System32\RPCRT4.dll
0x00007ff9f8b30000 - 0x00007ff9f8b57000 	C:\Windows\System32\bcrypt.dll
0x00007ff9fa9a0000 - 0x00007ff9faa0b000 	C:\Windows\System32\WS2_32.dll
0x00007ff9f8260000 - 0x00007ff9f82ab000 	C:\Windows\SYSTEM32\POWRPROF.dll
0x00007ff9dda90000 - 0x00007ff9ddab7000 	C:\Windows\SYSTEM32\WINMM.dll
0x00007ff9e8640000 - 0x00007ff9e864a000 	C:\Windows\SYSTEM32\VERSION.dll
0x00007ff9f81f0000 - 0x00007ff9f8202000 	C:\Windows\SYSTEM32\UMPDC.dll
0x00007ff9f70c0000 - 0x00007ff9f70d2000 	C:\Windows\SYSTEM32\kernel.appcore.dll
0x00007ff9f2e70000 - 0x00007ff9f2e7a000 	c:\Users\jaimi\.vscode\extensions\redhat.java-1.56.0-win32-x64\jre\21.0.12.1-win32-x86_64\bin\jimage.dll
0x00007ff9f6d70000 - 0x00007ff9f6f71000 	C:\Windows\SYSTEM32\DBGHELP.DLL
0x00007ff9dcf40000 - 0x00007ff9dcf74000 	C:\Windows\SYSTEM32\dbgcore.DLL
0x00007ff9f8c00000 - 0x00007ff9f8c82000 	C:\Windows\System32\bcryptPrimitives.dll
0x00007ff9f2d40000 - 0x00007ff9f2d4f000 	c:\Users\jaimi\.vscode\extensions\redhat.java-1.56.0-win32-x64\jre\21.0.12.1-win32-x86_64\bin\instrument.dll
0x00007ff9d2170000 - 0x00007ff9d2190000 	c:\Users\jaimi\.vscode\extensions\redhat.java-1.56.0-win32-x64\jre\21.0.12.1-win32-x86_64\bin\java.dll
0x00007ff9fa0f0000 - 0x00007ff9fa860000 	C:\Windows\System32\SHELL32.dll
0x00007ff9f64f0000 - 0x00007ff9f6c95000 	C:\Windows\SYSTEM32\windows.storage.dll
0x00007ff9f9360000 - 0x00007ff9f96b4000 	C:\Windows\System32\combase.dll
0x00007ff9f82b0000 - 0x00007ff9f82db000 	C:\Windows\SYSTEM32\Wldp.dll
0x00007ff9fae60000 - 0x00007ff9faf2d000 	C:\Windows\System32\OLEAUT32.dll
0x00007ff9f96c0000 - 0x00007ff9f976d000 	C:\Windows\System32\SHCORE.dll
0x00007ff9f9980000 - 0x00007ff9f99db000 	C:\Windows\System32\shlwapi.dll
0x00007ff9f87b0000 - 0x00007ff9f87d4000 	C:\Windows\SYSTEM32\profapi.dll
0x00007ff9d2130000 - 0x00007ff9d2148000 	c:\Users\jaimi\.vscode\extensions\redhat.java-1.56.0-win32-x64\jre\21.0.12.1-win32-x86_64\bin\zip.dll
0x00007ff9dd6f0000 - 0x00007ff9dd700000 	C:\Users\jaimi\.vscode\extensions\redhat.java-1.56.0-win32-x64\jre\21.0.12.1-win32-x86_64\bin\net.dll
0x00007ff9e8650000 - 0x00007ff9e875a000 	C:\Windows\SYSTEM32\WINHTTP.dll
0x00007ff9f7fa0000 - 0x00007ff9f800a000 	C:\Windows\system32\mswsock.dll
0x00007ff9c7e10000 - 0x00007ff9c7e26000 	C:\Users\jaimi\.vscode\extensions\redhat.java-1.56.0-win32-x64\jre\21.0.12.1-win32-x86_64\bin\nio.dll
0x00007ff9d9a30000 - 0x00007ff9d9a40000 	c:\Users\jaimi\.vscode\extensions\redhat.java-1.56.0-win32-x64\jre\21.0.12.1-win32-x86_64\bin\verify.dll
0x00007ff9e1570000 - 0x00007ff9e15b5000 	C:\Users\jaimi\AppData\Roaming\Code\User\globalStorage\redhat.java\1.56.0\config_ss_win\org.eclipse.equinox.launcher\org.eclipse.equinox.launcher.win32.win32.x86_64_1.3.100.v20260804-1928\eclipse_11924.dll
0x00007ff9faa10000 - 0x00007ff9fab3b000 	C:\Windows\System32\ole32.dll

JVMTI agents:
c:\Users\jaimi\.vscode\extensions\redhat.java-1.56.0-win32-x64\lombok\lombok-1.18.39-4050.jar path:c:\Users\jaimi\.vscode\extensions\redhat.java-1.56.0-win32-x64\jre\21.0.12.1-win32-x86_64\bin\instrument.dll, loaded, initialized, instrumentlib options:none

dbghelp: loaded successfully - version: 4.0.5 - missing functions: none
symbol engine: initialized successfully - sym options: 0x614 - pdb path: .;c:\Users\jaimi\.vscode\extensions\redhat.java-1.56.0-win32-x64\jre\21.0.12.1-win32-x86_64\bin;C:\Windows\SYSTEM32;C:\Windows\WinSxS\amd64_microsoft.windows.common-controls_6595b64144ccf1df_6.0.19041.6456_none_60b8a6cb71f64256;c:\Users\jaimi\.vscode\extensions\redhat.java-1.56.0-win32-x64\jre\21.0.12.1-win32-x86_64\bin\server;C:\Users\jaimi\AppData\Roaming\Code\User\globalStorage\redhat.java\1.56.0\config_ss_win\org.eclipse.equinox.launcher\org.eclipse.equinox.launcher.win32.win32.x86_64_1.3.100.v20260804-1928

VM Arguments:
jvm_args: --add-modules=ALL-SYSTEM --add-opens=java.base/java.util=ALL-UNNAMED --add-opens=java.base/java.lang=ALL-UNNAMED --add-opens=java.base/sun.nio.fs=ALL-UNNAMED -Declipse.application=org.eclipse.jdt.ls.core.id1 -Dosgi.bundles.defaultStartLevel=4 -Declipse.product=org.eclipse.jdt.ls.core.product -Djava.import.generatesMetadataFilesAtProjectRoot=false -Dm2e.project.cache.size=50 -DDetectVMInstallationsJob.disabled=true -Dfile.encoding=utf8 -XX:+UseParallelGC -XX:GCTimeRatio=4 -XX:AdaptiveSizePolicyWeight=90 -Dsun.zip.disableMemoryMapping=true -Xmx2G -Xms100m -Xlog:disable -javaagent:c:\Users\jaimi\.vscode\extensions\redhat.java-1.56.0-win32-x64\lombok\lombok-1.18.39-4050.jar 
java_command: c:\Users\jaimi\.vscode\extensions\redhat.java-1.56.0-win32-x64\server\plugins\org.eclipse.equinox.launcher_1.8.0.v20260804-1928.jar -configuration c:\Users\jaimi\AppData\Roaming\Code\User\globalStorage\redhat.java\1.56.0\config_ss_win -data c:\Users\jaimi\AppData\Roaming\Code\User\workspaceStorage\7b1695ebeb44925a89a06e7ce4c3f07f\redhat.java\ss_ws --pipe=\\.\pipe\lsp-73f949a400afaff12c2df00abb2f980c-sock
java_class_path (initial): c:\Users\jaimi\.vscode\extensions\redhat.java-1.56.0-win32-x64\server\plugins\org.eclipse.equinox.launcher_1.8.0.v20260804-1928.jar
Launcher Type: SUN_STANDARD

[Global flags]
    uintx AdaptiveSizePolicyWeight                 = 90                                        {product} {command line}
     intx CICompilerCount                          = 2                                         {product} {ergonomic}
    uintx GCTimeRatio                              = 4                                         {product} {command line}
   size_t InitialHeapSize                          = 104857600                                 {product} {command line}
   size_t MaxHeapSize                              = 2147483648                                {product} {command line}
   size_t MaxNewSize                               = 715653120                                 {product} {ergonomic}
   size_t MinHeapDeltaBytes                        = 524288                                    {product} {ergonomic}
   size_t MinHeapSize                              = 104857600                                 {product} {command line}
   size_t NewSize                                  = 34603008                                  {product} {ergonomic}
    uintx NonNMethodCodeHeapSize                   = 5826188                                {pd product} {ergonomic}
    uintx NonProfiledCodeHeapSize                  = 122916026                              {pd product} {ergonomic}
   size_t OldSize                                  = 70254592                                  {product} {ergonomic}
    uintx ProfiledCodeHeapSize                     = 122916026                              {pd product} {ergonomic}
    uintx ReservedCodeCacheSize                    = 251658240                              {pd product} {ergonomic}
     bool SegmentedCodeCache                       = true                                      {product} {ergonomic}
   size_t SoftMaxHeapSize                          = 2147483648                             {manageable} {ergonomic}
     bool UseCompressedOops                        = true                           {product lp64_product} {ergonomic}
     bool UseLargePagesIndividualAllocation        = false                                  {pd product} {ergonomic}
     bool UseParallelGC                            = true                                      {product} {command line}

Logging:
Log output configuration:
 #0: stdout all=off uptime,level,tags foldmultilines=false
 #1: stderr all=off uptime,level,tags foldmultilines=false

Release file:
JAVA_VERSION="21.0.12.1" 
MODULES="java.base java.compiler java.datatransfer java.xml java.prefs java.desktop java.instrument java.logging java.management java.security.sasl java.naming java.rmi java.management.rmi java.net.http java.scripting java.security.jgss java.transaction.xa java.sql java.sql.rowset java.xml.crypto java.se java.smartcardio jdk.accessibility jdk.internal.jvmstat jdk.attach jdk.charsets jdk.internal.opt jdk.zipfs jdk.compiler jdk.crypto.ec jdk.crypto.cryptoki jdk.crypto.mscapi jdk.dynalink jdk.internal.ed jdk.editpad jdk.hotspot.agent jdk.httpserver jdk.internal.le jdk.internal.vm.ci jdk.internal.vm.compiler jdk.internal.vm.compiler.management jdk.jartool jdk.javadoc jdk.jcmd jdk.management jdk.management.agent jdk.jconsole jdk.jdeps jdk.jdwp.agent jdk.jdi jdk.jfr jdk.jshell jdk.jsobject jdk.jstatd jdk.localedata jdk.management.jfr jdk.naming.dns jdk.naming.rmi jdk.net jdk.nio.mapmode jdk.random jdk.sctp jdk.security.auth jdk.security.jgss jdk.unsupported jdk.unsupported.desktop jdk.xml.dom" 

Environment Variables:
JAVA_HOME=C:\Program Files\Java\jdk1.8.0_503\bin
PATH=C:\Program Files (x86)\Common Files\Oracle\Java\java8path;C:\Program Files (x86)\Common Files\Oracle\Java\javapath;C:\Windows\system32;C:\Windows;C:\Windows\System32\Wbem;C:\Windows\System32\WindowsPowerShell\v1.0\;C:\Windows\System32\OpenSSH\;C:\Program Files\Git\cmd;C:\Users\jaimi\OneDrive\Documentos\programacao\calculatorProject\omniORB\bin;C:\Users\jaimi\AppData\Local\Programs\Python\Python313\;C:\Users\jaimi\AppData\Local\Programs\Python\Launcher\;C:\Users\jaimi\AppData\Local\Microsoft\WindowsApps;C:\Users\jaimi\AppData\Local\Programs\Microsoft VS Code\bin;D:\programs files\PyCharm Community Edition 2024.1.4\bin;;C:\msys64\mingw64\bin;C:\msys64\usr\bin;C:\omniORB\bin\x86_win32;C:\Program Files\Java\jdk1.8.0_503\bin;
USERNAME=jaimi
OS=Windows_NT
PROCESSOR_IDENTIFIER=Intel64 Family 6 Model 122 Stepping 8, GenuineIntel
TMP=C:\Users\jaimi\AppData\Local\Temp
TEMP=C:\Users\jaimi\AppData\Local\Temp




Periodic native trim disabled

---------------  S Y S T E M  ---------------

OS:
 Windows 10 , 64 bit Build 19041 (10.0.19041.5915)
OS uptime: 0 days 0:34 hours

CPU: total 2 (initial active 2) (2 cores per cpu, 1 threads per core) family 6 model 122 stepping 8 microcode 0x22, cx8, cmov, fxsr, mmx, 3dnowpref, sse, sse2, sse3, ssse3, sse4.1, sse4.2, popcnt, tsc, tscinvbit, aes, erms, clmul, sha, clflush, clflushopt, rdtscp, rdpid
Processor Information for the first 2 processors :
  Max Mhz: 1101, Current Mhz: 1101, Mhz Limit: 1101

Memory: 4k page, system-wide physical 8008M (231M free)
TotalPageFile size 11179M (AvailPageFile size 106M)
current process WorkingSet (physical memory assigned to process): 92M, peak: 93M
current process commit charge ("private bytes"): 221M, peak: 222M

vm_info: OpenJDK 64-Bit Server VM (21.0.12.1+1-LTS) for windows-amd64 JRE (21.0.12.1+1-LTS), built on 2026-08-18T00:00:00Z by "admin" with MS VC++ 17.12 (VS2022)

END.
