#
# There is insufficient memory for the Java Runtime Environment to continue.
# Native memory allocation (mmap) failed to map 65536 bytes. Error detail: Failed to commit metaspace.
# Possible reasons:
#   The system is out of physical RAM or swap space
#   This process is running with CompressedOops enabled, and the Java Heap may be blocking the growth of the native heap
# Possible solutions:
#   Reduce memory load on the system
#   Increase physical memory or swap space
#   Check if swap backing store is full
#   Decrease Java heap size (-Xmx/-Xms)
#   Decrease number of Java threads
#   Decrease Java thread stack sizes (-Xss)
#   Set larger code cache with -XX:ReservedCodeCacheSize=
#   JVM is running with Zero Based Compressed Oops mode in which the Java heap is
#     placed in the first 32GB address space. The Java Heap base address is the
#     maximum limit for the native heap growth. Please use -XX:HeapBaseMinAddress
#     to set the Java Heap base and to place the Java Heap above 32GB virtual address.
# This output file may be truncated or incomplete.
#
#  Out of Memory Error (virtualSpaceNode.cpp:113), pid=13260, tid=13200
#
# JRE version: OpenJDK Runtime Environment Temurin-21.0.12.1+1 (21.0.12.1+1) (build 21.0.12.1+1-LTS)
# Java VM: OpenJDK 64-Bit Server VM Temurin-21.0.12.1+1 (21.0.12.1+1-LTS, mixed mode, sharing, tiered, compressed oops, compressed class ptrs, parallel gc, windows-amd64)
# No core dump will be written. Minidumps are not enabled by default on client versions of Windows
#

---------------  S U M M A R Y ------------

Command Line: --add-modules=ALL-SYSTEM --add-opens=java.base/java.util=ALL-UNNAMED --add-opens=java.base/java.lang=ALL-UNNAMED --add-opens=java.base/sun.nio.fs=ALL-UNNAMED -Declipse.application=org.eclipse.jdt.ls.core.id1 -Dosgi.bundles.defaultStartLevel=4 -Declipse.product=org.eclipse.jdt.ls.core.product -Djava.import.generatesMetadataFilesAtProjectRoot=false -Dm2e.project.cache.size=50 -DDetectVMInstallationsJob.disabled=true -Dfile.encoding=utf8 -XX:+UseParallelGC -XX:GCTimeRatio=4 -XX:AdaptiveSizePolicyWeight=90 -Dsun.zip.disableMemoryMapping=true -Xmx4G -Xms100m -Xlog:disable -javaagent:c:\Users\jaimi\.vscode\extensions\redhat.java-1.56.0-win32-x64\lombok\lombok-1.18.39-4050.jar -XX:+HeapDumpOnOutOfMemoryError -XX:HeapDumpPath=c:\Users\jaimi\AppData\Roaming\Code\User\workspaceStorage\7b1695ebeb44925a89a06e7ce4c3f07f\redhat.java -Daether.dependencyCollector.impl=bf c:\Users\jaimi\.vscode\extensions\redhat.java-1.56.0-win32-x64\server\plugins\org.eclipse.equinox.launcher_1.8.0.v20260804-1928.jar -configuration c:\Users\jaimi\AppData\Roaming\Code\User\globalStorage\redhat.java\1.56.0\config_win -data c:\Users\jaimi\AppData\Roaming\Code\User\workspaceStorage\7b1695ebeb44925a89a06e7ce4c3f07f\redhat.java\jdt_ws --pipe=\\.\pipe\lsp-2cbd7a6787bb1eb1bc8f256f6ab95e83-sock

Host: Intel(R) Celeron(R) N4020 CPU @ 1.10GHz, 2 cores, 7G,  Windows 10 , 64 bit Build 19041 (10.0.19041.5915)
Time: Tue Oct  6 18:02:58 2026 South Africa Standard Time elapsed time: 381.045278 seconds (0d 0h 6m 21s)

---------------  T H R E A D  ---------------

Current thread (0x000001f07dc96650):  JavaThread "Worker-4: Initialize workspace"        [_thread_in_vm, id=13200, stack(0x00000003f4100000,0x00000003f4200000) (1024K)]

Stack: [0x00000003f4100000,0x00000003f4200000]
Native frames: (J=compiled Java code, j=interpreted, Vv=VM code, C=native code)
V  [jvm.dll+0x6d83e9]
V  [jvm.dll+0x8b5736]
V  [jvm.dll+0x8b7cee]
V  [jvm.dll+0x8b83d3]
V  [jvm.dll+0x284596]
V  [jvm.dll+0x8b147e]
V  [jvm.dll+0x679ad4]
V  [jvm.dll+0x1e849b]
V  [jvm.dll+0x1e825e]
V  [jvm.dll+0x67c3d2]
V  [jvm.dll+0x67c202]
V  [jvm.dll+0x67a4ae]
V  [jvm.dll+0x26f816]
V  [jvm.dll+0x21a11f]
V  [jvm.dll+0x20f80e]
V  [jvm.dll+0x5b6a7f]
V  [jvm.dll+0x82f77d]
V  [jvm.dll+0x479a6e]
V  [jvm.dll+0x48cde6]
C  [java.dll+0x1657]

Java frames: (J=compiled Java code, j=interpreted, Vv=VM code)
J 918  java.lang.ClassLoader.defineClass0(Ljava/lang/ClassLoader;Ljava/lang/Class;Ljava/lang/String;[BIILjava/security/ProtectionDomain;ZILjava/lang/Object;)Ljava/lang/Class; java.base@21.0.12.1 (0 bytes) @ 0x000001f007b1ab3c [0x000001f007b1aa40+0x00000000000000fc]
J 3066 c1 java.lang.System$2.defineClass(Ljava/lang/ClassLoader;Ljava/lang/Class;Ljava/lang/String;[BLjava/security/ProtectionDomain;ZILjava/lang/Object;)Ljava/lang/Class; java.base@21.0.12.1 (21 bytes) @ 0x000001f00061d0f4 [0x000001f00061d040+0x00000000000000b4]
J 2006 c1 java.lang.invoke.MethodHandles$Lookup$ClassDefiner.defineClass(ZLjava/lang/Object;)Ljava/lang/Class; java.base@21.0.12.1 (213 bytes) @ 0x000001f0003a5a1c [0x000001f0003a54a0+0x000000000000057c]
J 5135 c1 java.lang.invoke.InvokerBytecodeGenerator.loadMethod([B)Ljava/lang/invoke/MemberName; java.base@21.0.12.1 (39 bytes) @ 0x000001f00034ae0c [0x000001f00034ac80+0x000000000000018c]
J 3186 c1 java.lang.invoke.InvokerBytecodeGenerator.generateCustomizedCode(Ljava/lang/invoke/LambdaForm;Ljava/lang/invoke/MethodType;)Ljava/lang/invoke/MemberName; java.base@21.0.12.1 (34 bytes) @ 0x000001f000645f34 [0x000001f000645d80+0x00000000000001b4]
J 2516 c1 java.lang.invoke.LambdaForm.compileToBytecode()V java.base@21.0.12.1 (164 bytes) @ 0x000001f0004db8f4 [0x000001f0004db700+0x00000000000001f4]
J 7731 c1 java.lang.invoke.DirectMethodHandle.makePreparedLambdaForm(Ljava/lang/invoke/MethodType;I)Ljava/lang/invoke/LambdaForm; java.base@21.0.12.1 (756 bytes) @ 0x000001f00089372c [0x000001f0008915a0+0x000000000000218c]
J 9155 c2 java.lang.invoke.DirectMethodHandle.make(BLjava/lang/Class;Ljava/lang/invoke/MemberName;Ljava/lang/Class;)Ljava/lang/invoke/DirectMethodHandle; java.base@21.0.12.1 (275 bytes) @ 0x000001f007fe18fc [0x000001f007fe0120+0x00000000000017dc]
J 2729 c1 java.lang.invoke.MethodHandles$Lookup.getDirectMethodCommon(BLjava/lang/Class;Ljava/lang/invoke/MemberName;ZZLjava/lang/invoke/MethodHandles$Lookup;)Ljava/lang/invoke/MethodHandle; java.base@21.0.12.1 (300 bytes) @ 0x000001f00055aea4 [0x000001f00055a480+0x0000000000000a24]
J 5267 c1 java.lang.invoke.MethodHandles$Lookup.getDirectMethodNoSecurityManager(BLjava/lang/Class;Ljava/lang/invoke/MemberName;Ljava/lang/invoke/MethodHandles$Lookup;)Ljava/lang/invoke/MethodHandle; java.base@21.0.12.1 (18 bytes) @ 0x000001f0003d86d4 [0x000001f0003d8640+0x0000000000000094]
J 3152 c1 java.lang.invoke.MethodHandles$Lookup.getDirectMethodForConstant(BLjava/lang/Class;Ljava/lang/invoke/MemberName;)Ljava/lang/invoke/MethodHandle; java.base@21.0.12.1 (72 bytes) @ 0x000001f00063ca9c [0x000001f00063c160+0x000000000000093c]
J 4919 c1 java.lang.invoke.MethodHandles$Lookup.linkMethodHandleConstant(BLjava/lang/Class;Ljava/lang/String;Ljava/lang/Object;)Ljava/lang/invoke/MethodHandle; java.base@21.0.12.1 (223 bytes) @ 0x000001f00000f554 [0x000001f00000e780+0x0000000000000dd4]
J 2453 c1 java.lang.invoke.MethodHandleNatives.linkMethodHandleConstant(Ljava/lang/Class;ILjava/lang/Class;Ljava/lang/String;Ljava/lang/Object;)Ljava/lang/invoke/MethodHandle; java.base@21.0.12.1 (50 bytes) @ 0x000001f0004b243c [0x000001f0004b2360+0x00000000000000dc]
v  ~StubRoutines::call_stub 0x000001f007531015
j  org.eclipse.jdt.ls.core.internal.handlers.WorkspaceDiagnosticsHandler.toDiagnosticsArray(Lorg/eclipse/jface/text/IDocument;[Lorg/eclipse/core/resources/IMarker;Z)Ljava/util/List;+16
j  org.eclipse.jdt.ls.core.internal.handlers.WorkspaceDiagnosticsHandler.publishDiagnostics(Ljava/util/List;)V+291
j  org.eclipse.jdt.ls.core.internal.handlers.WorkspaceDiagnosticsHandler.publishDiagnostics(Lorg/eclipse/core/runtime/IProgressMonitor;)Ljava/util/List;+8
j  org.eclipse.jdt.ls.core.internal.handlers.JDTLanguageServer$2.run(Lorg/eclipse/core/runtime/IProgressMonitor;)Lorg/eclipse/core/runtime/IStatus;+215
j  org.eclipse.core.internal.jobs.Worker.run()V+32
v  ~StubRoutines::call_stub 0x000001f007531015

Compiled method (n/a) 381125  918     n 0       java.lang.ClassLoader::defineClass0 (native)
 total in heap  [0x000001f007b1a890,0x000001f007b1ad38] = 1192
 relocation     [0x000001f007b1a9f0,0x000001f007b1aa28] = 56
 main code      [0x000001f007b1aa40,0x000001f007b1ad32] = 754
 stub code      [0x000001f007b1ad32,0x000001f007b1ad38] = 6

[Constant Pool (empty)]

[MachCode]
[Entry Point]
  # {method} {0x000001f017434610} 'defineClass0' '(Ljava/lang/ClassLoader;Ljava/lang/Class;Ljava/lang/String;[BIILjava/security/ProtectionDomain;ZILjava/lang/Object;)Ljava/lang/Class;' in 'java/lang/ClassLoader'
  # parm0:    rdx:rdx   = 'java/lang/ClassLoader'
  # parm1:    r8:r8     = 'java/lang/Class'
  # parm2:    r9:r9     = 'java/lang/String'
  # parm3:    rdi:rdi   = '[B'
  # parm4:    rsi       = int
  # parm5:    rcx       = int
  # parm6:    [sp+0xb0]   = 'java/security/ProtectionDomain'  (sp of caller)
  # parm7:    [sp+0xb8]   = boolean
  # parm8:    [sp+0xc0]   = int
  # parm9:    [sp+0xc8]   = 'java/lang/Object'
  0x000001f007b1aa40: 448b 5208 | 49bb 0000 | 0017 f001 | 0000 4d03 | d349 3bc2 | 0f84 0600 

  0x000001f007b1aa58: ;   {runtime_call ic_miss_stub}
  0x000001f007b1aa58: 0000 e921 | 3aa6 ff90 
[Verified Entry Point]
  0x000001f007b1aa60: 8984 2400 | 80ff ff55 | 488b ec48 | 81ec a000 | 0000 6690 | 4181 7f20 | 0500 0000 

  0x000001f007b1aa7c: ;   {runtime_call StubRoutines (final stubs)}
  0x000001f007b1aa7c: 7405 e83d | dfa4 ff48 | 837d 2800 | 488d 4528 | 480f 4445 | 2848 8944 | 2458 4863 | 4520 4889 
  0x000001f007b1aa9c: 4424 5048 | 6345 1848 | 8944 2448 | 4883 7d10 | 0048 8d45 | 1048 0f44 | 4510 4889 | 4424 4048 
  0x000001f007b1aabc: 894c 2438 | 4889 7424 | 3048 897c | 2478 4883 | ff00 488d | 4424 7848 | 0f44 4424 | 7848 8944 
  0x000001f007b1aadc: 2428 4c89 | 4c24 7049 | 83f9 0048 | 8d44 2470 | 480f 4444 | 2470 4889 | 4424 204c | 8944 2468 
  0x000001f007b1aafc: 4983 f800 | 4c8d 4c24 | 684c 0f44 | 4c24 6848 | 8954 2460 | 4883 fa00 | 4c8d 4424 | 604c 0f44 
  0x000001f007b1ab1c: ;   {oop(a 'java/lang/Class'{0x0000000700707a78} = 'java/lang/ClassLoader')}
  0x000001f007b1ab1c: 4424 6049 | be78 7a70 | 0007 0000 | 004c 89b4 | 2490 0000 | 004c 8db4 | 2490 0000 | 0049 8bd6 
  0x000001f007b1ab3c: ;   {section_word}
  0x000001f007b1ab3c: 49ba 3cab | b107 f001 | 0000 4d89 | 97a8 0300 | 0049 89a7 | a003 0000 

  0x000001f007b1ab54: ;   {external_word}
  0x000001f007b1ab54: 49ba 066d | f94e fe7f | 0000 4180 | 3a00 0f84 | 4e00 0000 | 5241 5041 

  0x000001f007b1ab6c: ;   {metadata({method} {0x000001f017434610} 'defineClass0' '(Ljava/lang/ClassLoader;Ljava/lang/Class;Ljava/lang/String;[BIILjava/security/ProtectionDomain;ZILjava/lang/Object;)Ljava/lang/Class;' in 'java/lang/ClassLoader')}
  0x000001f007b1ab6c: 5148 ba08 | 4643 17f0 | 0100 0049 | 8bcf 4883 | ec20 40f6 | c40f 0f84 | 1900 0000 | 4883 ec08 
  0x000001f007b1ab8c: ;   {runtime_call}
  0x000001f007b1ab8c: 48b8 e0ea | a24e fe7f | 0000 ffd0 | 4883 c408 | e90c 0000 

  0x000001f007b1aba0: ;   {runtime_call}
  0x000001f007b1aba0: 0048 b8e0 | eaa2 4efe | 7f00 00ff | d048 83c4 | 2041 5941 | 585a 498d | 8fc0 0300 | 0041 c787 
  0x000001f007b1abc0: 4c04 0000 | 0400 0000 

  0x000001f007b1abc8: ;   {runtime_call}
  0x000001f007b1abc8: 48b8 1c15 | 2db6 fe7f | 0000 ffd0 | 41c7 874c | 0400 0005 | 0000 00f0 | 8344 24c0 | 0049 3baf 
  0x000001f007b1abe8: 5004 0000 | 0f87 0e00 | 0000 4183 | bf48 0400 | 0000 0f84 | 2800 0000 | 4889 45f8 | 498b cf4c 
  0x000001f007b1ac08: 8be4 4883 | ec20 4883 

  0x000001f007b1ac10: ;   {runtime_call}
  0x000001f007b1ac10: e4f0 48b8 | 0058 6e4e | fe7f 0000 | ffd0 498b | e44d 33e4 | 488b 45f8 | 41c7 874c | 0400 0008 
  0x000001f007b1ac30: 0000 0041 | 83bf c804 | 0000 020f | 84c7 0000 

  0x000001f007b1ac40: ;   {external_word}
  0x000001f007b1ac40: 0049 ba06 | 6df9 4efe | 7f00 0041 | 803a 000f | 844c 0000 | 0048 8945 

  0x000001f007b1ac58: ;   {metadata({method} {0x000001f017434610} 'defineClass0' '(Ljava/lang/ClassLoader;Ljava/lang/Class;Ljava/lang/String;[BIILjava/security/ProtectionDomain;ZILjava/lang/Object;)Ljava/lang/Class;' in 'java/lang/ClassLoader')}
  0x000001f007b1ac58: f848 ba08 | 4643 17f0 | 0100 0049 | 8bcf 4883 | ec20 40f6 | c40f 0f84 | 1900 0000 | 4883 ec08 
  0x000001f007b1ac78: ;   {runtime_call}
  0x000001f007b1ac78: 48b8 e0ea | a24e fe7f | 0000 ffd0 | 4883 c408 | e90c 0000 

  0x000001f007b1ac8c: ;   {runtime_call}
  0x000001f007b1ac8c: 0048 b8e0 | eaa2 4efe | 7f00 00ff | d048 83c4 | 2048 8b45 | f849 c787 | a003 0000 | 0000 0000 
  0x000001f007b1acac: 49c7 87a8 | 0300 0000 | 0000 0048 | 85c0 0f84 | 2500 0000 | a803 0f85 | 0800 0000 | 488b 00e9 
  0x000001f007b1accc: 1500 0000 | a801 0f85 | 0900 0000 | 488b 40fe | e904 0000 | 0048 8b40 | ff49 8b8f | 3004 0000 
  0x000001f007b1acec: c781 0001 | 0000 0000 | 0000 c949 | 837f 0800 | 0f85 0100 

  0x000001f007b1ad00: ;   {runtime_call StubRoutines (initial stubs)}
  0x000001f007b1ad00: 0000 c3e9 | f861 a1ff | 4889 45f8 | 4c8b e448 | 83ec 2048 

  0x000001f007b1ad14: ;   {runtime_call}
  0x000001f007b1ad14: 83e4 f048 | b830 22a3 | 4efe 7f00 | 00ff d049 | 8be4 4d33 | e448 8b45 | f8e9 0fff | ffff f4f4 
  0x000001f007b1ad34: f4f4 f4f4 
[/MachCode]


Compiled method (c1) 381263 3066       3       java.lang.System$2::defineClass (21 bytes)
 total in heap  [0x000001f00061ce90,0x000001f00061d270] = 992
 relocation     [0x000001f00061cff0,0x000001f00061d030] = 64
 main code      [0x000001f00061d040,0x000001f00061d178] = 312
 stub code      [0x000001f00061d178,0x000001f00061d1b8] = 64
 metadata       [0x000001f00061d1b8,0x000001f00061d1c0] = 8
 scopes data    [0x000001f00061d1c0,0x000001f00061d208] = 72
 scopes pcs     [0x000001f00061d208,0x000001f00061d258] = 80
 dependencies   [0x000001f00061d258,0x000001f00061d260] = 8
 nul chk table  [0x000001f00061d260,0x000001f00061d270] = 16

[Constant Pool (empty)]

[MachCode]
[Entry Point]
  # {method} {0x000001f017019588} 'defineClass' '(Ljava/lang/ClassLoader;Ljava/lang/Class;Ljava/lang/String;[BLjava/security/ProtectionDomain;ZILjava/lang/Object;)Ljava/lang/Class;' in 'java/lang/System$2'
  # this:     rdx:rdx   = 'java/lang/System$2'
  # parm0:    r8:r8     = 'java/lang/ClassLoader'
  # parm1:    r9:r9     = 'java/lang/Class'
  # parm2:    rdi:rdi   = 'java/lang/String'
  # parm3:    rsi:rsi   = '[B'
  # parm4:    rcx:rcx   = 'java/security/ProtectionDomain'
  # parm5:    [sp+0x70]   = boolean  (sp of caller)
  # parm6:    [sp+0x78]   = int
  # parm7:    [sp+0x80]   = 'java/lang/Object'
  0x000001f00061d040: 448b 5208 | 49bb 0000 | 0017 f001 | 0000 4d03 | d34c 3bd0 

  0x000001f00061d054: ;   {runtime_call ic_miss_stub}
  0x000001f00061d054: 0f85 2614 | f606 660f | 1f44 0000 
[Verified Entry Point]
  0x000001f00061d060: 8984 2400 | 80ff ff55 | 4883 ec60 | 4181 7f20 | 0500 0000 

  0x000001f00061d074: ;   {runtime_call StubRoutines (final stubs)}
  0x000001f00061d074: 7405 e845 | b9f4 0648 

  0x000001f00061d07c: ;   {metadata(method data for {method} {0x000001f017019588} 'defineClass' '(Ljava/lang/ClassLoader;Ljava/lang/Class;Ljava/lang/String;[BLjava/security/ProtectionDomain;ZILjava/lang/Object;)Ljava/lang/Class;' in 'java/lang/System$2')}
  0x000001f00061d07c: 8bd9 48b9 | 98d9 9058 | f001 0000 | 8b81 cc00 | 0000 83c0 | 0289 81cc | 0000 0025 | fe07 0000 
  0x000001f00061d09c: 85c0 0f84 | 6b00 0000 | 4c8b ac24 | 8000 0000 | 448b 5c24 | 788b 4424 | 708b 4e0c 

  0x000001f00061d0b8: ;   {metadata(method data for {method} {0x000001f017019588} 'defineClass' '(Ljava/lang/ClassLoader;Ljava/lang/Class;Ljava/lang/String;[BLjava/security/ProtectionDomain;ZILjava/lang/Object;)Ljava/lang/Class;' in 'java/lang/System$2')}
  0x000001f00061d0b8: 48ba 98d9 | 9058 f001 | 0000 4883 | 8210 0100 | 0001 498b | d04d 8bc1 | 4c8b cf48 | 8bfe be00 
  0x000001f00061d0d8: 0000 0048 | 891c 2489 | 4424 0844 | 895c 2410 | 4c89 6c24 

  0x000001f00061d0ec: ;   {static_call}
  0x000001f00061d0ec: 1866 90e8 

  0x000001f00061d0f0: ; ImmutableOopMap {}
                      ;*invokestatic defineClass0 {reexecute=0 rethrow=0 return_oop=0}
                      ; - java.lang.System$2::defineClass@17
  0x000001f00061d0f0: 6cd9 4f07 

  0x000001f00061d0f4: ;   {other}
  0x000001f00061d0f4: 0f1f 8400 | 6402 0000 | 4883 c460 

  0x000001f00061d100: ;   {poll_return}
  0x000001f00061d100: 5d49 3ba7 | 5004 0000 | 0f87 2700 

  0x000001f00061d10c: ;   {metadata({method} {0x000001f017019588} 'defineClass' '(Ljava/lang/ClassLoader;Ljava/lang/Class;Ljava/lang/String;[BLjava/security/ProtectionDomain;ZILjava/lang/Object;)Ljava/lang/Class;' in 'java/lang/System$2')}
  0x000001f00061d10c: 0000 c349 | ba80 9501 | 17f0 0100 | 004c 8954 | 2408 48c7 | 0424 ffff 

  0x000001f00061d124: ;   {runtime_call counter_overflow Runtime1 stub}
  0x000001f00061d124: ffff e8d5 

  0x000001f00061d128: ; ImmutableOopMap {rdx=Oop r8=Oop r9=Oop rdi=Oop rsi=Oop rbx=Oop [128]=Oop }
                      ;*synchronization entry
                      ; - java.lang.System$2::defineClass@-1
  0x000001f00061d128: 8001 07e9 | 74ff ffff 

  0x000001f00061d130: ;   {runtime_call throw_null_pointer_exception Runtime1 stub}
  0x000001f00061d130: e84b 44f8 

  0x000001f00061d134: ; ImmutableOopMap {r8=Oop r9=Oop rdi=Oop rsi=Oop rbx=Oop r13=Oop [128]=Oop }
                      ;*arraylength {reexecute=0 rethrow=0 return_oop=0}
                      ; - java.lang.System$2::defineClass@8
                      ;   {internal_word}
  0x000001f00061d134: 0649 ba01 | d161 00f0 | 0100 004d | 8997 6804 

  0x000001f00061d144: ;   {runtime_call SafepointBlob}
  0x000001f00061d144: 0000 e935 | 75f6 0649 | 8b87 0005 | 0000 49c7 | 8700 0500 | 0000 0000 | 0049 c787 | 0805 0000 
  0x000001f00061d164: 0000 0000 | 4883 c460 

  0x000001f00061d16c: ;   {runtime_call unwind_exception Runtime1 stub}
  0x000001f00061d16c: 5de9 0e53 | f806 f4f4 | f4f4 f4f4 
[Stub Code]
  0x000001f00061d178: ;   {no_reloc}
  0x000001f00061d178: 48bb 0000 | 0000 0000 

  0x000001f00061d180: ;   {runtime_call nmethod}
  0x000001f00061d180: 0000 e9fb 

  0x000001f00061d184: ;   {runtime_call handle_exception_from_callee Runtime1 stub}
  0x000001f00061d184: ffff ffe8 | f425 f806 

  0x000001f00061d18c: ;   {external_word}
  0x000001f00061d18c: 48b9 5063 | cf4e fe7f | 0000 4883 

  0x000001f00061d198: ;   {runtime_call}
  0x000001f00061d198: e4f0 48b8 | c0c9 914e | fe7f 0000 

  0x000001f00061d1a4: ;   {section_word}
  0x000001f00061d1a4: ffd0 f449 | baa7 d161 | 00f0 0100 

  0x000001f00061d1b0: ;   {runtime_call DeoptimizationBlob}
  0x000001f00061d1b0: 0041 52e9 | e86d f606 
[/MachCode]


Compiled method (c1) 381278 2006   !   3       java.lang.invoke.MethodHandles$Lookup$ClassDefiner::defineClass (213 bytes)
 total in heap  [0x000001f0003a5210,0x000001f0003a64a0] = 4752
 relocation     [0x000001f0003a5370,0x000001f0003a5490] = 288
 main code      [0x000001f0003a54a0,0x000001f0003a5f10] = 2672
 stub code      [0x000001f0003a5f10,0x000001f0003a5f88] = 120
 metadata       [0x000001f0003a5f88,0x000001f0003a6010] = 136
 scopes data    [0x000001f0003a6010,0x000001f0003a6228] = 536
 scopes pcs     [0x000001f0003a6228,0x000001f0003a63e8] = 448
 dependencies   [0x000001f0003a63e8,0x000001f0003a6410] = 40
 handler table  [0x000001f0003a6410,0x000001f0003a6458] = 72
 nul chk table  [0x000001f0003a6458,0x000001f0003a64a0] = 72

[Constant Pool (empty)]

[MachCode]
[Entry Point]
  # {method} {0x000001f0171eae68} 'defineClass' '(ZLjava/lang/Object;)Ljava/lang/Class;' in 'java/lang/invoke/MethodHandles$Lookup$ClassDefiner'
  # this:     rdx:rdx   = 'java/lang/invoke/MethodHandles$Lookup$ClassDefiner'
  # parm0:    r8        = boolean
  # parm1:    r9:r9     = 'java/lang/Object'
  #           [sp+0xf0]  (sp of caller)
  0x000001f0003a54a0: 448b 5208 | 49bb 0000 | 0017 f001 | 0000 4d03 | d34c 3bd0 

  0x000001f0003a54b4: ;   {runtime_call ic_miss_stub}
  0x000001f0003a54b4: 0f85 c68f | 1d07 660f | 1f44 0000 
[Verified Entry Point]
  0x000001f0003a54c0: 8984 2400 | 80ff ff55 | 4881 ece0 | 0000 0090 | 4181 7f20 | 0500 0000 

  0x000001f0003a54d8: ;   {runtime_call StubRoutines (final stubs)}
  0x000001f0003a54d8: 7405 e8e1 | 341c 0748 | 8994 2498 | 0000 0044 | 8984 24b0 | 0000 004c | 898c 24b8 

  0x000001f0003a54f4: ;   {metadata(method data for {method} {0x000001f0171eae68} 'defineClass' '(ZLjava/lang/Object;)Ljava/lang/Class;' in 'java/lang/invoke/MethodHandles$Lookup$ClassDefiner')}
  0x000001f0003a54f4: 0000 0048 | be70 ce90 | 58f0 0100 | 008b becc | 0000 0083 | c702 89be | cc00 0000 | 81e7 fe07 
  0x000001f0003a5514: 0000 85ff | 0f84 a307 | 0000 8b72 | 1048 c1e6 | 0348 89b4 | 2490 0000 | 0048 3b06 

  0x000001f0003a5530: ;   {metadata(method data for {method} {0x000001f0171eae68} 'defineClass' '(ZLjava/lang/Object;)Ljava/lang/Class;' in 'java/lang/invoke/MethodHandles$Lookup$ClassDefiner')}
  0x000001f0003a5530: 488b fe48 | bb70 ce90 | 58f0 0100 | 0048 8383 | 1001 0000 | 018b 7e10 | 48c1 e703 | 4889 bc24 
  0x000001f0003a5550: a800 0000 

  0x000001f0003a5554: ; implicit exception: dispatches to 0x000001f0003a5ce7
  0x000001f0003a5554: 483b 0748 

  0x000001f0003a5558: ;   {metadata(method data for {method} {0x000001f0171eae68} 'defineClass' '(ZLjava/lang/Object;)Ljava/lang/Class;' in 'java/lang/invoke/MethodHandles$Lookup$ClassDefiner')}
  0x000001f0003a5558: 8bdf 48b8 | 70ce 9058 | f001 0000 | 4883 8048 | 0100 0001 

  0x000001f0003a556c: ;   {metadata(method data for {method} {0x000001f017468e60} 'getClassLoader' '()Ljava/lang/ClassLoader;' in 'java/lang/Class')}
  0x000001f0003a556c: 48bb 4077 | 0258 f001 | 0000 8b83 | cc00 0000 | 83c0 0289 | 83cc 0000 | 0025 feff | 1f00 85c0 
  0x000001f0003a558c: 0f84 5a07 | 0000 8b5f | 3448 c1e3 | 0348 85db 

  0x000001f0003a559c: ;   {metadata(method data for {method} {0x000001f017468e60} 'getClassLoader' '()Ljava/lang/ClassLoader;' in 'java/lang/Class')}
  0x000001f0003a559c: 48b8 4077 | 0258 f001 | 0000 48c7 | c110 0100 | 0075 0748 | c7c1 2001 | 0000 4c8b | 1c08 4d8d 
  0x000001f0003a55bc: 5b01 4c89 | 1c08 0f85 | 0f00 0000 

  0x000001f0003a55c8: ;   {oop(nullptr)}
  0x000001f0003a55c8: 48bb 0000 | 0000 0000 | 0000 e9a2 

  0x000001f0003a55d4: ;   {metadata(method data for {method} {0x000001f017468e60} 'getClassLoader' '()Ljava/lang/ClassLoader;' in 'java/lang/Class')}
  0x000001f0003a55d4: 0000 0048 | b840 7702 | 58f0 0100 | 0048 8380 | 3001 0000 

  0x000001f0003a55e8: ;   {metadata(method data for {method} {0x000001f01701b1d0} 'getSecurityManager' '()Ljava/lang/SecurityManager;' in 'java/lang/System')}
  0x000001f0003a55e8: 0148 b800 | 7902 58f0 | 0100 008b | 88cc 0000 | 0083 c102 | 8988 cc00 | 0000 81e1 | feff 1f00 
  0x000001f0003a5608: 85c9 0f84 | fd06 0000 

  0x000001f0003a5610: ;   {metadata(method data for {method} {0x000001f01701b1d0} 'getSecurityManager' '()Ljava/lang/SecurityManager;' in 'java/lang/System')}
  0x000001f0003a5610: 48b8 0079 | 0258 f001 | 0000 4883 | 8010 0100 

  0x000001f0003a5620: ;   {metadata(method data for {method} {0x000001f01701b2e8} 'allowSecurityManager' '()Z' in 'java/lang/System')}
  0x000001f0003a5620: 0001 48b8 | 787a 0258 | f001 0000 | 8b88 cc00 | 0000 83c1 | 0289 88cc | 0000 0081 | e1fe ff1f 
  0x000001f0003a5640: 0085 c90f | 84e5 0600 

  0x000001f0003a5648: ;   {metadata(method data for {method} {0x000001f01701b2e8} 'allowSecurityManager' '()Z' in 'java/lang/System')}
  0x000001f0003a5648: 0048 b878 | 7a02 58f0 | 0100 00ff | 8010 0100 

  0x000001f0003a5658: ;   {metadata(method data for {method} {0x000001f01701b1d0} 'getSecurityManager' '()Ljava/lang/SecurityManager;' in 'java/lang/System')}
  0x000001f0003a5658: 0048 b800 | 7902 58f0 | 0100 00ff | 8020 0100 

  0x000001f0003a5668: ;   {metadata(method data for {method} {0x000001f017468e60} 'getClassLoader' '()Ljava/lang/ClassLoader;' in 'java/lang/Class')}
  0x000001f0003a5668: 0048 b840 | 7702 58f0 | 0100 00ff | 8040 0100 | 0048 85db 

  0x000001f0003a567c: ;   {metadata(method data for {method} {0x000001f0171eae68} 'defineClass' '(ZLjava/lang/Object;)Ljava/lang/Class;' in 'java/lang/invoke/MethodHandles$Lookup$ClassDefiner')}
  0x000001f0003a567c: 48b8 70ce | 9058 f001 | 0000 48c7 | c180 0100 | 0074 0748 | c7c1 9001 | 0000 4c8b | 1c08 4d8d 
  0x000001f0003a569c: 5b01 4c89 | 1c08 0f84 | 5302 0000 

  0x000001f0003a56a8: ;   {metadata(method data for {method} {0x000001f0171eae68} 'defineClass' '(ZLjava/lang/Object;)Ljava/lang/Class;' in 'java/lang/invoke/MethodHandles$Lookup$ClassDefiner')}
  0x000001f0003a56a8: 488b c648 | b970 ce90 | 58f0 0100 | 0048 8381 | a001 0000 

  0x000001f0003a56bc: ;   {metadata(method data for {method} {0x000001f0173e0578} 'lookupClassProtectionDomain' '()Ljava/security/ProtectionDomain;' in 'java/lang/invoke/MethodHandles$Lookup')}
  0x000001f0003a56bc: 0148 b8a8 | d490 58f0 | 0100 008b | 88cc 0000 | 0083 c102 | 8988 cc00 | 0000 81e1 | feff 1f00 
  0x000001f0003a56dc: 85c9 0f84 | 6b06 0000 | 8b46 1848 | c1e0 0348 

  0x000001f0003a56ec: ;   {metadata(method data for {method} {0x000001f0173e0578} 'lookupClassProtectionDomain' '()Ljava/security/ProtectionDomain;' in 'java/lang/invoke/MethodHandles$Lookup')}
  0x000001f0003a56ec: 85c0 48b9 | a8d4 9058 | f001 0000 | 49c7 c310 | 0100 0075 | 0749 c7c3 | 2001 0000 | 4e8b 2c19 
  0x000001f0003a570c: 4d8d 6d01 | 4e89 2c19 | 4889 9c24 | a000 0000 | 0f85 c301 

  0x000001f0003a5720: ;   {metadata(method data for {method} {0x000001f0173e0578} 'lookupClassProtectionDomain' '()Ljava/security/ProtectionDomain;' in 'java/lang/invoke/MethodHandles$Lookup')}
  0x000001f0003a5720: 0000 48b8 | a8d4 9058 | f001 0000 | 4883 8030 | 0100 0001 

  0x000001f0003a5734: ;   {metadata(method data for {method} {0x000001f017473b88} 'getJavaLangAccess' '()Ljdk/internal/access/JavaLangAccess;' in 'jdk/internal/access/SharedSecrets')}
  0x000001f0003a5734: 48b8 2869 | 2958 f001 | 0000 8b88 | cc00 0000 | 83c1 0289 | 88cc 0000 | 0081 e1fe | ff1f 0085 
  0x000001f0003a5754: c90f 8415 

  0x000001f0003a5758: ;   {oop(a 'java/lang/Class'{0x0000000700000e30} = 'jdk/internal/access/SharedSecrets')}
  0x000001f0003a5758: 0600 0048 | b830 0e00 | 0007 0000 | 008b 407c | 48c1 e003 | 8b4e 1048 | c1e1 0348 | 85c0 0f84 
  0x000001f0003a5778: 2a00 0000 

  0x000001f0003a577c: ;   {metadata('java/lang/System$2')}
  0x000001f0003a577c: 48be 6082 | 0117 f001 | 0000 448b | 7008 49ba | 0000 0017 | f001 0000 | 4d03 f249 | 3b76 380f 
  0x000001f0003a579c: 85f0 0500 | 00e9 0000 | 0000 4c8b | d848 3b00 

  0x000001f0003a57ac: ;   {metadata(method data for {method} {0x000001f0173e0578} 'lookupClassProtectionDomain' '()Ljava/security/ProtectionDomain;' in 'java/lang/invoke/MethodHandles$Lookup')}
  0x000001f0003a57ac: 48be a8d4 | 9058 f001 

  0x000001f0003a57b4: ;   {metadata('java/lang/System$2')}
  0x000001f0003a57b4: 0000 49ba | 6082 0117 | f001 0000 | 4c89 9650 | 0100 0048 | 8386 5801 

  0x000001f0003a57cc: ;   {metadata(method data for {method} {0x000001f0170192c8} 'protectionDomain' '(Ljava/lang/Class;)Ljava/security/ProtectionDomain;' in 'java/lang/System$2')}
  0x000001f0003a57cc: 0000 0148 | be60 d690 | 58f0 0100 | 008b 86cc | 0000 0083 | c002 8986 | cc00 0000 | 25fe ff1f 
  0x000001f0003a57ec: 0085 c00f | 84a6 0500 | 0048 3b01 

  0x000001f0003a57f8: ;   {metadata(method data for {method} {0x000001f0170192c8} 'protectionDomain' '(Ljava/lang/Class;)Ljava/security/ProtectionDomain;' in 'java/lang/System$2')}
  0x000001f0003a57f8: 488b f148 | b860 d690 | 58f0 0100 | 0048 8380 | 1001 0000 

  0x000001f0003a580c: ;   {metadata(method data for {method} {0x000001f017467bb8} 'protectionDomain' '()Ljava/security/ProtectionDomain;' in 'java/lang/Class')}
  0x000001f0003a580c: 0148 bef0 | d790 58f0 | 0100 008b | 86cc 0000 | 0083 c002 | 8986 cc00 | 0000 25fe | ff1f 0085 
  0x000001f0003a582c: c00f 848e | 0500 0048 

  0x000001f0003a5834: ;   {metadata(method data for {method} {0x000001f017467bb8} 'protectionDomain' '()Ljava/security/ProtectionDomain;' in 'java/lang/Class')}
  0x000001f0003a5834: 8bf1 48b8 | f0d7 9058 | f001 0000 | 4883 8010 | 0100 0001 | 488b d10f 

  0x000001f0003a584c: ;   {optimized virtual_call}
  0x000001f0003a584c: 1f40 00e8 

  0x000001f0003a5850: ; ImmutableOopMap {[144]=Oop [152]=Oop [160]=Oop [168]=Oop [184]=Oop }
                      ;*invokevirtual getProtectionDomain0 {reexecute=0 rethrow=0 return_oop=0}
                      ; - java.lang.Class::protectionDomain@1
                      ; - java.lang.System$2::protectionDomain@1
                      ; - java.lang.invoke.MethodHandles$Lookup::lookupClassProtectionDomain@17
                      ; - java.lang.invoke.MethodHandles$Lookup$ClassDefiner::defineClass@23
  0x000001f0003a5850: 8c2d 8707 

  0x000001f0003a5854: ;   {other}
  0x000001f0003a5854: 0f1f 8400 | 4406 0000 

  0x000001f0003a585c: ;   {metadata(method data for {method} {0x000001f017467bb8} 'protectionDomain' '()Ljava/security/ProtectionDomain;' in 'java/lang/Class')}
  0x000001f0003a585c: 4885 c049 | b8f0 d790 | 58f0 0100 | 0049 c7c1 | 4801 0000 | 7507 49c7 | c158 0100 | 004b 8b3c 
  0x000001f0003a587c: 0848 8d7f | 014b 893c | 080f 8525 | 0000 000f | 1f44 0000 

  0x000001f0003a5890: ;   {no_reloc}
  0x000001f0003a5890: e9c5 0500 | 0000 0000 | 0000 660f | 1f44 0000 

  0x000001f0003a58a0: ; implicit exception: dispatches to 0x000001f0003a5e64
  0x000001f0003a58a0: e9d0 0500 | 0090 9049 | c1e0 03e9 | 0300 0000 | 4c8b c048 | 8bb4 2490 | 0000 004d | 8bd0 49c1 
  0x000001f0003a58c0: ea03 4489 | 5618 f083 | 4424 c000 | 4c8d 0e49 | c1e9 0948 | bf00 0067 | 78f0 0100 | 0041 c604 
  0x000001f0003a58e0: 3900 498b 

  0x000001f0003a58e4: ;   {metadata(method data for {method} {0x000001f0171eae68} 'defineClass' '(ZLjava/lang/Object;)Ljava/lang/Class;' in 'java/lang/invoke/MethodHandles$Lookup$ClassDefiner')}
  0x000001f0003a58e4: c049 b870 | ce90 58f0 | 0100 0041 | ff80 d801 | 0000 e912 | 0000 0048 | 899c 24a0 

  0x000001f0003a5900: ;   {oop(nullptr)}
  0x000001f0003a5900: 0000 0048 | b800 0000 | 0000 0000 | 0048 8b9c | 24a0 0000 | 0048 8bbc | 24a8 0000 | 0048 8b94 
  0x000001f0003a5920: 2498 0000 

  0x000001f0003a5924: ;   {metadata(method data for {method} {0x000001f0171eae68} 'defineClass' '(ZLjava/lang/Object;)Ljava/lang/Class;' in 'java/lang/invoke/MethodHandles$Lookup$ClassDefiner')}
  0x000001f0003a5924: 0049 b870 | ce90 58f0 | 0100 0049 | 8380 f001 

  0x000001f0003a5934: ;   {metadata(method data for {method} {0x000001f017473b88} 'getJavaLangAccess' '()Ljdk/internal/access/JavaLangAccess;' in 'jdk/internal/access/SharedSecrets')}
  0x000001f0003a5934: 0000 0149 | b828 6929 | 58f0 0100 | 0045 8b88 | cc00 0000 | 4183 c102 | 4589 88cc | 0000 0041 
  0x000001f0003a5954: 81e1 feff | 1f00 4585 | c90f 841c 

  0x000001f0003a5960: ;   {oop(a 'java/lang/Class'{0x0000000700000e30} = 'jdk/internal/access/SharedSecrets')}
  0x000001f0003a5960: 0500 0049 | b830 0e00 | 0007 0000 | 0045 8b70 | 7c49 c1e6 | 038b 7214 | 48c1 e603 | 8b4a 1848 
  0x000001f0003a5980: c1e1 0344 | 8b4a 0c4d | 85f6 0f84 | 2a00 0000 

  0x000001f0003a5990: ;   {metadata('java/lang/System$2')}
  0x000001f0003a5990: 49bb 6082 | 0117 f001 | 0000 458b | 6e08 49ba | 0000 0017 | f001 0000 | 4d03 ea4d | 3b5d 380f 
  0x000001f0003a59b0: 85eb 0400 | 00e9 0000 | 0000 4d8b | c649 3b06 

  0x000001f0003a59c0: ;   {metadata(method data for {method} {0x000001f0171eae68} 'defineClass' '(ZLjava/lang/Object;)Ljava/lang/Class;' in 'java/lang/invoke/MethodHandles$Lookup$ClassDefiner')}
  0x000001f0003a59c0: 4d8b c648 | ba70 ce90 | 58f0 0100 

  0x000001f0003a59cc: ;   {metadata('java/lang/System$2')}
  0x000001f0003a59cc: 0049 ba60 | 8201 17f0 | 0100 004c | 8992 1002 | 0000 4883 | 8218 0200 | 0001 4c8b | c349 8bd1 
  0x000001f0003a59ec: 4c8b cf48 | 8bfe 488b | f148 8bc8 | 8b84 24b0 | 0000 0089 | 0424 8954 | 2408 488b | 9424 b800 
  0x000001f0003a5a0c: 0000 4889 | 5424 1049 

  0x000001f0003a5a14: ;   {optimized virtual_call}
  0x000001f0003a5a14: 8bd6 90e8 

  0x000001f0003a5a18: ; ImmutableOopMap {[152]=Oop [168]=Oop }
                      ;*invokeinterface defineClass {reexecute=0 rethrow=0 return_oop=0}
                      ; - java.lang.invoke.MethodHandles$Lookup$ClassDefiner::defineClass@57
  0x000001f0003a5a18: 4476 2700 

  0x000001f0003a5a1c: ;   {other}
  0x000001f0003a5a1c: 0f1f 8400 | 0c08 0001 

  0x000001f0003a5a24: ;   {metadata(method data for {method} {0x000001f0171eae68} 'defineClass' '(ZLjava/lang/Object;)Ljava/lang/Class;' in 'java/lang/invoke/MethodHandles$Lookup$ClassDefiner')}
  0x000001f0003a5a24: 49b8 70ce | 9058 f001 | 0000 41ff | 8038 0200 | 0048 8b94 | 2498 0000 | 008b 721c | 48c1 e603 
  0x000001f0003a5a44: ; implicit exception: dispatches to 0x000001f0003a5eaa
  0x000001f0003a5a44: 483b 064c 

  0x000001f0003a5a48: ;   {metadata(method data for {method} {0x000001f0171eae68} 'defineClass' '(ZLjava/lang/Object;)Ljava/lang/Class;' in 'java/lang/invoke/MethodHandles$Lookup$ClassDefiner')}
  0x000001f0003a5a48: 8bc6 49b9 | 70ce 9058 | f001 0000 | 4983 8150 | 0300 0001 | 440f be46 | 0c41 83e0 | 0145 85c0 
  0x000001f0003a5a68: ;   {metadata(method data for {method} {0x000001f0171eae68} 'defineClass' '(ZLjava/lang/Object;)Ljava/lang/Class;' in 'java/lang/invoke/MethodHandles$Lookup$ClassDefiner')}
  0x000001f0003a5a68: 49b8 70ce | 9058 f001 | 0000 49c7 | c188 0300 | 0074 0749 | c7c1 9803 | 0000 4b8b | 3c08 488d 
  0x000001f0003a5a88: 7f01 4b89 | 3c08 0f84 | d801 0000 

  0x000001f0003a5a94: ;   {metadata(method data for {method} {0x000001f0171eae68} 'defineClass' '(ZLjava/lang/Object;)Ljava/lang/Class;' in 'java/lang/invoke/MethodHandles$Lookup$ClassDefiner')}
  0x000001f0003a5a94: 4c8b c249 | b970 ce90 | 58f0 0100 

  0x000001f0003a5aa0: ;   {metadata('java/lang/invoke/MethodHandles$Lookup$ClassDefiner')}
  0x000001f0003a5aa0: 0049 ba28 | ac1e 17f0 | 0100 004d | 8991 b803 | 0000 4983 | 81c0 0300 | 0001 8b7a | 1448 c1e7 
  0x000001f0003a5ac0: 0348 85c0 

  0x000001f0003a5ac4: ;   {metadata(method data for {method} {0x000001f0171eae68} 'defineClass' '(ZLjava/lang/Object;)Ljava/lang/Class;' in 'java/lang/invoke/MethodHandles$Lookup$ClassDefiner')}
  0x000001f0003a5ac4: 49b8 70ce | 9058 f001 | 0000 49c7 | c1e0 0300 | 0074 0749 | c7c1 f003 | 0000 4b8b | 1c08 488d 
  0x000001f0003a5ae4: 5b01 4b89 | 1c08 0f84 | 3b01 0000 | e9c5 0000 | 0048 8b94 | 2498 0000 | 0049 8b87 | 0005 0000 
  0x000001f0003a5b04: 4d33 d24d | 8997 0005 | 0000 4d33 | d24d 8997 | 0805 0000 | 8b72 1c48 | c1e6 0348 | 3b06 4c8b 
  0x000001f0003a5b24: ;   {metadata(method data for {method} {0x000001f0171eae68} 'defineClass' '(ZLjava/lang/Object;)Ljava/lang/Class;' in 'java/lang/invoke/MethodHandles$Lookup$ClassDefiner')}
  0x000001f0003a5b24: c649 b970 | ce90 58f0 | 0100 0049 | 8381 8804 | 0000 0144 | 0fbe 460c | 4183 e001 

  0x000001f0003a5b40: ;   {metadata(method data for {method} {0x000001f0171eae68} 'defineClass' '(ZLjava/lang/Object;)Ljava/lang/Class;' in 'java/lang/invoke/MethodHandles$Lookup$ClassDefiner')}
  0x000001f0003a5b40: 4585 c049 | b870 ce90 | 58f0 0100 | 0049 c7c1 | c004 0000 | 7407 49c7 | c1d0 0400 | 004b 8b3c 
  0x000001f0003a5b60: 0848 8d7f | 014b 893c | 080f 844d | 0100 004c 

  0x000001f0003a5b70: ;   {metadata(method data for {method} {0x000001f0171eae68} 'defineClass' '(ZLjava/lang/Object;)Ljava/lang/Class;' in 'java/lang/invoke/MethodHandles$Lookup$ClassDefiner')}
  0x000001f0003a5b70: 8bc2 49b9 | 70ce 9058 | f001 0000 

  0x000001f0003a5b7c: ;   {metadata('java/lang/invoke/MethodHandles$Lookup$ClassDefiner')}
  0x000001f0003a5b7c: 49ba 28ac | 1e17 f001 | 0000 4d89 | 91f0 0400 | 0049 8381 | f804 0000 | 018b 7a14 | 48c1 e703 
  0x000001f0003a5b9c: ;   {metadata(method data for {method} {0x000001f0171eae68} 'defineClass' '(ZLjava/lang/Object;)Ljava/lang/Class;' in 'java/lang/invoke/MethodHandles$Lookup$ClassDefiner')}
  0x000001f0003a5b9c: 49b8 70ce | 9058 f001 | 0000 41ff | 8018 0500 | 0048 8984 | 24c8 0000 | 00e9 c800 | 0000 8b52 
  0x000001f0003a5bbc: 1848 c1e2 | 034c 8bc6 

  0x000001f0003a5bc4: ;   {metadata(method data for {method} {0x000001f0171eae68} 'defineClass' '(ZLjava/lang/Object;)Ljava/lang/Class;' in 'java/lang/invoke/MethodHandles$Lookup$ClassDefiner')}
  0x000001f0003a5bc4: 49b9 70ce | 9058 f001 | 0000 4983 | 8100 0400 | 0001 4c8b | c74c 8bc8 | 488b fa48 | 8bd6 4889 
  0x000001f0003a5be4: 8424 c000 | 0000 0f1f 

  0x000001f0003a5bec: ;   {optimized virtual_call}
  0x000001f0003a5bec: 4400 00e8 

  0x000001f0003a5bf0: ; ImmutableOopMap {[192]=Oop }
                      ;*invokevirtual dumpClass {reexecute=0 rethrow=0 return_oop=0}
                      ; - java.lang.invoke.MethodHandles$Lookup$ClassDefiner::defineClass@134
  0x000001f0003a5bf0: 8c8b 1d07 

  0x000001f0003a5bf4: ;   {other}
  0x000001f0003a5bf4: 0f1f 8400 | e409 0002 

  0x000001f0003a5bfc: ;   {metadata(method data for {method} {0x000001f0171eae68} 'defineClass' '(ZLjava/lang/Object;)Ljava/lang/Class;' in 'java/lang/invoke/MethodHandles$Lookup$ClassDefiner')}
  0x000001f0003a5bfc: 49b8 70ce | 9058 f001 | 0000 41ff | 8038 0400 | 0048 8b84 | 24c0 0000 | 0048 81c4 | e000 0000 
  0x000001f0003a5c1c: ;   {poll_return}
  0x000001f0003a5c1c: 5d49 3ba7 | 5004 0000 | 0f87 8a02 | 0000 c348 | 8984 24c0 | 0000 0044 | 8b4a 1849 | c1e1 034c 
  0x000001f0003a5c3c: ;   {metadata(method data for {method} {0x000001f0171eae68} 'defineClass' '(ZLjava/lang/Object;)Ljava/lang/Class;' in 'java/lang/invoke/MethodHandles$Lookup$ClassDefiner')}
  0x000001f0003a5c3c: 8bc6 48ba | 70ce 9058 | f001 0000 | 4883 8250 | 0400 0001 | 4c8b c748 

  0x000001f0003a5c54: ;   {optimized virtual_call}
  0x000001f0003a5c54: 8bd6 90e8 

  0x000001f0003a5c58: ; ImmutableOopMap {[192]=Oop }
                      ;*invokevirtual dumpFailedClass {reexecute=0 rethrow=0 return_oop=0}
                      ; - java.lang.invoke.MethodHandles$Lookup$ClassDefiner::defineClass@150
  0x000001f0003a5c58: 248b 1d07 

  0x000001f0003a5c5c: ;   {other}
  0x000001f0003a5c5c: 0f1f 8400 | 4c0a 0003 | 488b 8424 | c000 0000 | 4881 c4e0 | 0000 005d 

  0x000001f0003a5c74: ;   {poll_return}
  0x000001f0003a5c74: 493b a750 | 0400 000f | 8749 0200 | 00c3 448b | 4a18 49c1 | e103 4c8b 

  0x000001f0003a5c8c: ;   {metadata(method data for {method} {0x000001f0171eae68} 'defineClass' '(ZLjava/lang/Object;)Ljava/lang/Class;' in 'java/lang/invoke/MethodHandles$Lookup$ClassDefiner')}
  0x000001f0003a5c8c: c648 ba70 | ce90 58f0 | 0100 0048 | 8382 8805 | 0000 014c | 8bc7 488b 

  0x000001f0003a5ca4: ;   {optimized virtual_call}
  0x000001f0003a5ca4: d666 90e8 

  0x000001f0003a5ca8: ; ImmutableOopMap {[200]=Oop }
                      ;*invokevirtual dumpFailedClass {reexecute=0 rethrow=0 return_oop=0}
                      ; - java.lang.invoke.MethodHandles$Lookup$ClassDefiner::defineClass@207
  0x000001f0003a5ca8: d48a 1d07 

  0x000001f0003a5cac: ;   {other}
  0x000001f0003a5cac: 0f1f 8400 | 9c0a 0004 | 488b 8424 | c800 0000 | e93c 0200 

  0x000001f0003a5cc0: ;   {metadata({method} {0x000001f0171eae68} 'defineClass' '(ZLjava/lang/Object;)Ljava/lang/Class;' in 'java/lang/invoke/MethodHandles$Lookup$ClassDefiner')}
  0x000001f0003a5cc0: 0049 ba60 | ae1e 17f0 | 0100 004c | 8954 2408 | 48c7 0424 | ffff ffff 

  0x000001f0003a5cd8: ;   {runtime_call counter_overflow Runtime1 stub}
  0x000001f0003a5cd8: e823 f528 

  0x000001f0003a5cdc: ; ImmutableOopMap {rdx=Oop r9=Oop [152]=Oop [184]=Oop }
                      ;*synchronization entry
                      ; - java.lang.invoke.MethodHandles$Lookup$ClassDefiner::defineClass@-1
  0x000001f0003a5cdc: 07e9 3cf8 

  0x000001f0003a5ce0: ;   {runtime_call throw_null_pointer_exception Runtime1 stub}
  0x000001f0003a5ce0: ffff e899 

  0x000001f0003a5ce4: ; ImmutableOopMap {rdx=Oop r9=Oop rsi=Oop [144]=Oop [152]=Oop [184]=Oop }
                      ;*invokevirtual lookupClass {reexecute=0 rethrow=0 return_oop=0}
                      ; - java.lang.invoke.MethodHandles$Lookup$ClassDefiner::defineClass@4
                      ;   {runtime_call throw_null_pointer_exception Runtime1 stub}
  0x000001f0003a5ce4: b81f 07e8 

  0x000001f0003a5ce8: ; ImmutableOopMap {rdx=Oop r9=Oop rsi=Oop rdi=Oop [144]=Oop [152]=Oop [168]=Oop [184]=Oop }
                      ;*invokevirtual getClassLoader {reexecute=0 rethrow=0 return_oop=0}
                      ; - java.lang.invoke.MethodHandles$Lookup$ClassDefiner::defineClass@9
  0x000001f0003a5ce8: 94b8 1f07 

  0x000001f0003a5cec: ;   {metadata({method} {0x000001f017468e60} 'getClassLoader' '()Ljava/lang/ClassLoader;' in 'java/lang/Class')}
  0x000001f0003a5cec: 49ba 588e | 4617 f001 | 0000 4c89 | 5424 0848 | c704 24ff 

  0x000001f0003a5d00: ;   {runtime_call counter_overflow Runtime1 stub}
  0x000001f0003a5d00: ffff ffe8 

  0x000001f0003a5d04: ; ImmutableOopMap {rdx=Oop r9=Oop rsi=Oop rdi=Oop [144]=Oop [152]=Oop [168]=Oop [184]=Oop }
                      ;*synchronization entry
                      ; - java.lang.Class::getClassLoader@-1
                      ; - java.lang.invoke.MethodHandles$Lookup$ClassDefiner::defineClass@9
  0x000001f0003a5d04: f8f4 2807 | e985 f8ff 

  0x000001f0003a5d0c: ;   {metadata({method} {0x000001f01701b1d0} 'getSecurityManager' '()Ljava/lang/SecurityManager;' in 'java/lang/System')}
  0x000001f0003a5d0c: ff49 bac8 | b101 17f0 | 0100 004c | 8954 2408 | 48c7 0424 | ffff ffff 

  0x000001f0003a5d24: ;   {runtime_call counter_overflow Runtime1 stub}
  0x000001f0003a5d24: e8d7 f428 

  0x000001f0003a5d28: ; ImmutableOopMap {rdx=Oop r9=Oop rsi=Oop rdi=Oop rbx=Oop [144]=Oop [152]=Oop [168]=Oop [184]=Oop }
                      ;*synchronization entry
                      ; - java.lang.System::getSecurityManager@-1
                      ; - java.lang.Class::getClassLoader@11
                      ; - java.lang.invoke.MethodHandles$Lookup$ClassDefiner::defineClass@9
  0x000001f0003a5d28: 07e9 e2f8 

  0x000001f0003a5d2c: ;   {metadata({method} {0x000001f01701b2e8} 'allowSecurityManager' '()Z' in 'java/lang/System')}
  0x000001f0003a5d2c: ffff 49ba | e0b2 0117 | f001 0000 | 4c89 5424 | 0848 c704 | 24ff ffff 

  0x000001f0003a5d44: ;   {runtime_call counter_overflow Runtime1 stub}
  0x000001f0003a5d44: ffe8 b6f4 

  0x000001f0003a5d48: ; ImmutableOopMap {rdx=Oop r9=Oop rsi=Oop rdi=Oop rbx=Oop [144]=Oop [152]=Oop [168]=Oop [184]=Oop }
                      ;*synchronization entry
                      ; - java.lang.System::allowSecurityManager@-1
                      ; - java.lang.System::getSecurityManager@0
                      ; - java.lang.Class::getClassLoader@11
                      ; - java.lang.invoke.MethodHandles$Lookup$ClassDefiner::defineClass@9
  0x000001f0003a5d48: 2807 e9fa 

  0x000001f0003a5d4c: ;   {metadata({method} {0x000001f0173e0578} 'lookupClassProtectionDomain' '()Ljava/security/ProtectionDomain;' in 'java/lang/invoke/MethodHandles$Lookup')}
  0x000001f0003a5d4c: f8ff ff49 | ba70 053e | 17f0 0100 | 004c 8954 | 2408 48c7 | 0424 ffff 

  0x000001f0003a5d64: ;   {runtime_call counter_overflow Runtime1 stub}
  0x000001f0003a5d64: ffff e895 

  0x000001f0003a5d68: ; ImmutableOopMap {rdx=Oop r9=Oop rsi=Oop rdi=Oop rbx=Oop [144]=Oop [152]=Oop [168]=Oop [184]=Oop }
                      ;*synchronization entry
                      ; - java.lang.invoke.MethodHandles$Lookup::lookupClassProtectionDomain@-1
                      ; - java.lang.invoke.MethodHandles$Lookup$ClassDefiner::defineClass@23
  0x000001f0003a5d68: f428 07e9 | 74f9 ffff 

  0x000001f0003a5d70: ;   {metadata({method} {0x000001f017473b88} 'getJavaLangAccess' '()Ljdk/internal/access/JavaLangAccess;' in 'jdk/internal/access/SharedSecrets')}
  0x000001f0003a5d70: 49ba 803b | 4717 f001 | 0000 4c89 | 5424 0848 | c704 24ff 

  0x000001f0003a5d84: ;   {runtime_call counter_overflow Runtime1 stub}
  0x000001f0003a5d84: ffff ffe8 

  0x000001f0003a5d88: ; ImmutableOopMap {rsi=Oop [144]=Oop [152]=Oop [160]=Oop [168]=Oop [184]=Oop }
                      ;*synchronization entry
                      ; - jdk.internal.access.SharedSecrets::getJavaLangAccess@-1
                      ; - java.lang.invoke.MethodHandles$Lookup::lookupClassProtectionDomain@10
                      ; - java.lang.invoke.MethodHandles$Lookup$ClassDefiner::defineClass@23
  0x000001f0003a5d88: 74f4 2807 | e9ca f9ff 

  0x000001f0003a5d90: ;   {runtime_call throw_incompatible_class_change_error Runtime1 stub}
  0x000001f0003a5d90: ffe8 6aca 

  0x000001f0003a5d94: ; ImmutableOopMap {rax=Oop rcx=Oop [144]=Oop [152]=Oop [160]=Oop [168]=Oop [184]=Oop }
                      ;*invokeinterface protectionDomain {reexecute=0 rethrow=0 return_oop=0}
                      ; - java.lang.invoke.MethodHandles$Lookup::lookupClassProtectionDomain@17
                      ; - java.lang.invoke.MethodHandles$Lookup$ClassDefiner::defineClass@23
                      ;   {runtime_call throw_null_pointer_exception Runtime1 stub}
  0x000001f0003a5d94: 2807 e8e5 

  0x000001f0003a5d98: ; ImmutableOopMap {rax=Oop rcx=Oop [144]=Oop [152]=Oop [160]=Oop [168]=Oop [184]=Oop }
                      ;*invokeinterface protectionDomain {reexecute=0 rethrow=0 return_oop=0}
                      ; - java.lang.invoke.MethodHandles$Lookup::lookupClassProtectionDomain@17
                      ; - java.lang.invoke.MethodHandles$Lookup$ClassDefiner::defineClass@23
                      ;   {metadata({method} {0x000001f0170192c8} 'protectionDomain' '(Ljava/lang/Class;)Ljava/security/ProtectionDomain;' in 'java/lang/System$2')}
  0x000001f0003a5d98: b71f 0749 | bac0 9201 | 17f0 0100 | 004c 8954 | 2408 48c7 | 0424 ffff 

  0x000001f0003a5db0: ;   {runtime_call counter_overflow Runtime1 stub}
  0x000001f0003a5db0: ffff e849 

  0x000001f0003a5db4: ; ImmutableOopMap {rcx=Oop [144]=Oop [152]=Oop [160]=Oop [168]=Oop [184]=Oop }
                      ;*synchronization entry
                      ; - java.lang.System$2::protectionDomain@-1
                      ; - java.lang.invoke.MethodHandles$Lookup::lookupClassProtectionDomain@17
                      ; - java.lang.invoke.MethodHandles$Lookup$ClassDefiner::defineClass@23
  0x000001f0003a5db4: f428 07e9 | 39fa ffff 

  0x000001f0003a5dbc: ;   {runtime_call throw_null_pointer_exception Runtime1 stub}
  0x000001f0003a5dbc: e8bf b71f 

  0x000001f0003a5dc0: ; ImmutableOopMap {rcx=Oop [144]=Oop [152]=Oop [160]=Oop [168]=Oop [184]=Oop }
                      ;*invokevirtual protectionDomain {reexecute=0 rethrow=0 return_oop=0}
                      ; - java.lang.System$2::protectionDomain@1
                      ; - java.lang.invoke.MethodHandles$Lookup::lookupClassProtectionDomain@17
                      ; - java.lang.invoke.MethodHandles$Lookup$ClassDefiner::defineClass@23
                      ;   {metadata({method} {0x000001f017467bb8} 'protectionDomain' '()Ljava/security/ProtectionDomain;' in 'java/lang/Class')}
  0x000001f0003a5dc0: 0749 bab0 | 7b46 17f0 | 0100 004c | 8954 2408 | 48c7 0424 | ffff ffff 

  0x000001f0003a5dd8: ;   {runtime_call counter_overflow Runtime1 stub}
  0x000001f0003a5dd8: e823 f428 

  0x000001f0003a5ddc: ; ImmutableOopMap {rcx=Oop [144]=Oop [152]=Oop [160]=Oop [168]=Oop [184]=Oop }
                      ;*synchronization entry
                      ; - java.lang.Class::protectionDomain@-1
                      ; - java.lang.System$2::protectionDomain@1
                      ; - java.lang.invoke.MethodHandles$Lookup::lookupClassProtectionDomain@17
                      ; - java.lang.invoke.MethodHandles$Lookup$ClassDefiner::defineClass@23
  0x000001f0003a5ddc: 07e9 51fa 

  0x000001f0003a5de0: ;   {oop(nullptr)}
  0x000001f0003a5de0: ffff 49b8 | 0000 0000 | 0000 0000 | 5053 498b | 5810 5756 | 5251 4150 | 4151 4152 | 4153 4883 
  0x000001f0003a5e00: ec20 40f6 | c40f 0f84 | 1900 0000 | 4883 ec08 

  0x000001f0003a5e10: ;   {runtime_call}
  0x000001f0003a5e10: 48b8 a0a0 | 2f4e fe7f | 0000 ffd0 | 4883 c408 | e90c 0000 

  0x000001f0003a5e24: ;   {runtime_call}
  0x000001f0003a5e24: 0048 b8a0 | a02f 4efe | 7f00 00ff | d048 83c4 | 2041 5b41 | 5a41 5941 | 5859 5a5e | 5f48 3b83 
  0x000001f0003a5e44: 3801 0000 | 5b58 0f85 | 0a00 0000 | e945 faff | ffb8 0078 

  0x000001f0003a5e58: ;   {runtime_call load_mirror_patching Runtime1 stub}
  0x000001f0003a5e58: 6e0a e8a1 

  0x000001f0003a5e5c: ; ImmutableOopMap {[144]=Oop [152]=Oop [160]=Oop [168]=Oop [184]=Oop }
                      ;*getstatic allPermDomain {reexecute=1 rethrow=0 return_oop=0}
                      ; - (reexecute) java.lang.Class::protectionDomain@9
                      ; - java.lang.System$2::protectionDomain@1
                      ; - java.lang.invoke.MethodHandles$Lookup::lookupClassProtectionDomain@17
                      ; - java.lang.invoke.MethodHandles$Lookup$ClassDefiner::defineClass@23
  0x000001f0003a5e5c: e728 07e9 | 2cfa ffff 

  0x000001f0003a5e64: ;   {runtime_call throw_null_pointer_exception Runtime1 stub}
  0x000001f0003a5e64: e817 b71f 

  0x000001f0003a5e68: ; ImmutableOopMap {r8=Oop [144]=Oop [152]=Oop [160]=Oop [168]=Oop [184]=Oop }
                      ;*getstatic allPermDomain {reexecute=1 rethrow=0 return_oop=0}
                      ; - (reexecute) java.lang.Class::protectionDomain@9
                      ; - java.lang.System$2::protectionDomain@1
                      ; - java.lang.invoke.MethodHandles$Lookup::lookupClassProtectionDomain@17
                      ; - java.lang.invoke.MethodHandles$Lookup$ClassDefiner::defineClass@23
  0x000001f0003a5e68: 0745 8b80 | 0000 0000 | b800 0c05 

  0x000001f0003a5e74: ;   {runtime_call access_field_patching Runtime1 stub}
  0x000001f0003a5e74: 07e8 86de 

  0x000001f0003a5e78: ; ImmutableOopMap {r8=Oop [144]=Oop [152]=Oop [160]=Oop [168]=Oop [184]=Oop }
                      ;*getstatic allPermDomain {reexecute=1 rethrow=0 return_oop=0}
                      ; - (reexecute) java.lang.Class::protectionDomain@9
                      ; - java.lang.System$2::protectionDomain@1
                      ; - java.lang.invoke.MethodHandles$Lookup::lookupClassProtectionDomain@17
                      ; - java.lang.invoke.MethodHandles$Lookup$ClassDefiner::defineClass@23
  0x000001f0003a5e78: 2807 e921 

  0x000001f0003a5e7c: ;   {metadata({method} {0x000001f017473b88} 'getJavaLangAccess' '()Ljdk/internal/access/JavaLangAccess;' in 'jdk/internal/access/SharedSecrets')}
  0x000001f0003a5e7c: faff ff49 | ba80 3b47 | 17f0 0100 | 004c 8954 | 2408 48c7 | 0424 ffff 

  0x000001f0003a5e94: ;   {runtime_call counter_overflow Runtime1 stub}
  0x000001f0003a5e94: ffff e865 

  0x000001f0003a5e98: ; ImmutableOopMap {rax=Oop rdi=Oop rbx=Oop rdx=Oop [152]=Oop [168]=Oop [184]=Oop }
                      ;*synchronization entry
                      ; - jdk.internal.access.SharedSecrets::getJavaLangAccess@-1
                      ; - java.lang.invoke.MethodHandles$Lookup$ClassDefiner::defineClass@35
  0x000001f0003a5e98: f328 07e9 | c3fa ffff 

  0x000001f0003a5ea0: ;   {runtime_call throw_incompatible_class_change_error Runtime1 stub}
  0x000001f0003a5ea0: e85b c928 

  0x000001f0003a5ea4: ; ImmutableOopMap {rax=Oop rdi=Oop rbx=Oop r14=Oop rsi=Oop rcx=Oop [152]=Oop [168]=Oop [184]=Oop }
                      ;*invokeinterface defineClass {reexecute=0 rethrow=0 return_oop=0}
                      ; - java.lang.invoke.MethodHandles$Lookup$ClassDefiner::defineClass@57
                      ;   {runtime_call throw_null_pointer_exception Runtime1 stub}
  0x000001f0003a5ea4: 07e8 d6b6 

  0x000001f0003a5ea8: ; ImmutableOopMap {rax=Oop rdi=Oop rbx=Oop r14=Oop rsi=Oop rcx=Oop [152]=Oop [168]=Oop [184]=Oop }
                      ;*invokeinterface defineClass {reexecute=0 rethrow=0 return_oop=0}
                      ; - java.lang.invoke.MethodHandles$Lookup$ClassDefiner::defineClass@57
                      ;   {runtime_call throw_null_pointer_exception Runtime1 stub}
  0x000001f0003a5ea8: 1f07 e8d1 

  0x000001f0003a5eac: ; ImmutableOopMap {rax=Oop rdx=Oop rsi=Oop [152]=Oop }
                      ;*invokevirtual isEnabled {reexecute=0 rethrow=0 return_oop=0}
                      ; - java.lang.invoke.MethodHandles$Lookup$ClassDefiner::defineClass@105
                      ;   {runtime_call throw_null_pointer_exception Runtime1 stub}
  0x000001f0003a5eac: b61f 07e8 

  0x000001f0003a5eb0: ; ImmutableOopMap {rdx=Oop rax=Oop rsi=Oop [152]=Oop }
                      ;*invokevirtual isEnabled {reexecute=0 rethrow=0 return_oop=0}
                      ; - java.lang.invoke.MethodHandles$Lookup$ClassDefiner::defineClass@162
  0x000001f0003a5eb0: ccb6 1f07 

  0x000001f0003a5eb4: ;   {internal_word}
  0x000001f0003a5eb4: 49ba 1d5c | 3a00 f001 | 0000 4d89 | 9768 0400 

  0x000001f0003a5ec4: ;   {runtime_call SafepointBlob}
  0x000001f0003a5ec4: 00e9 b6e7 

  0x000001f0003a5ec8: ;   {internal_word}
  0x000001f0003a5ec8: 1d07 49ba | 745c 3a00 | f001 0000 | 4d89 9768 

  0x000001f0003a5ed8: ;   {runtime_call SafepointBlob}
  0x000001f0003a5ed8: 0400 00e9 | a0e7 1d07 | 498b 8700 | 0500 0049 | c787 0005 | 0000 0000 | 0000 49c7 | 8708 0500 
  0x000001f0003a5ef8: 0000 0000 | 0048 81c4 | e000 0000 

  0x000001f0003a5f04: ;   {runtime_call unwind_exception Runtime1 stub}
  0x000001f0003a5f04: 5de9 76c5 | 1f07 f4f4 | f4f4 f4f4 
[Stub Code]
  0x000001f0003a5f10: ;   {no_reloc}
  0x000001f0003a5f10: 0f1f 4400 

  0x000001f0003a5f14: ;   {static_stub}
  0x000001f0003a5f14: 0048 bb80 | 9501 17f0 

  0x000001f0003a5f1c: ;   {runtime_call I2C/C2I adapters}
  0x000001f0003a5f1c: 0100 00e9 | 72ba 1a07 

  0x000001f0003a5f24: ;   {static_stub}
  0x000001f0003a5f24: 48bb 487b | 4617 f001 

  0x000001f0003a5f2c: ;   {runtime_call I2C/C2I adapters}
  0x000001f0003a5f2c: 0000 e9b0 

  0x000001f0003a5f30: ;   {static_stub}
  0x000001f0003a5f30: 7c1d 0748 | bb00 0000 | 0000 0000 

  0x000001f0003a5f3c: ;   {runtime_call nmethod}
  0x000001f0003a5f3c: 00e9 fbff 

  0x000001f0003a5f40: ;   {static_stub}
  0x000001f0003a5f40: ffff 48bb | 0000 0000 | 0000 0000 

  0x000001f0003a5f4c: ;   {runtime_call nmethod}
  0x000001f0003a5f4c: e9fb ffff 

  0x000001f0003a5f50: ;   {runtime_call handle_exception_from_callee Runtime1 stub}
  0x000001f0003a5f50: ffe8 2a98 

  0x000001f0003a5f54: ;   {external_word}
  0x000001f0003a5f54: 1f07 48b9 | 5063 cf4e | fe7f 0000 | 4883 e4f0 

  0x000001f0003a5f64: ;   {runtime_call}
  0x000001f0003a5f64: 48b8 c0c9 | 914e fe7f | 0000 ffd0 

  0x000001f0003a5f70: ;   {section_word}
  0x000001f0003a5f70: f449 ba71 | 5f3a 00f0 | 0100 0041 

  0x000001f0003a5f7c: ;   {runtime_call DeoptimizationBlob}
  0x000001f0003a5f7c: 52e9 1ee0 | 1d07 f4f4 | f4f4 f4f4 
[/MachCode]


---------------  P R O C E S S  ---------------

Threads class SMR info:
_java_thread_list=0x000001f05c1854c0, length=38, elements={
0x000001f078c613a0, 0x000001f07cf66a30, 0x000001f07cf68080, 0x000001f07cf6b6e0,
0x000001f07cf6c340, 0x000001f07cf6edb0, 0x000001f07cf6fa90, 0x000001f07cf748e0,
0x000001f07cfe7780, 0x000001f07d7e6240, 0x000001f07d8ecc40, 0x000001f07dba98a0,
0x000001f07df19750, 0x000001f07da29770, 0x000001f07da29de0, 0x000001f07dcb6db0,
0x000001f07e6c4030, 0x000001f07dc93860, 0x000001f07dc94c10, 0x000001f07dc952a0,
0x000001f07dc93ef0, 0x000001f07dc94580, 0x000001f07dc95fc0, 0x000001f07dc96650,
0x000001f07f1e36a0, 0x000001f07f1e6b20, 0x000001f07f1e22f0, 0x000001f07f1e4a50,
0x000001f07f1e3d30, 0x000001f07f1e43c0, 0x000001f07f1e5770, 0x000001f07f1e6490,
0x000001f07f1e3010, 0x000001f07f1e71b0, 0x000001f07f1e5e00, 0x000001f07f1e7840,
0x000001f07f1e15d0, 0x000001f07f1e1c60
}

Java Threads: ( => current thread )
  0x000001f078c613a0 JavaThread "main"                              [_thread_blocked, id=6616, stack(0x00000003f2500000,0x00000003f2600000) (1024K)]
  0x000001f07cf66a30 JavaThread "Reference Handler"          daemon [_thread_blocked, id=14520, stack(0x00000003f2900000,0x00000003f2a00000) (1024K)]
  0x000001f07cf68080 JavaThread "Finalizer"                  daemon [_thread_blocked, id=14456, stack(0x00000003f2a00000,0x00000003f2b00000) (1024K)]
  0x000001f07cf6b6e0 JavaThread "Signal Dispatcher"          daemon [_thread_blocked, id=8984, stack(0x00000003f2b00000,0x00000003f2c00000) (1024K)]
  0x000001f07cf6c340 JavaThread "Attach Listener"            daemon [_thread_blocked, id=9292, stack(0x00000003f2c00000,0x00000003f2d00000) (1024K)]
  0x000001f07cf6edb0 JavaThread "Service Thread"             daemon [_thread_blocked, id=12520, stack(0x00000003f2d00000,0x00000003f2e00000) (1024K)]
  0x000001f07cf6fa90 JavaThread "Monitor Deflation Thread"   daemon [_thread_blocked, id=5136, stack(0x00000003f2e00000,0x00000003f2f00000) (1024K)]
  0x000001f07cf748e0 JavaThread "C2 CompilerThread0"         daemon [_thread_blocked, id=10204, stack(0x00000003f2f00000,0x00000003f3000000) (1024K)]
  0x000001f07cfe7780 JavaThread "C1 CompilerThread0"         daemon [_thread_blocked, id=14784, stack(0x00000003f3000000,0x00000003f3100000) (1024K)]
  0x000001f07d7e6240 JavaThread "Common-Cleaner"             daemon [_thread_blocked, id=13056, stack(0x00000003f3100000,0x00000003f3200000) (1024K)]
  0x000001f07d8ecc40 JavaThread "Notification Thread"        daemon [_thread_blocked, id=368, stack(0x00000003f3200000,0x00000003f3300000) (1024K)]
  0x000001f07dba98a0 JavaThread "Active Thread: Equinox Container: 7acce69b-d44c-4b12-9381-2f0242cab1fb"        [_thread_blocked, id=15184, stack(0x00000003f3400000,0x00000003f3500000) (1024K)]
  0x000001f07df19750 JavaThread "Refresh Thread: Equinox Container: 7acce69b-d44c-4b12-9381-2f0242cab1fb" daemon [_thread_blocked, id=5392, stack(0x00000003f3500000,0x00000003f3600000) (1024K)]
  0x000001f07da29770 JavaThread "Framework Event Dispatcher: Equinox Container: 7acce69b-d44c-4b12-9381-2f0242cab1fb" daemon [_thread_blocked, id=10492, stack(0x00000003f3600000,0x00000003f3700000) (1024K)]
  0x000001f07da29de0 JavaThread "Start Level: Equinox Container: 7acce69b-d44c-4b12-9381-2f0242cab1fb" daemon [_thread_blocked, id=13224, stack(0x00000003f3700000,0x00000003f3800000) (1024K)]
  0x000001f07dcb6db0 JavaThread "Bundle File Closer"         daemon [_thread_blocked, id=5460, stack(0x00000003f3800000,0x00000003f3900000) (1024K)]
  0x000001f07e6c4030 JavaThread "SCR Component Actor"        daemon [_thread_blocked, id=10572, stack(0x00000003f3900000,0x00000003f3a00000) (1024K)]
  0x000001f07dc93860 JavaThread "Worker-JM"                         [_thread_blocked, id=6080, stack(0x00000003f3a00000,0x00000003f3b00000) (1024K)]
  0x000001f07dc94c10 JavaThread "JNA Cleaner"                daemon [_thread_blocked, id=12012, stack(0x00000003f3b00000,0x00000003f3c00000) (1024K)]
  0x000001f07dc952a0 JavaThread "Worker-0"                          [_thread_blocked, id=5804, stack(0x00000003f3c00000,0x00000003f3d00000) (1024K)]
  0x000001f07dc93ef0 JavaThread "Worker-1"                          [_thread_blocked, id=10320, stack(0x00000003f3d00000,0x00000003f3e00000) (1024K)]
  0x000001f07dc94580 JavaThread "Java indexing"              daemon [_thread_blocked, id=14588, stack(0x00000003f3f00000,0x00000003f4000000) (1024K)]
  0x000001f07dc95fc0 JavaThread "Worker-3"                          [_thread_blocked, id=13436, stack(0x00000003f4000000,0x00000003f4100000) (1024K)]
=>0x000001f07dc96650 JavaThread "Worker-4: Initialize workspace"        [_thread_in_vm, id=13200, stack(0x00000003f4100000,0x00000003f4200000) (1024K)]
  0x000001f07f1e36a0 JavaThread "Thread-1"                   daemon [_thread_in_native, id=6692, stack(0x00000003f4200000,0x00000003f4300000) (1024K)]
  0x000001f07f1e6b20 JavaThread "Thread-2"                   daemon [_thread_in_native, id=14968, stack(0x00000003f4300000,0x00000003f4400000) (1024K)]
  0x000001f07f1e22f0 JavaThread "Thread-3"                   daemon [_thread_in_native, id=4968, stack(0x00000003f4400000,0x00000003f4500000) (1024K)]
  0x000001f07f1e4a50 JavaThread "pool-2-thread-1"                   [_thread_blocked, id=12736, stack(0x00000003f4500000,0x00000003f4600000) (1024K)]
  0x000001f07f1e3d30 JavaThread "WorkspaceEventsHandler"            [_thread_blocked, id=10112, stack(0x00000003f4600000,0x00000003f4700000) (1024K)]
  0x000001f07f1e43c0 JavaThread "pool-1-thread-1"                   [_thread_blocked, id=14896, stack(0x00000003f4700000,0x00000003f4800000) (1024K)]
  0x000001f07f1e5770 JavaThread "Worker-5"                          [_thread_blocked, id=10964, stack(0x00000003f2300000,0x00000003f2400000) (1024K)]
  0x000001f07f1e6490 JavaThread "Worker-6"                          [_thread_blocked, id=6512, stack(0x00000003f2400000,0x00000003f2500000) (1024K)]
  0x000001f07f1e3010 JavaThread "LocalFile Deleter"          daemon [_thread_blocked, id=3396, stack(0x00000003f3e00000,0x00000003f3f00000) (1024K)]
  0x000001f07f1e71b0 JavaThread "LocalFile Deleter"          daemon [_thread_blocked, id=6904, stack(0x00000003f4800000,0x00000003f4900000) (1024K)]
  0x000001f07f1e5e00 JavaThread "Worker-7"                          [_thread_blocked, id=14932, stack(0x00000003f4900000,0x00000003f4a00000) (1024K)]
  0x000001f07f1e7840 JavaThread "Compiler Processing Task"   daemon [_thread_blocked, id=2780, stack(0x00000003f4a00000,0x00000003f4b00000) (1024K)]
  0x000001f07f1e15d0 JavaThread "Compiler Class File Writer" daemon [_thread_blocked, id=10796, stack(0x00000003f4b00000,0x00000003f4c00000) (1024K)]
  0x000001f07f1e1c60 JavaThread "PatternSearchJob-worker-1"  daemon [_thread_blocked, id=11072, stack(0x00000003f4d00000,0x00000003f4e00000) (1024K)]
Total: 38

Other Threads:
  0x000001f078d1dd90 VMThread "VM Thread"                           [id=9040, stack(0x00000003f2800000,0x00000003f2900000) (1024K)] _threads_hazard_ptr=0x000001f05c1854c0
  0x000001f078ccaf50 WatcherThread "VM Periodic Task Thread"        [id=5788, stack(0x00000003f2700000,0x00000003f2800000) (1024K)]
  0x000001f078c7f110 WorkerThread "GC Thread#0"                     [id=15152, stack(0x00000003f2600000,0x00000003f2700000) (1024K)]
  0x000001f07dd884c0 WorkerThread "GC Thread#1"                     [id=5160, stack(0x00000003f3300000,0x00000003f3400000) (1024K)]
Total: 4

Threads with active compile tasks:
Total: 0

VM state: synchronizing (normal execution)

VM Mutex/Monitor currently owned by a thread:  ([mutex/lock_event])
[0x00007ffe4efad530] Metaspace_lock - owner thread: 0x000001f07dc96650
[0x00007ffe4efaf5b0] Threads_lock - owner thread: 0x000001f078d1dd90

OutOfMemory and StackOverflow Exception counts:
OutOfMemoryError java_heap_errors=1
LinkageErrors=132

Heap address: 0x0000000700000000, size: 4096 MB, Compressed Oops mode: Zero based, Oop shift amount: 3

CDS archive(s) mapped at: [0x000001f017000000-0x000001f017ba0000-0x000001f017ba0000), size 12189696, SharedBaseAddress: 0x000001f017000000, ArchiveRelocationMode: 1.
Compressed class space mapped at: 0x000001f018000000-0x000001f058000000, reserved size: 1073741824
Narrow klass base: 0x000001f017000000, Narrow klass shift: 0, Narrow klass range: 0x100000000

GC Precious Log:
 CardTable entry size: 512
 CPUs: 2 total, 2 available
 Memory: 8008M
 Large Page Support: Disabled
 NUMA Support: Disabled
 Compressed Oops: Enabled (Zero based)
 Alignments: Space 512K, Generation 512K, Heap 2M
 Heap Min Capacity: 100M
 Heap Initial Capacity: 100M
 Heap Max Capacity: 4G
 Pre-touch: Disabled
 Parallel Workers: 2

Heap:
 PSYoungGen      total 34816K, used 20726K [0x00000007aab00000, 0x00000007add00000, 0x0000000800000000)
  eden space 32256K, 56% used [0x00000007aab00000,0x00000007abcc25b8,0x00000007aca80000)
  from space 2560K, 99% used [0x00000007ad180000,0x00000007ad3fb5a8,0x00000007ad400000)
  to   space 7168K, 0% used [0x00000007aca80000,0x00000007aca80000,0x00000007ad180000)
 ParOldGen       total 69120K, used 60652K [0x0000000700000000, 0x0000000704380000, 0x00000007aab00000)
  object space 69120K, 87% used [0x0000000700000000,0x0000000703b3b3f8,0x0000000704380000)
 Metaspace       used 64618K, committed 66048K, reserved 1114112K
  class space    used 6677K, committed 7296K, reserved 1048576K

Card table byte_map: [0x000001f07be70000,0x000001f07c680000] _byte_map_base: 0x000001f078670000

Marking Bits: (ParMarkBitMap*) 0x00007ffe4efb44a0
 Begin Bits: [0x000001f00f000000, 0x000001f013000000)
 End Bits:   [0x000001f013000000, 0x000001f017000000)

Polling page: 0x000001f076990000

Metaspace:

Usage:
  Non-class:     56.58 MB used.
      Class:      6.52 MB used.
       Both:     63.10 MB used.

Virtual space:
  Non-class space:       64.00 MB reserved,      57.38 MB ( 90%) committed,  1 nodes.
      Class space:        1.00 GB reserved,       7.12 MB ( <1%) committed,  1 nodes.
             Both:        1.06 GB reserved,      64.50 MB (  6%) committed. 

Chunk freelists:
   Non-Class:  5.87 MB
       Class:  8.82 MB
        Both:  14.69 MB

MaxMetaspaceSize: unlimited
CompressedClassSpaceSize: 1.00 GB
Initial GC threshold: 21.00 MB
Current GC threshold: 92.12 MB
CDS: on
 - commit_granule_bytes: 65536.
 - commit_granule_words: 8192.
 - virtual_space_node_default_size: 8388608.
 - enlarge_chunks_in_place: 1.
 - use_allocation_guard: 0.


Internal statistics:

num_allocs_failed_limit: 8.
num_arena_births: 1430.
num_arena_deaths: 394.
num_vsnodes_births: 2.
num_vsnodes_deaths: 0.
num_space_committed: 1032.
num_space_uncommitted: 0.
num_chunks_returned_to_freelist: 482.
num_chunks_taken_from_freelist: 4703.
num_chunk_merges: 146.
num_chunk_splits: 2687.
num_chunks_enlarged: 1525.
num_inconsistent_stats: 0.

CodeHeap 'non-profiled nmethods': size=120064Kb used=7323Kb max_used=7323Kb free=112740Kb
 bounds [0x000001f007ac0000, 0x000001f0081f0000, 0x000001f00f000000]
CodeHeap 'profiled nmethods': size=120000Kb used=25276Kb max_used=25276Kb free=94723Kb
 bounds [0x000001f000000000, 0x000001f0018b0000, 0x000001f007530000]
CodeHeap 'non-nmethods': size=5696Kb used=1433Kb max_used=1498Kb free=4262Kb
 bounds [0x000001f007530000, 0x000001f0077a0000, 0x000001f007ac0000]
CodeCache: size=245760Kb, used=34032Kb, max_used=34097Kb, free=211725Kb
 total_blobs=10753, nmethods=10001, adapters=657, full_count=0
Compilation: enabled, stopped_count=0, restarted_count=0

Compilation events (20 events):
Event: 380.516 Thread 0x000001f07cfe7780 nmethod 11369 0x000001f0018ab190 code [0x000001f0018ab360, 0x000001f0018ab8a0]
Event: 380.952 Thread 0x000001f07cfe7780 11371       3       org.eclipse.core.internal.events.ResourceComparator::compareMarkers (41 bytes)
Event: 380.953 Thread 0x000001f07cfe7780 nmethod 11371 0x000001f0018aba90 code [0x000001f0018abc60, 0x000001f0018ac2b8]
Event: 380.953 Thread 0x000001f07cfe7780 11372       3       org.eclipse.core.internal.resources.MarkerDelta::getId (8 bytes)
Event: 380.953 Thread 0x000001f07cfe7780 nmethod 11372 0x000001f0018ac490 code [0x000001f0018ac640, 0x000001f0018ac788]
Event: 380.954 Thread 0x000001f07cfe7780 11373       3       org.eclipse.core.internal.resources.MarkerSet::add (140 bytes)
Event: 380.955 Thread 0x000001f07cfe7780 nmethod 11373 0x000001f0018ac890 code [0x000001f0018acb20, 0x000001f0018ad5d0]
Event: 380.957 Thread 0x000001f07cfe7780 11374       3       org.eclipse.core.internal.events.NodeIDMap::putOldPath (8 bytes)
Event: 380.957 Thread 0x000001f07cfe7780 nmethod 11374 0x000001f0018ad910 code [0x000001f0018adac0, 0x000001f0018adc08]
Event: 381.028 Thread 0x000001f07cfe7780 11375       3       org.eclipse.core.internal.resources.MarkerSet::get (121 bytes)
Event: 381.029 Thread 0x000001f07cfe7780 nmethod 11375 0x000001f0018add10 code [0x000001f0018adf40, 0x000001f0018ae738]
Event: 381.029 Thread 0x000001f07cfe7780 11376       1       org.eclipse.jdt.ls.core.internal.preferences.PreferenceManager::getPreferences (5 bytes)
Event: 381.029 Thread 0x000001f07cfe7780 nmethod 11376 0x000001f0081e4f10 code [0x000001f0081e50a0, 0x000001f0081e5170]
Event: 381.031 Thread 0x000001f07cf748e0 11377       4       java.util.HashMap::computeIfAbsent (330 bytes)
Event: 381.031 Thread 0x000001f07cfe7780 11378       3       java.util.stream.Collectors$$Lambda/0x000001f01841f408::accept (21 bytes)
Event: 381.031 Thread 0x000001f07cfe7780 nmethod 11378 0x000001f0018aea10 code [0x000001f0018aebc0, 0x000001f0018aee30]
Event: 381.031 Thread 0x000001f07cfe7780 11379       3       java.util.stream.Collectors$$Lambda/0x000001f01841f640::<init> (10 bytes)
Event: 381.032 Thread 0x000001f07cfe7780 nmethod 11379 0x000001f0018aef10 code [0x000001f0018af0c0, 0x000001f0018af248]
Event: 381.038 Thread 0x000001f07cfe7780 11380       1       org.eclipse.core.internal.resources.FilterDescriptor::isFirstOrdering (5 bytes)
Event: 381.039 Thread 0x000001f07cfe7780 nmethod 11380 0x000001f0081e5210 code [0x000001f0081e53a0, 0x000001f0081e5470]

GC Heap History (20 events):
Event: 356.923 GC heap before
{Heap before GC invocations=51 (full 4):
 PSYoungGen      total 44544K, used 44405K [0x00000007aab00000, 0x00000007ae100000, 0x0000000800000000)
  eden space 36352K, 100% used [0x00000007aab00000,0x00000007ace80000,0x00000007ace80000)
  from space 8192K, 98% used [0x00000007ad900000,0x00000007ae0dd5b8,0x00000007ae100000)
  to   space 9216K, 0% used [0x00000007acf00000,0x00000007acf00000,0x00000007ad800000)
 ParOldGen       total 69120K, used 47254K [0x0000000700000000, 0x0000000704380000, 0x00000007aab00000)
  object space 69120K, 68% used [0x0000000700000000,0x0000000702e25bb0,0x0000000704380000)
 Metaspace       used 63913K, committed 65344K, reserved 1114112K
  class space    used 6658K, committed 7296K, reserved 1048576K
}
Event: 356.940 GC heap after
{Heap after GC invocations=51 (full 4):
 PSYoungGen      total 44544K, used 7337K [0x00000007aab00000, 0x00000007adf00000, 0x0000000800000000)
  eden space 36864K, 0% used [0x00000007aab00000,0x00000007aab00000,0x00000007acf00000)
  from space 7680K, 95% used [0x00000007acf00000,0x00000007ad62a640,0x00000007ad680000)
  to   space 8192K, 0% used [0x00000007ad700000,0x00000007ad700000,0x00000007adf00000)
 ParOldGen       total 69120K, used 47254K [0x0000000700000000, 0x0000000704380000, 0x00000007aab00000)
  object space 69120K, 68% used [0x0000000700000000,0x0000000702e25bb0,0x0000000704380000)
 Metaspace       used 63913K, committed 65344K, reserved 1114112K
  class space    used 6658K, committed 7296K, reserved 1048576K
}
Event: 357.718 GC heap before
{Heap before GC invocations=52 (full 4):
 PSYoungGen      total 44544K, used 44201K [0x00000007aab00000, 0x00000007adf00000, 0x0000000800000000)
  eden space 36864K, 100% used [0x00000007aab00000,0x00000007acf00000,0x00000007acf00000)
  from space 7680K, 95% used [0x00000007acf00000,0x00000007ad62a640,0x00000007ad680000)
  to   space 8192K, 0% used [0x00000007ad700000,0x00000007ad700000,0x00000007adf00000)
 ParOldGen       total 69120K, used 47254K [0x0000000700000000, 0x0000000704380000, 0x00000007aab00000)
  object space 69120K, 68% used [0x0000000700000000,0x0000000702e25bb0,0x0000000704380000)
 Metaspace       used 63914K, committed 65344K, reserved 1114112K
  class space    used 6658K, committed 7296K, reserved 1048576K
}
Event: 357.739 GC heap after
{Heap after GC invocations=52 (full 4):
 PSYoungGen      total 43520K, used 8189K [0x00000007aab00000, 0x00000007ae280000, 0x0000000800000000)
  eden space 35328K, 0% used [0x00000007aab00000,0x00000007aab00000,0x00000007acd80000)
  from space 8192K, 99% used [0x00000007ad700000,0x00000007adeff5b8,0x00000007adf00000)
  to   space 9728K, 0% used [0x00000007acd80000,0x00000007acd80000,0x00000007ad700000)
 ParOldGen       total 69120K, used 48326K [0x0000000700000000, 0x0000000704380000, 0x00000007aab00000)
  object space 69120K, 69% used [0x0000000700000000,0x0000000702f31bb0,0x0000000704380000)
 Metaspace       used 63914K, committed 65344K, reserved 1114112K
  class space    used 6658K, committed 7296K, reserved 1048576K
}
Event: 358.281 GC heap before
{Heap before GC invocations=53 (full 4):
 PSYoungGen      total 43520K, used 43517K [0x00000007aab00000, 0x00000007ae280000, 0x0000000800000000)
  eden space 35328K, 100% used [0x00000007aab00000,0x00000007acd80000,0x00000007acd80000)
  from space 8192K, 99% used [0x00000007ad700000,0x00000007adeff5b8,0x00000007adf00000)
  to   space 9728K, 0% used [0x00000007acd80000,0x00000007acd80000,0x00000007ad700000)
 ParOldGen       total 69120K, used 48326K [0x0000000700000000, 0x0000000704380000, 0x00000007aab00000)
  object space 69120K, 69% used [0x0000000700000000,0x0000000702f31bb0,0x0000000704380000)
 Metaspace       used 63916K, committed 65344K, reserved 1114112K
  class space    used 6658K, committed 7296K, reserved 1048576K
}
Event: 358.297 GC heap after
{Heap after GC invocations=53 (full 4):
 PSYoungGen      total 45056K, used 8450K [0x00000007aab00000, 0x00000007ae000000, 0x0000000800000000)
  eden space 35328K, 0% used [0x00000007aab00000,0x00000007aab00000,0x00000007acd80000)
  from space 9728K, 86% used [0x00000007acd80000,0x00000007ad5c08e8,0x00000007ad700000)
  to   space 9216K, 0% used [0x00000007ad700000,0x00000007ad700000,0x00000007ae000000)
 ParOldGen       total 69120K, used 48972K [0x0000000700000000, 0x0000000704380000, 0x00000007aab00000)
  object space 69120K, 70% used [0x0000000700000000,0x0000000702fd32a8,0x0000000704380000)
 Metaspace       used 63916K, committed 65344K, reserved 1114112K
  class space    used 6658K, committed 7296K, reserved 1048576K
}
Event: 358.992 GC heap before
{Heap before GC invocations=54 (full 4):
 PSYoungGen      total 45056K, used 43778K [0x00000007aab00000, 0x00000007ae000000, 0x0000000800000000)
  eden space 35328K, 100% used [0x00000007aab00000,0x00000007acd80000,0x00000007acd80000)
  from space 9728K, 86% used [0x00000007acd80000,0x00000007ad5c08e8,0x00000007ad700000)
  to   space 9216K, 0% used [0x00000007ad700000,0x00000007ad700000,0x00000007ae000000)
 ParOldGen       total 69120K, used 48972K [0x0000000700000000, 0x0000000704380000, 0x00000007aab00000)
  object space 69120K, 70% used [0x0000000700000000,0x0000000702fd32a8,0x0000000704380000)
 Metaspace       used 63917K, committed 65344K, reserved 1114112K
  class space    used 6658K, committed 7296K, reserved 1048576K
}
Event: 359.007 GC heap after
{Heap after GC invocations=54 (full 4):
 PSYoungGen      total 44544K, used 9186K [0x00000007aab00000, 0x00000007ae100000, 0x0000000800000000)
  eden space 35328K, 0% used [0x00000007aab00000,0x00000007aab00000,0x00000007acd80000)
  from space 9216K, 99% used [0x00000007ad700000,0x00000007adff88e8,0x00000007ae000000)
  to   space 9728K, 0% used [0x00000007acd80000,0x00000007acd80000,0x00000007ad700000)
 ParOldGen       total 69120K, used 49020K [0x0000000700000000, 0x0000000704380000, 0x00000007aab00000)
  object space 69120K, 70% used [0x0000000700000000,0x0000000702fdf2a8,0x0000000704380000)
 Metaspace       used 63917K, committed 65344K, reserved 1114112K
  class space    used 6658K, committed 7296K, reserved 1048576K
}
Event: 360.937 GC heap before
{Heap before GC invocations=55 (full 4):
 PSYoungGen      total 44544K, used 44514K [0x00000007aab00000, 0x00000007ae100000, 0x0000000800000000)
  eden space 35328K, 100% used [0x00000007aab00000,0x00000007acd80000,0x00000007acd80000)
  from space 9216K, 99% used [0x00000007ad700000,0x00000007adff88e8,0x00000007ae000000)
  to   space 9728K, 0% used [0x00000007acd80000,0x00000007acd80000,0x00000007ad700000)
 ParOldGen       total 69120K, used 49020K [0x0000000700000000, 0x0000000704380000, 0x00000007aab00000)
  object space 69120K, 70% used [0x0000000700000000,0x0000000702fdf2a8,0x0000000704380000)
 Metaspace       used 63917K, committed 65344K, reserved 1114112K
  class space    used 6658K, committed 7296K, reserved 1048576K
}
Event: 360.961 GC heap after
{Heap after GC invocations=55 (full 4):
 PSYoungGen      total 37888K, used 2404K [0x00000007aab00000, 0x00000007ad800000, 0x0000000800000000)
  eden space 35328K, 0% used [0x00000007aab00000,0x00000007aab00000,0x00000007acd80000)
  from space 2560K, 93% used [0x00000007acd80000,0x00000007acfd90f0,0x00000007ad000000)
  to   space 5120K, 0% used [0x00000007ad300000,0x00000007ad300000,0x00000007ad800000)
 ParOldGen       total 69120K, used 53381K [0x0000000700000000, 0x0000000704380000, 0x00000007aab00000)
  object space 69120K, 77% used [0x0000000700000000,0x00000007034214d0,0x0000000704380000)
 Metaspace       used 63917K, committed 65344K, reserved 1114112K
  class space    used 6658K, committed 7296K, reserved 1048576K
}
Event: 362.648 GC heap before
{Heap before GC invocations=56 (full 4):
 PSYoungGen      total 37888K, used 37100K [0x00000007aab00000, 0x00000007ad800000, 0x0000000800000000)
  eden space 35328K, 98% used [0x00000007aab00000,0x00000007acce2140,0x00000007acd80000)
  from space 2560K, 93% used [0x00000007acd80000,0x00000007acfd90f0,0x00000007ad000000)
  to   space 5120K, 0% used [0x00000007ad300000,0x00000007ad300000,0x00000007ad800000)
 ParOldGen       total 69120K, used 53381K [0x0000000700000000, 0x0000000704380000, 0x00000007aab00000)
  object space 69120K, 77% used [0x0000000700000000,0x00000007034214d0,0x0000000704380000)
 Metaspace       used 63947K, committed 65408K, reserved 1114112K
  class space    used 6658K, committed 7296K, reserved 1048576K
}
Event: 362.659 GC heap after
{Heap after GC invocations=56 (full 4):
 PSYoungGen      total 37376K, used 1512K [0x00000007aab00000, 0x00000007ad480000, 0x0000000800000000)
  eden space 35840K, 0% used [0x00000007aab00000,0x00000007aab00000,0x00000007ace00000)
  from space 1536K, 98% used [0x00000007ad300000,0x00000007ad47a000,0x00000007ad480000)
  to   space 2560K, 0% used [0x00000007acf80000,0x00000007acf80000,0x00000007ad200000)
 ParOldGen       total 69120K, used 53381K [0x0000000700000000, 0x0000000704380000, 0x00000007aab00000)
  object space 69120K, 77% used [0x0000000700000000,0x00000007034214d0,0x0000000704380000)
 Metaspace       used 63947K, committed 65408K, reserved 1114112K
  class space    used 6658K, committed 7296K, reserved 1048576K
}
Event: 368.648 GC heap before
{Heap before GC invocations=57 (full 4):
 PSYoungGen      total 37376K, used 37352K [0x00000007aab00000, 0x00000007ad480000, 0x0000000800000000)
  eden space 35840K, 100% used [0x00000007aab00000,0x00000007ace00000,0x00000007ace00000)
  from space 1536K, 98% used [0x00000007ad300000,0x00000007ad47a000,0x00000007ad480000)
  to   space 2560K, 0% used [0x00000007acf80000,0x00000007acf80000,0x00000007ad200000)
 ParOldGen       total 69120K, used 53381K [0x0000000700000000, 0x0000000704380000, 0x00000007aab00000)
  object space 69120K, 77% used [0x0000000700000000,0x00000007034214d0,0x0000000704380000)
 Metaspace       used 64026K, committed 65472K, reserved 1114112K
  class space    used 6659K, committed 7296K, reserved 1048576K
}
Event: 368.657 GC heap after
{Heap after GC invocations=57 (full 4):
 PSYoungGen      total 38912K, used 2107K [0x00000007aab00000, 0x00000007ad380000, 0x0000000800000000)
  eden space 36352K, 0% used [0x00000007aab00000,0x00000007aab00000,0x00000007ace80000)
  from space 2560K, 82% used [0x00000007acf80000,0x00000007ad18eea8,0x00000007ad200000)
  to   space 1536K, 0% used [0x00000007ad200000,0x00000007ad200000,0x00000007ad380000)
 ParOldGen       total 69120K, used 55273K [0x0000000700000000, 0x0000000704380000, 0x00000007aab00000)
  object space 69120K, 79% used [0x0000000700000000,0x00000007035fa6a0,0x0000000704380000)
 Metaspace       used 64026K, committed 65472K, reserved 1114112K
  class space    used 6659K, committed 7296K, reserved 1048576K
}
Event: 369.203 GC heap before
{Heap before GC invocations=58 (full 4):
 PSYoungGen      total 38912K, used 38459K [0x00000007aab00000, 0x00000007ad380000, 0x0000000800000000)
  eden space 36352K, 100% used [0x00000007aab00000,0x00000007ace80000,0x00000007ace80000)
  from space 2560K, 82% used [0x00000007acf80000,0x00000007ad18eea8,0x00000007ad200000)
  to   space 1536K, 0% used [0x00000007ad200000,0x00000007ad200000,0x00000007ad380000)
 ParOldGen       total 69120K, used 55273K [0x0000000700000000, 0x0000000704380000, 0x00000007aab00000)
  object space 69120K, 79% used [0x0000000700000000,0x00000007035fa6a0,0x0000000704380000)
 Metaspace       used 64026K, committed 65472K, reserved 1114112K
  class space    used 6659K, committed 7296K, reserved 1048576K
}
Event: 369.212 GC heap after
{Heap after GC invocations=58 (full 4):
 PSYoungGen      total 37888K, used 1523K [0x00000007aab00000, 0x00000007ad600000, 0x0000000800000000)
  eden space 36352K, 0% used [0x00000007aab00000,0x00000007aab00000,0x00000007ace80000)
  from space 1536K, 99% used [0x00000007ad200000,0x00000007ad37cea8,0x00000007ad380000)
  to   space 3584K, 0% used [0x00000007ace80000,0x00000007ace80000,0x00000007ad200000)
 ParOldGen       total 69120K, used 56729K [0x0000000700000000, 0x0000000704380000, 0x00000007aab00000)
  object space 69120K, 82% used [0x0000000700000000,0x00000007037666a0,0x0000000704380000)
 Metaspace       used 64026K, committed 65472K, reserved 1114112K
  class space    used 6659K, committed 7296K, reserved 1048576K
}
Event: 369.974 GC heap before
{Heap before GC invocations=59 (full 4):
 PSYoungGen      total 37888K, used 37875K [0x00000007aab00000, 0x00000007ad600000, 0x0000000800000000)
  eden space 36352K, 100% used [0x00000007aab00000,0x00000007ace80000,0x00000007ace80000)
  from space 1536K, 99% used [0x00000007ad200000,0x00000007ad37cea8,0x00000007ad380000)
  to   space 3584K, 0% used [0x00000007ace80000,0x00000007ace80000,0x00000007ad200000)
 ParOldGen       total 69120K, used 56729K [0x0000000700000000, 0x0000000704380000, 0x00000007aab00000)
  object space 69120K, 82% used [0x0000000700000000,0x00000007037666a0,0x0000000704380000)
 Metaspace       used 64055K, committed 65472K, reserved 1114112K
  class space    used 6659K, committed 7296K, reserved 1048576K
}
Event: 369.981 GC heap after
{Heap after GC invocations=59 (full 4):
 PSYoungGen      total 38400K, used 1884K [0x00000007aab00000, 0x00000007ad400000, 0x0000000800000000)
  eden space 36352K, 0% used [0x00000007aab00000,0x00000007aab00000,0x00000007ace80000)
  from space 2048K, 92% used [0x00000007ace80000,0x00000007ad0570f0,0x00000007ad080000)
  to   space 2560K, 0% used [0x00000007ad180000,0x00000007ad180000,0x00000007ad400000)
 ParOldGen       total 69120K, used 57070K [0x0000000700000000, 0x0000000704380000, 0x00000007aab00000)
  object space 69120K, 82% used [0x0000000700000000,0x00000007037bba10,0x0000000704380000)
 Metaspace       used 64055K, committed 65472K, reserved 1114112K
  class space    used 6659K, committed 7296K, reserved 1048576K
}
Event: 372.628 GC heap before
{Heap before GC invocations=60 (full 4):
 PSYoungGen      total 38400K, used 38236K [0x00000007aab00000, 0x00000007ad400000, 0x0000000800000000)
  eden space 36352K, 100% used [0x00000007aab00000,0x00000007ace80000,0x00000007ace80000)
  from space 2048K, 92% used [0x00000007ace80000,0x00000007ad0570f0,0x00000007ad080000)
  to   space 2560K, 0% used [0x00000007ad180000,0x00000007ad180000,0x00000007ad400000)
 ParOldGen       total 69120K, used 57070K [0x0000000700000000, 0x0000000704380000, 0x00000007aab00000)
  object space 69120K, 82% used [0x0000000700000000,0x00000007037bba10,0x0000000704380000)
 Metaspace       used 64165K, committed 65664K, reserved 1114112K
  class space    used 6664K, committed 7296K, reserved 1048576K
}
Event: 372.644 GC heap after
{Heap after GC invocations=60 (full 4):
 PSYoungGen      total 34816K, used 2541K [0x00000007aab00000, 0x00000007add00000, 0x0000000800000000)
  eden space 32256K, 0% used [0x00000007aab00000,0x00000007aab00000,0x00000007aca80000)
  from space 2560K, 99% used [0x00000007ad180000,0x00000007ad3fb5a8,0x00000007ad400000)
  to   space 7168K, 0% used [0x00000007aca80000,0x00000007aca80000,0x00000007ad180000)
 ParOldGen       total 69120K, used 60652K [0x0000000700000000, 0x0000000704380000, 0x00000007aab00000)
  object space 69120K, 87% used [0x0000000700000000,0x0000000703b3b3f8,0x0000000704380000)
 Metaspace       used 64165K, committed 65664K, reserved 1114112K
  class space    used 6664K, committed 7296K, reserved 1048576K
}

Dll operation events (20 events):
Event: 0.032 Attempting to load shared library c:\Users\jaimi\.vscode\extensions\redhat.java-1.56.0-win32-x64\jre\21.0.12.1-win32-x86_64\bin\java.dll
Event: 0.032 Loaded shared library c:\Users\jaimi\.vscode\extensions\redhat.java-1.56.0-win32-x64\jre\21.0.12.1-win32-x86_64\bin\java.dll
Event: 1.941 Attempting to load shared library c:\Users\jaimi\.vscode\extensions\redhat.java-1.56.0-win32-x64\jre\21.0.12.1-win32-x86_64\bin\zip.dll
Event: 1.942 Loaded shared library c:\Users\jaimi\.vscode\extensions\redhat.java-1.56.0-win32-x64\jre\21.0.12.1-win32-x86_64\bin\zip.dll
Event: 2.301 Attempting to load shared library C:\Users\jaimi\.vscode\extensions\redhat.java-1.56.0-win32-x64\jre\21.0.12.1-win32-x86_64\bin\instrument.dll
Event: 2.301 Loaded shared library C:\Users\jaimi\.vscode\extensions\redhat.java-1.56.0-win32-x64\jre\21.0.12.1-win32-x86_64\bin\instrument.dll
Event: 2.330 Attempting to load shared library C:\Users\jaimi\.vscode\extensions\redhat.java-1.56.0-win32-x64\jre\21.0.12.1-win32-x86_64\bin\net.dll
Event: 2.333 Loaded shared library C:\Users\jaimi\.vscode\extensions\redhat.java-1.56.0-win32-x64\jre\21.0.12.1-win32-x86_64\bin\net.dll
Event: 2.338 Attempting to load shared library C:\Users\jaimi\.vscode\extensions\redhat.java-1.56.0-win32-x64\jre\21.0.12.1-win32-x86_64\bin\nio.dll
Event: 2.339 Loaded shared library C:\Users\jaimi\.vscode\extensions\redhat.java-1.56.0-win32-x64\jre\21.0.12.1-win32-x86_64\bin\nio.dll
Event: 2.435 Attempting to load shared library C:\Users\jaimi\.vscode\extensions\redhat.java-1.56.0-win32-x64\jre\21.0.12.1-win32-x86_64\bin\zip.dll
Event: 2.435 Loaded shared library C:\Users\jaimi\.vscode\extensions\redhat.java-1.56.0-win32-x64\jre\21.0.12.1-win32-x86_64\bin\zip.dll
Event: 2.583 Attempting to load shared library C:\Users\jaimi\.vscode\extensions\redhat.java-1.56.0-win32-x64\jre\21.0.12.1-win32-x86_64\bin\jimage.dll
Event: 2.583 Loaded shared library C:\Users\jaimi\.vscode\extensions\redhat.java-1.56.0-win32-x64\jre\21.0.12.1-win32-x86_64\bin\jimage.dll
Event: 4.095 Attempting to load shared library c:\Users\jaimi\.vscode\extensions\redhat.java-1.56.0-win32-x64\jre\21.0.12.1-win32-x86_64\bin\verify.dll
Event: 4.096 Loaded shared library c:\Users\jaimi\.vscode\extensions\redhat.java-1.56.0-win32-x64\jre\21.0.12.1-win32-x86_64\bin\verify.dll
Event: 18.985 Attempting to load shared library C:\Users\jaimi\AppData\Roaming\Code\User\globalStorage\redhat.java\1.56.0\config_win\org.eclipse.equinox.launcher\org.eclipse.equinox.launcher.win32.win32.x86_64_1.3.100.v20260804-1928\eclipse_11924.dll
Event: 18.988 Loaded shared library C:\Users\jaimi\AppData\Roaming\Code\User\globalStorage\redhat.java\1.56.0\config_win\org.eclipse.equinox.launcher\org.eclipse.equinox.launcher.win32.win32.x86_64_1.3.100.v20260804-1928\eclipse_11924.dll
Event: 34.422 Attempting to load shared library C:\Users\jaimi\AppData\Local\Temp\jna-100887342\jna6145771296898001173.dll
Event: 35.497 Loaded shared library C:\Users\jaimi\AppData\Local\Temp\jna-100887342\jna6145771296898001173.dll

Deoptimization events (20 events):
Event: 374.700 Thread 0x000001f07f1e7840 Uncommon trap: trap_request=0xffffff6e fr.pc=0x000001f0081a8518 relative=0x00000000000000f8
Event: 374.700 Thread 0x000001f07f1e7840 Uncommon trap: reason=loop_limit_check action=maybe_recompile pc=0x000001f0081a8518 method=org.eclipse.jdt.internal.compiler.lookup.BlockScope.findLocalType([C)Lorg/eclipse/jdt/internal/compiler/lookup/ReferenceBinding; @ 79 c2
Event: 374.700 Thread 0x000001f07f1e7840 DEOPT PACKING pc=0x000001f0081a8518 sp=0x00000003f4afdfd0
Event: 374.700 Thread 0x000001f07f1e7840 DEOPT UNPACKING pc=0x000001f007583a9c sp=0x00000003f4afdf50 mode 2
Event: 375.198 Thread 0x000001f07f1e7840 DEOPT PACKING pc=0x000001f00176d7af sp=0x00000003f4afed70
Event: 375.198 Thread 0x000001f07f1e7840 DEOPT UNPACKING pc=0x000001f007584223 sp=0x00000003f4afe208 mode 0
Event: 375.366 Thread 0x000001f07f1e7840 Uncommon trap: trap_request=0xffffff76 fr.pc=0x000001f0081b51a0 relative=0x0000000000000760
Event: 375.366 Thread 0x000001f07f1e7840 Uncommon trap: reason=predicate action=maybe_recompile pc=0x000001f0081b51a0 method=org.eclipse.jdt.internal.compiler.lookup.Scope.getMatchingUninitializedType(Lorg/eclipse/jdt/internal/compiler/lookup/TypeBinding;Z)Lorg/eclipse/jdt/internal/compiler/look
Event: 375.366 Thread 0x000001f07f1e7840 DEOPT PACKING pc=0x000001f0081b51a0 sp=0x00000003f4afec30
Event: 375.366 Thread 0x000001f07f1e7840 DEOPT UNPACKING pc=0x000001f007583a9c sp=0x00000003f4afebb8 mode 2
Event: 375.591 Thread 0x000001f07f1e7840 DEOPT PACKING pc=0x000001f0010c8362 sp=0x00000003f4afd730
Event: 375.591 Thread 0x000001f07f1e7840 DEOPT UNPACKING pc=0x000001f007584223 sp=0x00000003f4afcca8 mode 0
Event: 376.567 Thread 0x000001f07f1e7840 DEOPT PACKING pc=0x000001f00161deee sp=0x00000003f4afedf0
Event: 376.567 Thread 0x000001f07f1e7840 DEOPT UNPACKING pc=0x000001f007584223 sp=0x00000003f4afe328 mode 0
Event: 377.528 Thread 0x000001f07dc94580 Uncommon trap: trap_request=0xffffffde fr.pc=0x000001f007c59420 relative=0x00000000000004c0
Event: 377.528 Thread 0x000001f07dc94580 Uncommon trap: reason=class_check action=maybe_recompile pc=0x000001f007c59420 method=java.util.AbstractMap.hashCode()I @ 3 c2
Event: 377.528 Thread 0x000001f07dc94580 DEOPT PACKING pc=0x000001f007c59420 sp=0x00000003f3ffe750
Event: 377.528 Thread 0x000001f07dc94580 DEOPT UNPACKING pc=0x000001f007583a9c sp=0x00000003f3ffe6f8 mode 2
Event: 381.040 Thread 0x000001f07dc96650 DEOPT PACKING pc=0x000001f0013705fc sp=0x00000003f41fcbc0
Event: 381.040 Thread 0x000001f07dc96650 DEOPT UNPACKING pc=0x000001f007584223 sp=0x00000003f41fc0e0 mode 0

Classes loaded (20 events):
Event: 330.451 Loading class sun/nio/cs/ISO_8859_1$Decoder
Event: 330.451 Loading class sun/nio/cs/ISO_8859_1$Decoder done
Event: 331.331 Loading class java/util/Collections$2
Event: 331.331 Loading class java/util/Collections$2 done
Event: 335.334 Loading class java/util/AbstractList$ListItr
Event: 335.334 Loading class java/util/AbstractList$ListItr done
Event: 335.509 Loading class java/util/AbstractList$RandomAccessSubList
Event: 335.509 Loading class java/util/AbstractList$SubList
Event: 335.517 Loading class java/util/AbstractList$SubList done
Event: 335.518 Loading class java/util/AbstractList$RandomAccessSubList done
Event: 335.518 Loading class java/util/AbstractList$SubList$1
Event: 335.518 Loading class java/util/AbstractList$SubList$1 done
Event: 335.630 Loading class java/util/ImmutableCollections$SubList
Event: 335.630 Loading class java/util/ImmutableCollections$SubList done
Event: 352.514 Loading class java/util/Hashtable$KeySet
Event: 352.514 Loading class java/util/Hashtable$KeySet done
Event: 376.779 Loading class java/util/ArrayDeque$DeqSpliterator
Event: 376.780 Loading class java/util/ArrayDeque$DeqSpliterator done
Event: 380.501 Loading class java/lang/invoke/MethodHandleImpl$CountingWrapper$1
Event: 380.502 Loading class java/lang/invoke/MethodHandleImpl$CountingWrapper$1 done

Classes unloaded (20 events):
Event: 289.458 Thread 0x000001f078d1dd90 Unloading class 0x000001f01800d800 'java/lang/invoke/LambdaForm$MH+0x000001f01800d800'
Event: 289.458 Thread 0x000001f078d1dd90 Unloading class 0x000001f01800d400 'java/lang/invoke/LambdaForm$MH+0x000001f01800d400'
Event: 289.458 Thread 0x000001f078d1dd90 Unloading class 0x000001f01800d000 'java/lang/invoke/LambdaForm$MH+0x000001f01800d000'
Event: 289.458 Thread 0x000001f078d1dd90 Unloading class 0x000001f01800cc00 'java/lang/invoke/LambdaForm$MH+0x000001f01800cc00'
Event: 289.458 Thread 0x000001f078d1dd90 Unloading class 0x000001f01800c800 'java/lang/invoke/LambdaForm$BMH+0x000001f01800c800'
Event: 289.458 Thread 0x000001f078d1dd90 Unloading class 0x000001f01800c000 'java/lang/invoke/LambdaForm$DMH+0x000001f01800c000'
Event: 289.458 Thread 0x000001f078d1dd90 Unloading class 0x000001f018008c00 'java/lang/invoke/LambdaForm$MH+0x000001f018008c00'
Event: 289.458 Thread 0x000001f078d1dd90 Unloading class 0x000001f018008800 'java/lang/invoke/LambdaForm$MH+0x000001f018008800'
Event: 289.458 Thread 0x000001f078d1dd90 Unloading class 0x000001f018008400 'java/lang/invoke/LambdaForm$MH+0x000001f018008400'
Event: 289.458 Thread 0x000001f078d1dd90 Unloading class 0x000001f018007000 'java/lang/invoke/LambdaForm$MH+0x000001f018007000'
Event: 289.458 Thread 0x000001f078d1dd90 Unloading class 0x000001f018006800 'java/lang/invoke/LambdaForm$MH+0x000001f018006800'
Event: 289.458 Thread 0x000001f078d1dd90 Unloading class 0x000001f018006400 'java/lang/invoke/LambdaForm$MH+0x000001f018006400'
Event: 289.458 Thread 0x000001f078d1dd90 Unloading class 0x000001f018006000 'java/lang/invoke/LambdaForm$MH+0x000001f018006000'
Event: 289.458 Thread 0x000001f078d1dd90 Unloading class 0x000001f018005c00 'java/lang/invoke/LambdaForm$BMH+0x000001f018005c00'
Event: 289.458 Thread 0x000001f078d1dd90 Unloading class 0x000001f018004800 'java/lang/invoke/LambdaForm$DMH+0x000001f018004800'
Event: 289.458 Thread 0x000001f078d1dd90 Unloading class 0x000001f018002800 'java/lang/invoke/LambdaForm$MH+0x000001f018002800'
Event: 289.458 Thread 0x000001f078d1dd90 Unloading class 0x000001f018002400 'java/lang/invoke/LambdaForm$MH+0x000001f018002400'
Event: 289.458 Thread 0x000001f078d1dd90 Unloading class 0x000001f018002000 'java/lang/invoke/LambdaForm$MH+0x000001f018002000'
Event: 289.458 Thread 0x000001f078d1dd90 Unloading class 0x000001f018001800 'java/lang/invoke/LambdaForm$MH+0x000001f018001800'
Event: 289.458 Thread 0x000001f078d1dd90 Unloading class 0x000001f018000400 'java/lang/invoke/LambdaForm$MH+0x000001f018000400'

Classes redefined (0 events):
No events

Internal exceptions (20 events):
Event: 352.804 Thread 0x000001f07f1e1c60 Exception <a 'java/io/FileNotFoundException'{0x00000007ac81cf78}> (0x00000007ac81cf78) 
thrown [s\src\hotspot\share\prims\jni.cpp, line 520]
Event: 357.469 Thread 0x000001f07dc96650 Implicit null exception at 0x000001f007ec4721 to 0x000001f007ec4a48
Event: 367.632 Thread 0x000001f07dc96650 Exception <a 'sun/nio/fs/WindowsException'{0x00000007aad49a00}> (0x00000007aad49a00) 
thrown [s\src\hotspot\share\prims\jni.cpp, line 520]
Event: 367.632 Thread 0x000001f07dc96650 Exception <a 'sun/nio/fs/WindowsException'{0x00000007aad4a050}> (0x00000007aad4a050) 
thrown [s\src\hotspot\share\prims\jni.cpp, line 520]
Event: 367.633 Thread 0x000001f07dc96650 Exception <a 'sun/nio/fs/WindowsException'{0x00000007aad4abb0}> (0x00000007aad4abb0) 
thrown [s\src\hotspot\share\prims\jni.cpp, line 520]
Event: 367.633 Thread 0x000001f07dc96650 Exception <a 'sun/nio/fs/WindowsException'{0x00000007aad4b200}> (0x00000007aad4b200) 
thrown [s\src\hotspot\share\prims\jni.cpp, line 520]
Event: 367.639 Thread 0x000001f07dc96650 Exception <a 'sun/nio/fs/WindowsException'{0x00000007aad4c7c0}> (0x00000007aad4c7c0) 
thrown [s\src\hotspot\share\prims\jni.cpp, line 520]
Event: 367.640 Thread 0x000001f07dc96650 Exception <a 'sun/nio/fs/WindowsException'{0x00000007aad4ce10}> (0x00000007aad4ce10) 
thrown [s\src\hotspot\share\prims\jni.cpp, line 520]
Event: 367.661 Thread 0x000001f07dc96650 Exception <a 'sun/nio/fs/WindowsException'{0x00000007aad68dd8}> (0x00000007aad68dd8) 
thrown [s\src\hotspot\share\prims\jni.cpp, line 520]
Event: 367.661 Thread 0x000001f07dc96650 Exception <a 'sun/nio/fs/WindowsException'{0x00000007aad69428}> (0x00000007aad69428) 
thrown [s\src\hotspot\share\prims\jni.cpp, line 520]
Event: 369.529 Thread 0x000001f07f1e5770 Exception <a 'sun/nio/fs/WindowsException'{0x00000007ab89d050}> (0x00000007ab89d050) 
thrown [s\src\hotspot\share\prims\jni.cpp, line 520]
Event: 369.530 Thread 0x000001f07f1e3010 Exception <a 'sun/nio/fs/WindowsException'{0x00000007ab8a11b8}> (0x00000007ab8a11b8) 
thrown [s\src\hotspot\share\prims\jni.cpp, line 520]
Event: 369.531 Thread 0x000001f07f1e3010 Exception <a 'sun/nio/fs/WindowsException'{0x00000007ab8a3268}> (0x00000007ab8a3268) 
thrown [s\src\hotspot\share\prims\jni.cpp, line 520]
Event: 369.538 Thread 0x000001f07f1e3010 Exception <a 'sun/nio/fs/WindowsException'{0x00000007ab8a7a00}> (0x00000007ab8a7a00) 
thrown [s\src\hotspot\share\prims\jni.cpp, line 520]
Event: 371.215 Thread 0x000001f07dc94580 Exception <a 'java/io/FileNotFoundException'{0x00000007ac5c7350}> (0x00000007ac5c7350) 
thrown [s\src\hotspot\share\prims\jni.cpp, line 520]
Event: 372.592 Thread 0x000001f07f1e5770 Implicit null exception at 0x000001f007b4fe3f to 0x000001f007b4fe94
Event: 377.541 Thread 0x000001f07dc94580 Exception <a 'java/io/FileNotFoundException'{0x00000007ab9d1088}> (0x00000007ab9d1088) 
thrown [s\src\hotspot\share\prims\jni.cpp, line 520]
Event: 379.874 Thread 0x000001f07f1e5770 Exception <a 'sun/nio/fs/WindowsException'{0x00000007abbc37f8}> (0x00000007abbc37f8) 
thrown [s\src\hotspot\share\prims\jni.cpp, line 520]
Event: 379.874 Thread 0x000001f07f1e5770 Exception <a 'sun/nio/fs/WindowsException'{0x00000007abbc3e48}> (0x00000007abbc3e48) 
thrown [s\src\hotspot\share\prims\jni.cpp, line 520]
Event: 381.042 Thread 0x000001f07dc96650 Exception <a 'java/lang/NoSuchMethodError'{0x00000007abc58758}: 'java.lang.Object java.lang.invoke.DirectMethodHandle$Holder.invokeStatic(java.lang.Object, java.lang.Object, int, java.lang.Object)'> (0x00000007abc58758) 
thrown [s\src\hotspot\share\interpreter\linkResolver.cpp, line 773]

ZGC Phase Switch (0 events):
No events

VM Operations (20 events):
Event: 369.974 Executing safepoint VM operation: ParallelGCFailedAllocation (Allocation Failure)
Event: 369.981 Executing safepoint VM operation: ParallelGCFailedAllocation (Allocation Failure) done
Event: 370.982 Executing safepoint VM operation: Cleanup
Event: 370.982 Executing safepoint VM operation: Cleanup done
Event: 372.627 Executing safepoint VM operation: ParallelGCFailedAllocation (Allocation Failure)
Event: 372.644 Executing safepoint VM operation: ParallelGCFailedAllocation (Allocation Failure) done
Event: 374.644 Executing safepoint VM operation: Cleanup
Event: 374.669 Executing safepoint VM operation: Cleanup done
Event: 375.670 Executing safepoint VM operation: Cleanup
Event: 375.670 Executing safepoint VM operation: Cleanup done
Event: 376.687 Executing safepoint VM operation: Cleanup
Event: 376.776 Executing safepoint VM operation: Cleanup done
Event: 377.790 Executing safepoint VM operation: Cleanup
Event: 377.790 Executing safepoint VM operation: Cleanup done
Event: 378.794 Executing safepoint VM operation: Cleanup
Event: 378.794 Executing safepoint VM operation: Cleanup done
Event: 379.809 Executing safepoint VM operation: Cleanup
Event: 379.810 Executing safepoint VM operation: Cleanup done
Event: 380.814 Executing safepoint VM operation: Cleanup
Event: 380.814 Executing safepoint VM operation: Cleanup done

Memory protections (0 events):
No events

Nmethod flushes (20 events):
Event: 289.484 Thread 0x000001f078d1dd90 flushing  nmethod 0x000001f000d5f490
Event: 289.484 Thread 0x000001f078d1dd90 flushing  nmethod 0x000001f000d5f990
Event: 289.484 Thread 0x000001f078d1dd90 flushing  nmethod 0x000001f000d5ff90
Event: 289.484 Thread 0x000001f078d1dd90 flushing  nmethod 0x000001f000d9f490
Event: 289.484 Thread 0x000001f078d1dd90 flushing  nmethod 0x000001f000e21710
Event: 289.484 Thread 0x000001f078d1dd90 flushing  nmethod 0x000001f000e48710
Event: 289.484 Thread 0x000001f078d1dd90 flushing  nmethod 0x000001f000e51310
Event: 289.484 Thread 0x000001f078d1dd90 flushing  nmethod 0x000001f000e51c10
Event: 289.484 Thread 0x000001f078d1dd90 flushing  nmethod 0x000001f000e59590
Event: 289.484 Thread 0x000001f078d1dd90 flushing  nmethod 0x000001f000e5ed90
Event: 289.484 Thread 0x000001f078d1dd90 flushing  nmethod 0x000001f000e5f710
Event: 289.484 Thread 0x000001f078d1dd90 flushing  nmethod 0x000001f000e60010
Event: 289.484 Thread 0x000001f078d1dd90 flushing  nmethod 0x000001f000e63310
Event: 289.484 Thread 0x000001f078d1dd90 flushing  nmethod 0x000001f000e63b90
Event: 289.484 Thread 0x000001f078d1dd90 flushing  nmethod 0x000001f000e64690
Event: 289.484 Thread 0x000001f078d1dd90 flushing  nmethod 0x000001f000e66c90
Event: 289.484 Thread 0x000001f078d1dd90 flushing  nmethod 0x000001f000e70090
Event: 289.484 Thread 0x000001f078d1dd90 flushing  nmethod 0x000001f000e99f10
Event: 289.484 Thread 0x000001f078d1dd90 flushing  nmethod 0x000001f000e9d810
Event: 289.484 Thread 0x000001f078d1dd90 flushing  nmethod 0x000001f000e9e590

Events (20 events):
Event: 330.210 Thread 0x000001f07dc93ef0 Thread added: 0x000001f07dc96ce0
Event: 330.532 Thread 0x000001f07dc95930 Thread exited: 0x000001f07dc95930
Event: 330.533 Thread 0x000001f07f1e2980 Thread exited: 0x000001f07f1e2980
Event: 330.565 Thread 0x000001f07dc96ce0 Thread exited: 0x000001f07dc96ce0
Event: 333.531 Thread 0x000001f07dc93ef0 Thread added: 0x000001f07dc95930
Event: 333.531 Thread 0x000001f07dc93ef0 Thread added: 0x000001f07dc96ce0
Event: 333.532 Thread 0x000001f07dc93ef0 Thread added: 0x000001f07f1e2980
Event: 334.075 Thread 0x000001f07dc93ef0 Thread added: 0x000001f05d319d80
Event: 334.075 Thread 0x000001f07dc93ef0 Thread added: 0x000001f05d31a410
Event: 334.463 Thread 0x000001f05d31a410 Thread exited: 0x000001f05d31a410
Event: 334.463 Thread 0x000001f07f1e2980 Thread exited: 0x000001f07f1e2980
Event: 334.463 Thread 0x000001f07dc95930 Thread exited: 0x000001f07dc95930
Event: 334.463 Thread 0x000001f05d319d80 Thread exited: 0x000001f05d319d80
Event: 334.465 Thread 0x000001f07dc96ce0 Thread exited: 0x000001f07dc96ce0
Event: 351.661 Thread 0x000001f07dc93ef0 Thread added: 0x000001f07f1e2980
Event: 351.662 Thread 0x000001f07dc93ef0 Thread added: 0x000001f07f0e6a70
Event: 351.743 Thread 0x000001f07dc93ef0 Thread added: 0x000001f07f0e63e0
Event: 351.794 Thread 0x000001f07f0e6a70 Thread exited: 0x000001f07f0e6a70
Event: 351.794 Thread 0x000001f07f1e2980 Thread exited: 0x000001f07f1e2980
Event: 351.812 Thread 0x000001f07f0e63e0 Thread exited: 0x000001f07f0e63e0


Dynamic libraries:
0x00007ff623bb0000 - 0x00007ff623bbe000 	c:\Users\jaimi\.vscode\extensions\redhat.java-1.56.0-win32-x64\jre\21.0.12.1-win32-x86_64\bin\java.exe
0x00007ffed1f70000 - 0x00007ffed2168000 	C:\Windows\SYSTEM32\ntdll.dll
0x00007ffed0ee0000 - 0x00007ffed0fa2000 	C:\Windows\System32\KERNEL32.DLL
0x00007ffecf700000 - 0x00007ffecf9f6000 	C:\Windows\System32\KERNELBASE.dll
0x00007ffecfba0000 - 0x00007ffecfca0000 	C:\Windows\System32\ucrtbase.dll
0x00007ffec68b0000 - 0x00007ffec68c8000 	c:\Users\jaimi\.vscode\extensions\redhat.java-1.56.0-win32-x64\jre\21.0.12.1-win32-x86_64\bin\jli.dll
0x00007ffed0d30000 - 0x00007ffed0ed1000 	C:\Windows\System32\USER32.dll
0x00007ffecfe90000 - 0x00007ffecfeb2000 	C:\Windows\System32\win32u.dll
0x00007ffed0560000 - 0x00007ffed058b000 	C:\Windows\System32\GDI32.dll
0x00007ffecfa00000 - 0x00007ffecfb19000 	C:\Windows\System32\gdi32full.dll
0x00007ffecfec0000 - 0x00007ffecff5d000 	C:\Windows\System32\msvcp_win.dll
0x00007ffeb6390000 - 0x00007ffeb63ae000 	c:\Users\jaimi\.vscode\extensions\redhat.java-1.56.0-win32-x64\jre\21.0.12.1-win32-x86_64\bin\VCRUNTIME140.dll
0x00007ffeb6680000 - 0x00007ffeb691b000 	C:\Windows\WinSxS\amd64_microsoft.windows.common-controls_6595b64144ccf1df_6.0.19041.6456_none_60b8a6cb71f64256\COMCTL32.dll
0x00007ffed0240000 - 0x00007ffed02de000 	C:\Windows\System32\msvcrt.dll
0x00007ffed0bb0000 - 0x00007ffed0bdf000 	C:\Windows\System32\IMM32.DLL
0x00007ffeca500000 - 0x00007ffeca50c000 	c:\Users\jaimi\.vscode\extensions\redhat.java-1.56.0-win32-x64\jre\21.0.12.1-win32-x86_64\bin\vcruntime140_1.dll
0x00007ffeb4f60000 - 0x00007ffeb4fed000 	c:\Users\jaimi\.vscode\extensions\redhat.java-1.56.0-win32-x64\jre\21.0.12.1-win32-x86_64\bin\msvcp140.dll
0x00007ffe4e2f0000 - 0x00007ffe4f092000 	c:\Users\jaimi\.vscode\extensions\redhat.java-1.56.0-win32-x64\jre\21.0.12.1-win32-x86_64\bin\server\jvm.dll
0x00007ffed0af0000 - 0x00007ffed0ba1000 	C:\Windows\System32\ADVAPI32.dll
0x00007ffed1e90000 - 0x00007ffed1f2f000 	C:\Windows\System32\sechost.dll
0x00007ffed0120000 - 0x00007ffed0240000 	C:\Windows\System32\RPCRT4.dll
0x00007ffecff60000 - 0x00007ffecff87000 	C:\Windows\System32\bcrypt.dll
0x00007ffed0bf0000 - 0x00007ffed0c5b000 	C:\Windows\System32\WS2_32.dll
0x00007ffecf080000 - 0x00007ffecf0cb000 	C:\Windows\SYSTEM32\POWRPROF.dll
0x00007ffeb15b0000 - 0x00007ffeb15d7000 	C:\Windows\SYSTEM32\WINMM.dll
0x00007ffebd780000 - 0x00007ffebd78a000 	C:\Windows\SYSTEM32\VERSION.dll
0x00007ffecefc0000 - 0x00007ffecefd2000 	C:\Windows\SYSTEM32\UMPDC.dll
0x00007ffecde10000 - 0x00007ffecde22000 	C:\Windows\SYSTEM32\kernel.appcore.dll
0x00007ffec85a0000 - 0x00007ffec85aa000 	c:\Users\jaimi\.vscode\extensions\redhat.java-1.56.0-win32-x64\jre\21.0.12.1-win32-x86_64\bin\jimage.dll
0x00007ffecdaf0000 - 0x00007ffecdcf1000 	C:\Windows\SYSTEM32\DBGHELP.DLL
0x00007ffeb0c50000 - 0x00007ffeb0c84000 	C:\Windows\SYSTEM32\dbgcore.DLL
0x00007ffecfca0000 - 0x00007ffecfd22000 	C:\Windows\System32\bcryptPrimitives.dll
0x00007ffeb6380000 - 0x00007ffeb638f000 	c:\Users\jaimi\.vscode\extensions\redhat.java-1.56.0-win32-x64\jre\21.0.12.1-win32-x86_64\bin\instrument.dll
0x00007ffeb62d0000 - 0x00007ffeb62f0000 	c:\Users\jaimi\.vscode\extensions\redhat.java-1.56.0-win32-x64\jre\21.0.12.1-win32-x86_64\bin\java.dll
0x00007ffed12b0000 - 0x00007ffed1a20000 	C:\Windows\System32\SHELL32.dll
0x00007ffecd270000 - 0x00007ffecda15000 	C:\Windows\SYSTEM32\windows.storage.dll
0x00007ffed0730000 - 0x00007ffed0a84000 	C:\Windows\System32\combase.dll
0x00007ffecefe0000 - 0x00007ffecf00b000 	C:\Windows\SYSTEM32\Wldp.dll
0x00007ffed0fb0000 - 0x00007ffed107d000 	C:\Windows\System32\OLEAUT32.dll
0x00007ffed0c80000 - 0x00007ffed0d2d000 	C:\Windows\System32\SHCORE.dll
0x00007ffed0670000 - 0x00007ffed06cb000 	C:\Windows\System32\shlwapi.dll
0x00007ffecf530000 - 0x00007ffecf554000 	C:\Windows\SYSTEM32\profapi.dll
0x00007ffeb61d0000 - 0x00007ffeb61e8000 	c:\Users\jaimi\.vscode\extensions\redhat.java-1.56.0-win32-x64\jre\21.0.12.1-win32-x86_64\bin\zip.dll
0x00007ffeb62c0000 - 0x00007ffeb62d0000 	C:\Users\jaimi\.vscode\extensions\redhat.java-1.56.0-win32-x64\jre\21.0.12.1-win32-x86_64\bin\net.dll
0x00007ffec58e0000 - 0x00007ffec59ea000 	C:\Windows\SYSTEM32\WINHTTP.dll
0x00007ffeced20000 - 0x00007ffeced8a000 	C:\Windows\system32\mswsock.dll
0x00007ffeb5c80000 - 0x00007ffeb5c96000 	C:\Users\jaimi\.vscode\extensions\redhat.java-1.56.0-win32-x64\jre\21.0.12.1-win32-x86_64\bin\nio.dll
0x00007ffeb6120000 - 0x00007ffeb6130000 	c:\Users\jaimi\.vscode\extensions\redhat.java-1.56.0-win32-x64\jre\21.0.12.1-win32-x86_64\bin\verify.dll
0x00007ffeb5010000 - 0x00007ffeb5055000 	C:\Users\jaimi\AppData\Roaming\Code\User\globalStorage\redhat.java\1.56.0\config_win\org.eclipse.equinox.launcher\org.eclipse.equinox.launcher.win32.win32.x86_64_1.3.100.v20260804-1928\eclipse_11924.dll
0x00007ffecfff0000 - 0x00007ffed011b000 	C:\Windows\System32\ole32.dll
0x00007ffecef10000 - 0x00007ffecef28000 	C:\Windows\SYSTEM32\CRYPTSP.dll
0x00007ffece5d0000 - 0x00007ffece608000 	C:\Windows\system32\rsaenh.dll
0x00007ffecf4f0000 - 0x00007ffecf51e000 	C:\Windows\SYSTEM32\USERENV.dll
0x00007ffecef30000 - 0x00007ffecef3c000 	C:\Windows\SYSTEM32\CRYPTBASE.dll
0x00007ffecea00000 - 0x00007ffecea3b000 	C:\Windows\SYSTEM32\IPHLPAPI.DLL
0x00007ffed0380000 - 0x00007ffed0388000 	C:\Windows\System32\NSI.dll
0x00007ffea6c00000 - 0x00007ffea6c49000 	C:\Users\jaimi\AppData\Local\Temp\jna-100887342\jna6145771296898001173.dll
0x00007ffed0be0000 - 0x00007ffed0be8000 	C:\Windows\System32\PSAPI.DLL
0x00007ffebdb00000 - 0x00007ffebdb17000 	C:\Windows\SYSTEM32\dhcpcsvc6.DLL
0x00007ffec2a10000 - 0x00007ffec2a2d000 	C:\Windows\SYSTEM32\dhcpcsvc.DLL

JVMTI agents:
c:\Users\jaimi\.vscode\extensions\redhat.java-1.56.0-win32-x64\lombok\lombok-1.18.39-4050.jar path:c:\Users\jaimi\.vscode\extensions\redhat.java-1.56.0-win32-x64\jre\21.0.12.1-win32-x86_64\bin\instrument.dll, loaded, initialized, instrumentlib options:none

dbghelp: loaded successfully - version: 4.0.5 - missing functions: none
symbol engine: initialized successfully - sym options: 0x614 - pdb path: .;c:\Users\jaimi\.vscode\extensions\redhat.java-1.56.0-win32-x64\jre\21.0.12.1-win32-x86_64\bin;C:\Windows\SYSTEM32;C:\Windows\WinSxS\amd64_microsoft.windows.common-controls_6595b64144ccf1df_6.0.19041.6456_none_60b8a6cb71f64256;c:\Users\jaimi\.vscode\extensions\redhat.java-1.56.0-win32-x64\jre\21.0.12.1-win32-x86_64\bin\server;C:\Users\jaimi\AppData\Roaming\Code\User\globalStorage\redhat.java\1.56.0\config_win\org.eclipse.equinox.launcher\org.eclipse.equinox.launcher.win32.win32.x86_64_1.3.100.v20260804-1928;C:\Users\jaimi\AppData\Local\Temp\jna-100887342

VM Arguments:
jvm_args: --add-modules=ALL-SYSTEM --add-opens=java.base/java.util=ALL-UNNAMED --add-opens=java.base/java.lang=ALL-UNNAMED --add-opens=java.base/sun.nio.fs=ALL-UNNAMED -Declipse.application=org.eclipse.jdt.ls.core.id1 -Dosgi.bundles.defaultStartLevel=4 -Declipse.product=org.eclipse.jdt.ls.core.product -Djava.import.generatesMetadataFilesAtProjectRoot=false -Dm2e.project.cache.size=50 -DDetectVMInstallationsJob.disabled=true -Dfile.encoding=utf8 -XX:+UseParallelGC -XX:GCTimeRatio=4 -XX:AdaptiveSizePolicyWeight=90 -Dsun.zip.disableMemoryMapping=true -Xmx4G -Xms100m -Xlog:disable -javaagent:c:\Users\jaimi\.vscode\extensions\redhat.java-1.56.0-win32-x64\lombok\lombok-1.18.39-4050.jar -XX:+HeapDumpOnOutOfMemoryError -XX:HeapDumpPath=c:\Users\jaimi\AppData\Roaming\Code\User\workspaceStorage\7b1695ebeb44925a89a06e7ce4c3f07f\redhat.java -Daether.dependencyCollector.impl=bf 
java_command: c:\Users\jaimi\.vscode\extensions\redhat.java-1.56.0-win32-x64\server\plugins\org.eclipse.equinox.launcher_1.8.0.v20260804-1928.jar -configuration c:\Users\jaimi\AppData\Roaming\Code\User\globalStorage\redhat.java\1.56.0\config_win -data c:\Users\jaimi\AppData\Roaming\Code\User\workspaceStorage\7b1695ebeb44925a89a06e7ce4c3f07f\redhat.java\jdt_ws --pipe=\\.\pipe\lsp-2cbd7a6787bb1eb1bc8f256f6ab95e83-sock
java_class_path (initial): c:\Users\jaimi\.vscode\extensions\redhat.java-1.56.0-win32-x64\server\plugins\org.eclipse.equinox.launcher_1.8.0.v20260804-1928.jar
Launcher Type: SUN_STANDARD

[Global flags]
    uintx AdaptiveSizePolicyWeight                 = 90                                        {product} {command line}
     intx CICompilerCount                          = 2                                         {product} {ergonomic}
    uintx GCTimeRatio                              = 4                                         {product} {command line}
     bool HeapDumpOnOutOfMemoryError               = true                                   {manageable} {command line}
    ccstr HeapDumpPath                             = c:\Users\jaimi\AppData\Roaming\Code\User\workspaceStorage\7b1695ebeb44925a89a06e7ce4c3f07f\redhat.java         {manageable} {command line}
   size_t InitialHeapSize                          = 104857600                                 {product} {command line}
   size_t MaxHeapSize                              = 4294967296                                {product} {command line}
   size_t MaxNewSize                               = 1431306240                                {product} {ergonomic}
   size_t MinHeapDeltaBytes                        = 524288                                    {product} {ergonomic}
   size_t MinHeapSize                              = 104857600                                 {product} {command line}
   size_t NewSize                                  = 34603008                                  {product} {ergonomic}
    uintx NonNMethodCodeHeapSize                   = 5826188                                {pd product} {ergonomic}
    uintx NonProfiledCodeHeapSize                  = 122916026                              {pd product} {ergonomic}
   size_t OldSize                                  = 70254592                                  {product} {ergonomic}
    uintx ProfiledCodeHeapSize                     = 122916026                              {pd product} {ergonomic}
    uintx ReservedCodeCacheSize                    = 251658240                              {pd product} {ergonomic}
     bool SegmentedCodeCache                       = true                                      {product} {ergonomic}
   size_t SoftMaxHeapSize                          = 4294967296                             {manageable} {ergonomic}
     bool UseCompressedOops                        = true                           {product lp64_product} {ergonomic}
     bool UseLargePagesIndividualAllocation        = false                                  {pd product} {ergonomic}
     bool UseParallelGC                            = true                                      {product} {command line}

Logging:
Log output configuration:
 #0: stdout all=off uptime,level,tags foldmultilines=false
 #1: stderr all=off uptime,level,tags foldmultilines=false

Release file:
JAVA_VERSION="21.0.12.1" 
MODULES="java.base java.compiler java.datatransfer java.xml java.prefs java.desktop java.instrument java.logging java.management java.security.sasl java.naming java.rmi java.management.rmi java.net.http java.scripting java.security.jgss java.transaction.xa java.sql java.sql.rowset java.xml.crypto java.se java.smartcardio jdk.accessibility jdk.internal.jvmstat jdk.attach jdk.charsets jdk.internal.opt jdk.zipfs jdk.compiler jdk.crypto.ec jdk.crypto.cryptoki jdk.crypto.mscapi jdk.dynalink jdk.internal.ed jdk.editpad jdk.hotspot.agent jdk.httpserver jdk.internal.le jdk.internal.vm.ci jdk.internal.vm.compiler jdk.internal.vm.compiler.management jdk.jartool jdk.javadoc jdk.jcmd jdk.management jdk.management.agent jdk.jconsole jdk.jdeps jdk.jdwp.agent jdk.jdi jdk.jfr jdk.jshell jdk.jsobject jdk.jstatd jdk.localedata jdk.management.jfr jdk.naming.dns jdk.naming.rmi jdk.net jdk.nio.mapmode jdk.random jdk.sctp jdk.security.auth jdk.security.jgss jdk.unsupported jdk.unsupported.desktop jdk.xml.dom" 

Environment Variables:
JAVA_HOME=C:\Program Files\Java\jdk1.8.0_503
PATH=C:\Program Files (x86)\Common Files\Oracle\Java\java8path;C:\Program Files (x86)\Common Files\Oracle\Java\javapath;C:\Windows\system32;C:\Windows;C:\Windows\System32\Wbem;C:\Windows\System32\WindowsPowerShell\v1.0\;C:\Windows\System32\OpenSSH\;C:\Program Files\Git\cmd;C:\Users\jaimi\OneDrive\Documentos\programacao\calculatorProject\omniORB\bin;C:\Users\jaimi\AppData\Local\Programs\Python\Python313\;C:\Users\jaimi\AppData\Local\Programs\Python\Launcher\;C:\Users\jaimi\AppData\Local\Microsoft\WindowsApps;C:\Users\jaimi\AppData\Local\Programs\Microsoft VS Code\bin;D:\programs files\PyCharm Community Edition 2024.1.4\bin;;C:\msys64\mingw64\bin;C:\msys64\usr\bin;C:\omniORB\bin\x86_win32;C:\Program Files\Java\jdk1.8.0_503;C:\apache-maven-3.9.16\bin;C:\Program Files\Java\jdk1.8.0_503\bin;
USERNAME=jaimi
OS=Windows_NT
PROCESSOR_IDENTIFIER=Intel64 Family 6 Model 122 Stepping 8, GenuineIntel
TMP=C:\Users\jaimi\AppData\Local\Temp
TEMP=C:\Users\jaimi\AppData\Local\Temp




Periodic native trim disabled

---------------  S Y S T E M  ---------------

OS:
 Windows 10 , 64 bit Build 19041 (10.0.19041.5915)
OS uptime: 0 days 5:53 hours

CPU: total 2 (initial active 2) (2 cores per cpu, 1 threads per core) family 6 model 122 stepping 8 microcode 0x22, cx8, cmov, fxsr, mmx, 3dnowpref, sse, sse2, sse3, ssse3, sse4.1, sse4.2, popcnt, tsc, tscinvbit, aes, erms, clmul, sha, clflush, clflushopt, rdtscp, rdpid
Processor Information for the first 2 processors :
  Max Mhz: 1101, Current Mhz: 1101, Mhz Limit: 1101

Memory: 4k page, system-wide physical 8008M (2499M free)
TotalPageFile size 9989M (AvailPageFile size 1746M)
current process WorkingSet (physical memory assigned to process): 299M, peak: 303M
current process commit charge ("private bytes"): 440M, peak: 3054M

vm_info: OpenJDK 64-Bit Server VM (21.0.12.1+1-LTS) for windows-amd64 JRE (21.0.12.1+1-LTS), built on 2026-08-18T00:00:00Z by "admin" with MS VC++ 17.12 (VS2022)

END.
