#
# There is insufficient memory for the Java Runtime Environment to continue.
# Native memory allocation (mmap) failed to map 5443584 bytes. Error detail: object start array expansion
# Possible reasons:
#   The system is out of physical RAM or swap space
#   This process is running with CompressedOops enabled, and the Java Heap may be blocking the growth of the native heap
# Possible solutions:
#   Reduce memory load on the system
#   Increase physical memory or swap space
#   Check if swap backing store is full
#   Decrease Java heap size (-Xmx/-Xms)
#   Decrease number of Java threads
#   Decrease Java thread stack sizes (-Xss)
#   Set larger code cache with -XX:ReservedCodeCacheSize=
#   JVM is running with Zero Based Compressed Oops mode in which the Java heap is
#     placed in the first 32GB address space. The Java Heap base address is the
#     maximum limit for the native heap growth. Please use -XX:HeapBaseMinAddress
#     to set the Java Heap base and to place the Java Heap above 32GB virtual address.
# This output file may be truncated or incomplete.
#
#  Out of Memory Error (objectStartArray.cpp:105), pid=11660, tid=9220
#
# JRE version: OpenJDK Runtime Environment Temurin-21.0.12.1+1 (21.0.12.1+1) (build 21.0.12.1+1-LTS)
# Java VM: OpenJDK 64-Bit Server VM Temurin-21.0.12.1+1 (21.0.12.1+1-LTS, mixed mode, sharing, tiered, compressed oops, compressed class ptrs, parallel gc, windows-amd64)
# No core dump will be written. Minidumps are not enabled by default on client versions of Windows
#

---------------  S U M M A R Y ------------

Command Line: --add-modules=ALL-SYSTEM --add-opens=java.base/java.util=ALL-UNNAMED --add-opens=java.base/java.lang=ALL-UNNAMED --add-opens=java.base/sun.nio.fs=ALL-UNNAMED -Declipse.application=org.eclipse.jdt.ls.core.id1 -Dosgi.bundles.defaultStartLevel=4 -Declipse.product=org.eclipse.jdt.ls.core.product -Djava.import.generatesMetadataFilesAtProjectRoot=false -Dm2e.project.cache.size=50 -DDetectVMInstallationsJob.disabled=true -Dfile.encoding=utf8 -XX:+UseParallelGC -XX:GCTimeRatio=4 -XX:AdaptiveSizePolicyWeight=90 -Dsun.zip.disableMemoryMapping=true -Xmx4G -Xms100m -Xlog:disable -javaagent:c:\Users\jaimi\.vscode\extensions\redhat.java-1.56.0-win32-x64\lombok\lombok-1.18.39-4050.jar -XX:+HeapDumpOnOutOfMemoryError -XX:HeapDumpPath=c:\Users\jaimi\AppData\Roaming\Code\User\workspaceStorage\7b1695ebeb44925a89a06e7ce4c3f07f\redhat.java -Daether.dependencyCollector.impl=bf c:\Users\jaimi\.vscode\extensions\redhat.java-1.56.0-win32-x64\server\plugins\org.eclipse.equinox.launcher_1.8.0.v20260804-1928.jar -configuration c:\Users\jaimi\AppData\Roaming\Code\User\globalStorage\redhat.java\1.56.0\config_win -data c:\Users\jaimi\AppData\Roaming\Code\User\workspaceStorage\7b1695ebeb44925a89a06e7ce4c3f07f\redhat.java\jdt_ws --pipe=\\.\pipe\lsp-09ceb78936088a4bfd491b9b1f3beb44-sock

Host: Intel(R) Celeron(R) N4020 CPU @ 1.10GHz, 2 cores, 7G,  Windows 10 , 64 bit Build 19041 (10.0.19041.5915)
Time: Wed Sep 30 15:06:35 2026 South Africa Standard Time elapsed time: 6266.402309 seconds (0d 1h 44m 26s)

---------------  T H R E A D  ---------------

Current thread (0x000001a69abbad40):  JavaThread "Java indexing" daemon [_thread_in_vm, id=9220, stack(0x0000002ee8b00000,0x0000002ee8c00000) (1024K)]

Stack: [0x0000002ee8b00000,0x0000002ee8c00000]
Native frames: (J=compiled Java code, j=interpreted, Vv=VM code, C=native code)
V  [jvm.dll+0x6d83e9]
V  [jvm.dll+0x8b5736]
V  [jvm.dll+0x8b7cee]
V  [jvm.dll+0x8b83d3]
V  [jvm.dll+0x284596]
V  [jvm.dll+0x6c2654]
V  [jvm.dll+0x70f4c2]
V  [jvm.dll+0x70ef11]
V  [jvm.dll+0x70ee7d]
V  [jvm.dll+0x70eff4]
V  [jvm.dll+0x6e5816]
V  [jvm.dll+0x6e58d9]
V  [jvm.dll+0x6e651e]
V  [jvm.dll+0x667ac0]
V  [jvm.dll+0x2438e2]
V  [jvm.dll+0xd091b]
V  [jvm.dll+0x1a9ae4]
C  0x000001a643a30476

The last pc belongs to new_object_array Runtime1 stub (printed below).
Java frames: (J=compiled Java code, j=interpreted, Vv=VM code)
v  ~RuntimeStub::new_object_array Runtime1 stub 0x000001a643a30476
J 7503 c1 org.eclipse.jdt.internal.compiler.util.HashtableOfObject.<init>(I)V (78 bytes) @ 0x000001a63d4188fd [0x000001a63d4184a0+0x000000000000045d]
J 12440 c1 org.eclipse.jdt.internal.core.index.DiskIndex.readCategoryTable([CZ)Lorg/eclipse/jdt/internal/compiler/util/HashtableOfObject; (743 bytes) @ 0x000001a63e20f5b4 [0x000001a63e20ee40+0x0000000000000774]
J 12846 c1 org.eclipse.jdt.internal.core.index.DiskIndex.addQueryResults([[C[CILorg/eclipse/jdt/internal/core/index/MemoryIndex;)Lorg/eclipse/jdt/internal/compiler/util/HashtableOfObject; (727 bytes) @ 0x000001a63e348bcc [0x000001a63e3489e0+0x00000000000001ec]
J 12850 c1 org.eclipse.jdt.internal.core.index.Index.query([[C[CI)[Lorg/eclipse/jdt/internal/core/index/EntryResult; (203 bytes) @ 0x000001a63e34f1dc [0x000001a63e34e980+0x000000000000085c]
j  org.eclipse.jdt.internal.core.index.Index.getMetaIndexQualifications()Ljava/util/List;+62
j  org.eclipse.jdt.internal.core.search.indexing.IndexManager$MetaIndexUpdateRequest.execute(Lorg/eclipse/core/runtime/IProgressMonitor;)Z+136
j  org.eclipse.jdt.internal.core.search.processing.JobManager.indexerLoop()V+269
j  org.eclipse.jdt.internal.core.search.processing.JobManager$$Lambda+0x000001a6563951e0.run()V+4
j  java.lang.Thread.runWith(Ljava/lang/Object;Ljava/lang/Runnable;)V+5 java.base@21.0.12.1
j  java.lang.Thread.run()V+19 java.base@21.0.12.1
v  ~StubRoutines::call_stub 0x000001a6439c1015
--------------------------------------------------------------------------------
Decoding CodeBlob, name: new_object_array Runtime1 stub, at  [0x000001a643a30380, 0x000001a643a30598]  536 bytes
[MachCode]
  0x000001a643a30380: 5548 8bec | 4881 ec80 | 0000 0048 | 8944 2478 | 4889 4c24 | 7048 8954 | 2468 4889 | 5c24 6048 
  0x000001a643a303a0: 896c 2450 | 4889 7424 | 4848 897c | 2440 4c89 | 4424 384c | 894c 2430 | 4c89 5424 | 284c 895c 
  0x000001a643a303c0: 2420 4c89 | 6424 184c | 896c 2410 | 4c89 7424 | 084c 893c | 2448 81ec | 1004 0000 | f20f 1144 
  0x000001a643a303e0: 2428 f20f | 114c 2430 | f20f 1154 | 2438 f20f | 115c 2440 | f20f 1164 | 2448 f20f | 116c 2450 
  0x000001a643a30400: f20f 1174 | 2458 f20f | 117c 2460 | f244 0f11 | 4424 68f2 | 440f 114c | 2470 f244 | 0f11 5424 
  0x000001a643a30420: 78f2 440f | 119c 2480 | 0000 00f2 | 440f 11a4 | 2488 0000 | 00f2 440f | 11ac 2490 | 0000 00f2 
  0x000001a643a30440: 440f 11b4 | 2498 0000 | 00f2 440f | 11bc 24a0 | 0000 0048 | 8bd2 4c8b | c349 8bcf | 4989 afb0 
  0x000001a643a30460: 0300 0049 | 89a7 a003 | 0000 48b8 | 609a d9f2 | fc7f 0000 | ffd0 49c7 | 87a0 0300 | 0000 0000 
  0x000001a643a30480: 0049 c787 | b003 0000 | 0000 0000 | 49c7 87a8 | 0300 0000 | 0000 0049 | 837f 0800 | 0f84 1400 
  0x000001a643a304a0: 0000 498b | 4708 49c7 | 87f8 0300 | 0000 0000 | 00e9 ca1c | 0000 498b | 87f8 0300 | 0049 c787 
  0x000001a643a304c0: f803 0000 | 0000 0000 | f20f 1044 | 2428 f20f | 104c 2430 | f20f 1054 | 2438 f20f | 105c 2440 
  0x000001a643a304e0: f20f 1064 | 2448 f20f | 106c 2450 | f20f 1074 | 2458 f20f | 107c 2460 | f244 0f10 | 4424 68f2 
  0x000001a643a30500: 440f 104c | 2470 f244 | 0f10 5424 | 78f2 440f | 109c 2480 | 0000 00f2 | 440f 10a4 | 2488 0000 
  0x000001a643a30520: 00f2 440f | 10ac 2490 | 0000 00f2 | 440f 10b4 | 2498 0000 | 00f2 440f | 10bc 24a0 | 0000 0048 
  0x000001a643a30540: 81c4 1004 | 0000 4c8b | 3c24 4c8b | 7424 084c | 8b6c 2410 | 4c8b 6424 | 184c 8b5c | 2420 4c8b 
  0x000001a643a30560: 5424 284c | 8b4c 2430 | 4c8b 4424 | 3848 8b7c | 2440 488b | 7424 4848 | 8b6c 2450 | 488b 5c24 
  0x000001a643a30580: 6048 8b54 | 2468 488b | 4c24 7048 | 81c4 8000 | 0000 c9c3 | 0f1f 4000 
[/MachCode]
--------------------------------------------------------------------------------


Compiled method (c1) 6266456 7503       3       org.eclipse.jdt.internal.compiler.util.HashtableOfObject::<init> (78 bytes)
 total in heap  [0x000001a63d418290,0x000001a63d418b78] = 2280
 relocation     [0x000001a63d4183f0,0x000001a63d418478] = 136
 constants      [0x000001a63d418480,0x000001a63d4184a0] = 32
 main code      [0x000001a63d4184a0,0x000001a63d418990] = 1264
 stub code      [0x000001a63d418990,0x000001a63d4189f8] = 104
 oops           [0x000001a63d4189f8,0x000001a63d418a00] = 8
 metadata       [0x000001a63d418a00,0x000001a63d418a10] = 16
 scopes data    [0x000001a63d418a10,0x000001a63d418a90] = 128
 scopes pcs     [0x000001a63d418a90,0x000001a63d418b60] = 208
 dependencies   [0x000001a63d418b60,0x000001a63d418b68] = 8
 nul chk table  [0x000001a63d418b68,0x000001a63d418b78] = 16


[Constant Pool]
             Address          hex4                    hex8      
  0x000001a63d418480:   0x3fe00000      0xf4f4f4f43fe00000      
  0x000001a63d418484:   0xf4f4f4f4                              
  0x000001a63d418488:   0xf4f4f4f4      0xf4f4f4f4f4f4f4f4      
  0x000001a63d41848c:   0xf4f4f4f4                              
  0x000001a63d418490:   0xf4f4f4f4      0xf4f4f4f4f4f4f4f4      
  0x000001a63d418494:   0xf4f4f4f4                              
  0x000001a63d418498:   0xf4f4f4f4      0xf4f4f4f4f4f4f4f4      
  0x000001a63d41849c:   0xf4f4f4f4                              

[MachCode]
[Entry Point]
  # {method} {0x000001a69875e600} '<init>' '(I)V' in 'org/eclipse/jdt/internal/compiler/util/HashtableOfObject'
  # this:     rdx:rdx   = 'org/eclipse/jdt/internal/compiler/util/HashtableOfObject'
  # parm0:    r8        = int
  #           [sp+0x50]  (sp of caller)
  0x000001a63d4184a0: ;   {no_reloc}
  0x000001a63d4184a0: 448b 5208 | 49bb 0000 | 0055 a601 | 0000 4d03 | d34c 3bd0 

  0x000001a63d4184b4: ;   {runtime_call ic_miss_stub}
  0x000001a63d4184b4: 0f85 c65f | 5f06 660f | 1f44 0000 
[Verified Entry Point]
  0x000001a63d4184c0: 8984 2400 | 80ff ff55 | 4883 ec40 | 4181 7f20 | 0400 0000 

  0x000001a63d4184d4: ;   {runtime_call StubRoutines (final stubs)}
  0x000001a63d4184d4: 7405 e8e5 

  0x000001a63d4184d8: ;   {metadata(method data for {method} {0x000001a69875e600} '<init>' '(I)V' in 'org/eclipse/jdt/internal/compiler/util/HashtableOfObject')}
  0x000001a63d4184d8: 045e 0648 | be00 8011 | 99a6 0100 | 008b becc | 0000 0083 | c702 89be | cc00 0000 | 81e7 fe07 
  0x000001a63d4184f8: 0000 85ff | 0f84 b403 | 0000 488b 

  0x000001a63d418504: ;   {metadata(method data for {method} {0x000001a69875e600} '<init>' '(I)V' in 'org/eclipse/jdt/internal/compiler/util/HashtableOfObject')}
  0x000001a63d418504: f248 bf00 | 8011 99a6 | 0100 0048 | 8387 1001 

  0x000001a63d418514: ;   {metadata(method data for {method} {0x000001a655474aa8} '<init>' '()V' in 'java/lang/Object')}
  0x000001a63d418514: 0000 0148 | be90 6700 | 96a6 0100 | 008b becc | 0000 0083 | c702 89be | cc00 0000 | 81e7 feff 
  0x000001a63d418534: 1f00 85ff | 0f84 9903 | 0000 4585 

  0x000001a63d418540: ;   {metadata(method data for {method} {0x000001a69875e600} '<init>' '(I)V' in 'org/eclipse/jdt/internal/compiler/util/HashtableOfObject')}
  0x000001a63d418540: c048 be00 | 8011 99a6 | 0100 0048 | c7c7 3001 | 0000 7c07 | 48c7 c720 | 0100 0048 | 8b1c 3e48 
  0x000001a63d418560: 8d5b 0148 | 891c 3e0f | 8c62 0200 | 0044 8942 | 10f3 410f 

  0x000001a63d418574: ;   {section_word}
  0x000001a63d418574: 2ac0 f30f | 5905 02ff | ffff f30f | 2cf0 81fe | 0000 0080 | 750f 4883 | ec08 f30f 

  0x000001a63d418590: ;   {runtime_call StubRoutines (initial stubs)}
  0x000001a63d418590: 1104 24e8 | 7f8b 5a06 | 5e44 3bc6 

  0x000001a63d41859c: ;   {metadata(method data for {method} {0x000001a69875e600} '<init>' '(I)V' in 'org/eclipse/jdt/internal/compiler/util/HashtableOfObject')}
  0x000001a63d41859c: 48bf 0080 | 1199 a601 | 0000 48c7 | c370 0100 | 0075 0748 | c7c3 8001 | 0000 488b | 041f 488d 
  0x000001a63d4185bc: 4001 4889 | 041f 0f85 | 0200 0000 | ffc6 83fe 

  0x000001a63d4185cc: ;   {metadata(method data for {method} {0x000001a69875e600} '<init>' '(I)V' in 'org/eclipse/jdt/internal/compiler/util/HashtableOfObject')}
  0x000001a63d4185cc: 0148 bf00 | 8011 99a6 | 0100 0048 | c7c3 9001 | 0000 7c07 | 48c7 c3a0 | 0100 0048 | 8b04 1f48 
  0x000001a63d4185ec: 8d40 0148 | 8904 1f0f | 8c3d 0000 | 0081 fefd 

  0x000001a63d4185fc: ;   {metadata(method data for {method} {0x000001a69875e600} '<init>' '(I)V' in 'org/eclipse/jdt/internal/compiler/util/HashtableOfObject')}
  0x000001a63d4185fc: ffff 7f48 | bf00 8011 | 99a6 0100 | 0048 c7c3 | c001 0000 | 7f07 48c7 | c3b0 0100 | 0048 8b04 
  0x000001a63d41861c: 1f48 8d40 | 0148 8904 | 1f0f 8f0b | 0000 004c | 8bc6 4c8b | cae9 3600 | 0000 4889 

  0x000001a63d418638: ;   {metadata(method data for {method} {0x000001a69875e600} '<init>' '(I)V' in 'org/eclipse/jdt/internal/compiler/util/HashtableOfObject')}
  0x000001a63d418638: 5424 2848 | be00 8011 | 99a6 0100 | 0048 8386 | d001 0000 | 0149 8bd0 | 0f1f 8000 

  0x000001a63d418654: ;   {static_call}
  0x000001a63d418654: 0000 00e8 

  0x000001a63d418658: ; ImmutableOopMap {[40]=Oop }
                      ;*invokestatic calculateNewSize {reexecute=0 rethrow=0 return_oop=0}
                      ; - org.eclipse.jdt.internal.compiler.util.HashtableOfObject::<init>@57 (line 54)
  0x000001a63d418658: 444b f400 

  0x000001a63d41865c: ;   {other}
  0x000001a63d41865c: 0f1f 8400 | cc03 0000 | 4c8b c04c | 8b4c 2428 

  0x000001a63d41866c: ;   {metadata({type array char}[])}
  0x000001a63d41866c: 498b d848 | ba30 b50d | 56a6 0100 | 0048 63db | 488b fb48 | 81fb ffff | ff00 0f87 | 6c02 0000 
  0x000001a63d41868c: 48c7 c617 | 0000 0048 | 8d34 9e48 | 83e6 f849 | 8b87 b801 | 0000 488d | 3430 493b | b7c8 0100 
  0x000001a63d4186ac: 000f 8745 | 0200 0049 | 89b7 b801 | 0000 482b | f048 c700 | 0100 0000 | 488b ca49 | ba00 0000 
  0x000001a63d4186cc: 55a6 0100 | 0049 2bca | 8948 0889 | 580c 4883 | ee10 4885 | f60f 8411 | 0000 0048 | 33db 48c1 
  0x000001a63d4186ec: ee03 4889 | 5cf0 0848 | ffce 75f6 | 4c8b d049 | c1ea 0345 | 8951 1449 | 8d19 48c1 | eb09 49bb 
  0x000001a63d41870c: 0000 c947 | a601 0000 | 42c6 041b | 0049 8bd8 

  0x000001a63d41871c: ;   {metadata('java/lang/Object'[])}
  0x000001a63d41871c: 48ba 7012 | 0055 a601 | 0000 4863 | db48 8bfb | 4881 fbff | ffff 000f | 87c9 0100 | 0048 c7c6 
  0x000001a63d41873c: 1700 0000 | 488d 349e | 4883 e6f8 | 498b 87b8 | 0100 0048 | 8d34 3049 | 3bb7 c801 | 0000 0f87 
  0x000001a63d41875c: a201 0000 | 4989 b7b8 | 0100 0048 | 2bf0 48c7 | 0001 0000 | 0048 8bca | 49ba 0000 | 0055 a601 
  0x000001a63d41877c: 0000 492b | ca89 4808 | 8958 0c48 | 83ee 1048 | 85f6 0f84 | 1100 0000 | 4833 db48 | c1ee 0348 
  0x000001a63d41879c: 895c f008 | 48ff ce75 | f64c 8bd0 | 49c1 ea03 | 4589 5118 | 498d 1148 | c1ea 0942 | c604 1a00 
  0x000001a63d4187bc: 4883 c440 

  0x000001a63d4187c0: ;   {poll_return}
  0x000001a63d4187c0: 5d49 3ba7 | 5004 0000 | 0f87 3e01 | 0000 c390 

  0x000001a63d4187d0: ;   {no_reloc}
  0x000001a63d4187d0: e95c 0100 | 0000 0000 | 0000 80ba | 3101 0000 | 040f 8559 | 0100 0049 | 8b87 b801 | 0000 488d 
  0x000001a63d4187f0: 7828 493b | bfc8 0100 | 000f 8741 | 0100 0049 | 89bf b801 | 0000 48c7 | 0001 0000 | 0048 8bca 
  0x000001a63d418810: 49ba 0000 | 0055 a601 | 0000 492b | ca89 4808 | 4833 c989 | 480c 4833 | c948 8948 | 1048 8948 
  0x000001a63d418830: 1848 8948 | 2066 6690 

  0x000001a63d418838: ;   {no_reloc}
  0x000001a63d418838: e91f 0100 | 0090 9090 | 9090 498b | d04c 8bc6 | 4889 4424 

  0x000001a63d41884c: ;   {static_call}
  0x000001a63d41884c: 3066 90e8 

  0x000001a63d418850: ; ImmutableOopMap {[48]=Oop }
                      ;*invokedynamic {reexecute=0 rethrow=0 return_oop=0}
                      ; - org.eclipse.jdt.internal.compiler.util.HashtableOfObject::<init>@13 (line 45)
  0x000001a63d418850: 2c65 5f06 

  0x000001a63d418854: ;   {other}
  0x000001a63d418854: 0f1f 8400 | c405 0001 

  0x000001a63d41885c: ;   {metadata(method data for {method} {0x000001a69875e600} '<init>' '(I)V' in 'org/eclipse/jdt/internal/compiler/util/HashtableOfObject')}
  0x000001a63d41885c: 49b8 0080 | 1199 a601 | 0000 4d8d | 8050 0100 | 0048 85c0 | 750b 41f6 | 0001 7505 | f049 8308 
  0x000001a63d41887c: 014c 8b44 

  0x000001a63d418880: ;   {metadata(method data for {method} {0x000001a69875e600} '<init>' '(I)V' in 'org/eclipse/jdt/internal/compiler/util/HashtableOfObject')}
  0x000001a63d418880: 2430 48ba | 0080 1199 | a601 0000 | 4883 8260 | 0100 0001 | 4c8b c048 | 8b54 2430 

  0x000001a63d41889c: ;   {optimized virtual_call}
  0x000001a63d41889c: 6666 90e8 

  0x000001a63d4188a0: ; ImmutableOopMap {[48]=Oop }
                      ;*invokespecial <init> {reexecute=0 rethrow=0 return_oop=0}
                      ; - org.eclipse.jdt.internal.compiler.util.HashtableOfObject::<init>@18 (line 45)
  0x000001a63d4188a0: dc5e 5f06 

  0x000001a63d4188a4: ;   {other}
  0x000001a63d4188a4: 0f1f 8400 | 1406 0002 | 488b 4424 | 30e9 cd00 

  0x000001a63d4188b4: ;   {metadata({method} {0x000001a69875e600} '<init>' '(I)V' in 'org/eclipse/jdt/internal/compiler/util/HashtableOfObject')}
  0x000001a63d4188b4: 0000 49ba | f8e5 7598 | a601 0000 | 4c89 5424 | 0848 c704 | 24ff ffff 

  0x000001a63d4188cc: ;   {runtime_call counter_overflow Runtime1 stub}
  0x000001a63d4188cc: ffe8 2ec9 

  0x000001a63d4188d0: ; ImmutableOopMap {rdx=Oop }
                      ;*synchronization entry
                      ; - org.eclipse.jdt.internal.compiler.util.HashtableOfObject::<init>@-1 (line 43)
  0x000001a63d4188d0: 6a06 e92b 

  0x000001a63d4188d4: ;   {metadata({method} {0x000001a655474aa8} '<init>' '()V' in 'java/lang/Object')}
  0x000001a63d4188d4: fcff ff49 | baa0 4a47 | 55a6 0100 | 004c 8954 | 2408 48c7 | 0424 ffff 

  0x000001a63d4188ec: ;   {runtime_call counter_overflow Runtime1 stub}
  0x000001a63d4188ec: ffff e80d 

  0x000001a63d4188f0: ; ImmutableOopMap {rdx=Oop }
                      ;*synchronization entry
                      ; - java.lang.Object::<init>@-1
                      ; - org.eclipse.jdt.internal.compiler.util.HashtableOfObject::<init>@1 (line 43)
  0x000001a63d4188f0: c96a 06e9 | 46fc ffff 

  0x000001a63d4188f8: ;   {runtime_call new_object_array Runtime1 stub}
  0x000001a63d4188f8: e883 7a61 

  0x000001a63d4188fc: ; ImmutableOopMap {r9=Oop }
                      ;*anewarray {reexecute=0 rethrow=0 return_oop=0}
                      ; - org.eclipse.jdt.internal.compiler.util.HashtableOfObject::<init>@63 (line 56)
  0x000001a63d4188fc: 06e9 f6fd 

  0x000001a63d418900: ;   {runtime_call new_object_array Runtime1 stub}
  0x000001a63d418900: ffff e879 

  0x000001a63d418904: ; ImmutableOopMap {r9=Oop }
                      ;*anewarray {reexecute=0 rethrow=0 return_oop=0}
                      ; - org.eclipse.jdt.internal.compiler.util.HashtableOfObject::<init>@71 (line 57)
  0x000001a63d418904: 7a61 06e9 | 99fe ffff 

  0x000001a63d41890c: ;   {internal_word}
  0x000001a63d41890c: 49ba c187 | 413d a601 | 0000 4d89 | 9768 0400 

  0x000001a63d41891c: ;   {runtime_call SafepointBlob}
  0x000001a63d41891c: 00e9 5ebd 

  0x000001a63d418920: ;   {metadata(nullptr)}
  0x000001a63d418920: 5f06 48ba | 0000 0000 | 0000 0000 | b800 0f05 

  0x000001a63d418930: ;   {runtime_call load_klass_patching Runtime1 stub}
  0x000001a63d418930: 0ae8 4ab8 

  0x000001a63d418934: ; ImmutableOopMap {}
                      ;*new {reexecute=1 rethrow=0 return_oop=0}
                      ; - (reexecute) org.eclipse.jdt.internal.compiler.util.HashtableOfObject::<init>@8 (line 45)
  0x000001a63d418934: 6a06 e995 

  0x000001a63d418938: ;   {runtime_call throw_null_pointer_exception Runtime1 stub}
  0x000001a63d418938: feff ffe8 

  0x000001a63d41893c: ; ImmutableOopMap {}
                      ;*new {reexecute=0 rethrow=0 return_oop=0}
                      ; - org.eclipse.jdt.internal.compiler.util.HashtableOfObject::<init>@8 (line 45)
  0x000001a63d41893c: 408c 6106 

  0x000001a63d418940: ;   {runtime_call fast_new_instance_init_check Runtime1 stub}
  0x000001a63d418940: 488b d2e8 

  0x000001a63d418944: ; ImmutableOopMap {}
                      ;*new {reexecute=0 rethrow=0 return_oop=0}
                      ; - org.eclipse.jdt.internal.compiler.util.HashtableOfObject::<init>@8 (line 45)
  0x000001a63d418944: 3880 6106 | e9e8 feff | ff48 be00 | 0000 0000 | 0000 00b8 | 000f 050a 

  0x000001a63d41895c: ;   {runtime_call load_appendix_patching Runtime1 stub}
  0x000001a63d41895c: e81f c16a 

  0x000001a63d418960: ; ImmutableOopMap {rax=Oop }
                      ;*invokedynamic {reexecute=1 rethrow=0 return_oop=0}
                      ; - (reexecute) org.eclipse.jdt.internal.compiler.util.HashtableOfObject::<init>@13 (line 45)
  0x000001a63d418960: 06e9 d2fe | ffff 498b | 8700 0500 | 0049 c787 | 0005 0000 | 0000 0000 | 49c7 8708 | 0500 0000 
  0x000001a63d418980: 0000 0048 | 83c4 405d 

  0x000001a63d418988: ;   {runtime_call unwind_exception Runtime1 stub}
  0x000001a63d418988: e9f3 9a61 | 06f4 f4f4 
[Stub Code]
  0x000001a63d418990: ;   {no_reloc}
  0x000001a63d418990: 0f1f 4400 

  0x000001a63d418994: ;   {static_stub}
  0x000001a63d418994: 0048 bb00 | 0000 0000 

  0x000001a63d41899c: ;   {runtime_call nmethod}
  0x000001a63d41899c: 0000 00e9 | fbff ffff 

  0x000001a63d4189a4: ;   {static_stub}
  0x000001a63d4189a4: 9048 bb00 | 0000 0000 

  0x000001a63d4189ac: ;   {runtime_call nmethod}
  0x000001a63d4189ac: 0000 00e9 | fbff ffff 

  0x000001a63d4189b4: ;   {static_stub}
  0x000001a63d4189b4: 48bb 0000 | 0000 0000 

  0x000001a63d4189bc: ;   {runtime_call nmethod}
  0x000001a63d4189bc: 0000 e9fb 

  0x000001a63d4189c0: ;   {runtime_call handle_exception_from_callee Runtime1 stub}
  0x000001a63d4189c0: ffff ffe8 | b86d 6106 

  0x000001a63d4189c8: ;   {external_word}
  0x000001a63d4189c8: 48b9 5063 | 5ff3 fc7f | 0000 4883 

  0x000001a63d4189d4: ;   {runtime_call}
  0x000001a63d4189d4: e4f0 48b8 | c0c9 21f3 | fc7f 0000 

  0x000001a63d4189e0: ;   {section_word}
  0x000001a63d4189e0: ffd0 f449 | bae3 8941 | 3da6 0100 

  0x000001a63d4189ec: ;   {runtime_call DeoptimizationBlob}
  0x000001a63d4189ec: 0041 52e9 | acb5 5f06 | f4f4 f4f4 
[/MachCode]


Compiled method (c1) 6266500 12440  s!   3       org.eclipse.jdt.internal.core.index.DiskIndex::readCategoryTable (743 bytes)
 total in heap  [0x000001a63e20e790,0x000001a63e215008] = 26744
 relocation     [0x000001a63e20e8f0,0x000001a63e20ee38] = 1352
 main code      [0x000001a63e20ee40,0x000001a63e212d98] = 16216
 stub code      [0x000001a63e212d98,0x000001a63e212fc0] = 552
 oops           [0x000001a63e212fc0,0x000001a63e212fe0] = 32
 metadata       [0x000001a63e212fe0,0x000001a63e213090] = 176
 scopes data    [0x000001a63e213090,0x000001a63e213f10] = 3712
 scopes pcs     [0x000001a63e213f10,0x000001a63e214730] = 2080
 dependencies   [0x000001a63e214730,0x000001a63e214768] = 56
 handler table  [0x000001a63e214768,0x000001a63e214ee8] = 1920
 nul chk table  [0x000001a63e214ee8,0x000001a63e215008] = 288

[Constant Pool (empty)]

[MachCode]
[Entry Point]
  # {method} {0x000001a698749330} 'readCategoryTable' '([CZ)Lorg/eclipse/jdt/internal/compiler/util/HashtableOfObject;' in 'org/eclipse/jdt/internal/core/index/DiskIndex'
  # this:     rdx:rdx   = 'org/eclipse/jdt/internal/core/index/DiskIndex'
  # parm0:    r8:r8     = '[C'
  # parm1:    r9        = boolean
  #           [sp+0x1f0]  (sp of caller)
  0x000001a63e20ee40: 448b 5208 | 49bb 0000 | 0055 a601 | 0000 4d03 | d34c 3bd0 

  0x000001a63e20ee54: ;   {runtime_call ic_miss_stub}
  0x000001a63e20ee54: 0f85 26f6 | 7f05 660f | 1f44 0000 
[Verified Entry Point]
  0x000001a63e20ee60: 8984 2400 | 80ff ff55 | 4881 ece0 | 0100 0090 | 4181 7f20 | 0400 0000 

  0x000001a63e20ee78: ;   {runtime_call StubRoutines (final stubs)}
  0x000001a63e20ee78: 7405 e841 | 9b7e 0548 | 8994 2488 | 0000 0044 | 898c 2498 | 0000 0048 | 8db4 24c0 | 0100 0048 
  0x000001a63e20ee98: 8956 0848 | 8b02 4883 | c801 4889 | 06f0 480f | b132 0f84 | 1200 0000 | 482b c448 | 2507 f0ff 
  0x000001a63e20eeb8: ff48 8906 | 0f85 282e | 0000 49ff | 8750 0500 

  0x000001a63e20eec8: ;   {metadata(method data for {method} {0x000001a698749330} 'readCategoryTable' '([CZ)Lorg/eclipse/jdt/internal/compiler/util/HashtableOfObject;' in 'org/eclipse/jdt/internal/core/index/DiskIndex')}
  0x000001a63e20eec8: 0048 bed8 | dba9 99a6 | 0100 008b | becc 0000 | 0083 c702 | 89be cc00 | 0000 81e7 | fe07 0000 
  0x000001a63e20eee8: 85ff 0f84 | 0d2e 0000 | 8b72 3c48 | c1e6 0348 | 3b06 488b 

  0x000001a63e20eefc: ;   {metadata(method data for {method} {0x000001a698749330} 'readCategoryTable' '([CZ)Lorg/eclipse/jdt/internal/compiler/util/HashtableOfObject;' in 'org/eclipse/jdt/internal/core/index/DiskIndex')}
  0x000001a63e20eefc: fe48 bbd8 | dba9 99a6 | 0100 0048 | 8383 1001 | 0000 0149 | 8bf8 4c8b | c748 8bd6 | 4889 bc24 
  0x000001a63e20ef1c: 9000 0000 | 0f1f 8000 

  0x000001a63e20ef24: ;   {optimized virtual_call}
  0x000001a63e20ef24: 0000 00e8 

  0x000001a63e20ef28: ; ImmutableOopMap {[136]=Oop [144]=Oop [456]=Oop }
                      ;*invokevirtual get {reexecute=0 rethrow=0 return_oop=0}
                      ; - org.eclipse.jdt.internal.core.index.DiskIndex::readCategoryTable@5 (line 660)
  0x000001a63e20ef28: 745b 2800 

  0x000001a63e20ef2c: ;   {other}
  0x000001a63e20ef2c: 0f1f 8400 | 9c07 0000 | 8984 249c | 0000 003d | 0000 0080 

  0x000001a63e20ef40: ;   {metadata(method data for {method} {0x000001a698749330} 'readCategoryTable' '([CZ)Lorg/eclipse/jdt/internal/compiler/util/HashtableOfObject;' in 'org/eclipse/jdt/internal/core/index/DiskIndex')}
  0x000001a63e20ef40: 48ba d8db | a999 a601 | 0000 48c7 | c658 0100 | 0074 0748 | c7c6 4801 | 0000 488b | 3c32 488d 
  0x000001a63e20ef60: 7f01 4889 | 3c32 0f84 | e317 0000 | 488b 9424 | 8800 0000 | 8b72 4848 | c1e6 0348 

  0x000001a63e20ef7c: ;   {metadata(method data for {method} {0x000001a698749330} 'readCategoryTable' '([CZ)Lorg/eclipse/jdt/internal/compiler/util/HashtableOfObject;' in 'org/eclipse/jdt/internal/core/index/DiskIndex')}
  0x000001a63e20ef7c: 85f6 48bf | d8db a999 | a601 0000 | 48c7 c168 | 0100 0075 | 0748 c7c1 | 7801 0000 | 4c8b 040f 
  0x000001a63e20ef9c: 4d8d 4001 | 4c89 040f | 0f85 d100 

  0x000001a63e20efa8: ;   {metadata('org/eclipse/jdt/internal/compiler/util/HashtableOfObject')}
  0x000001a63e20efa8: 0000 48ba | 1002 5256 | a601 0000 | 498b 87b8 | 0100 0048 | 8d78 2049 | 3bbf c801 | 0000 0f87 
  0x000001a63e20efc8: 572d 0000 | 4989 bfb8 | 0100 0048 | c700 0100 | 0000 488b | ca49 ba00 | 0000 55a6 | 0100 0049 
  0x000001a63e20efe8: 2bca 8948 | 0848 33c9 | 8948 0c48 | 33c9 4889 | 4810 4889 | 4818 4c8b 

  0x000001a63e20f000: ;   {metadata(method data for {method} {0x000001a698749330} 'readCategoryTable' '([CZ)Lorg/eclipse/jdt/internal/compiler/util/HashtableOfObject;' in 'org/eclipse/jdt/internal/core/index/DiskIndex')}
  0x000001a63e20f000: c048 bad8 | dba9 99a6 | 0100 0048 | 8382 8801 | 0000 0141 | b803 0000 | 0048 8bd0 | 4889 8424 
  0x000001a63e20f020: a000 0000 

  0x000001a63e20f024: ;   {optimized virtual_call}
  0x000001a63e20f024: 6666 90e8 

  0x000001a63e20f028: ; ImmutableOopMap {[136]=Oop [144]=Oop [160]=Oop [456]=Oop }
                      ;*invokespecial <init> {reexecute=0 rethrow=0 return_oop=0}
                      ; - org.eclipse.jdt.internal.core.index.DiskIndex::readCategoryTable@31 (line 666)
  0x000001a63e20f028: 9494 20ff 

  0x000001a63e20f02c: ;   {other}
  0x000001a63e20f02c: 0f1f 8400 | 9c08 0001 | 488b 8424 | a000 0000 | 488b 9424 | 8800 0000 | 4c8b d049 | c1ea 0344 
  0x000001a63e20f04c: 8952 484c | 8d02 49c1 | e809 48be | 0000 c947 | a601 0000 | 41c6 0430 

  0x000001a63e20f064: ;   {metadata(method data for {method} {0x000001a698749330} 'readCategoryTable' '([CZ)Lorg/eclipse/jdt/internal/compiler/util/HashtableOfObject;' in 'org/eclipse/jdt/internal/core/index/DiskIndex')}
  0x000001a63e20f064: 0049 b8d8 | dba9 99a6 | 0100 0041 | ff80 9801 | 0000 e95a | 0100 0048 | 3b06 4c8b 

  0x000001a63e20f080: ;   {metadata(method data for {method} {0x000001a698749330} 'readCategoryTable' '([CZ)Lorg/eclipse/jdt/internal/compiler/util/HashtableOfObject;' in 'org/eclipse/jdt/internal/core/index/DiskIndex')}
  0x000001a63e20f080: c648 bfd8 | dba9 99a6 | 0100 0048 | 8387 b001 | 0000 014c | 8b84 2490 | 0000 0048 

  0x000001a63e20f09c: ;   {optimized virtual_call}
  0x000001a63e20f09c: 8bd6 90e8 

  0x000001a63e20f0a0: ; ImmutableOopMap {[136]=Oop [144]=Oop [456]=Oop }
                      ;*invokevirtual get {reexecute=0 rethrow=0 return_oop=0}
                      ; - org.eclipse.jdt.internal.core.index.DiskIndex::readCategoryTable@45 (line 668)
  0x000001a63e20f0a0: bc71 1506 

  0x000001a63e20f0a4: ;   {other}
  0x000001a63e20f0a4: 0f1f 8400 | 1409 0002 | 4885 c075 

  0x000001a63e20f0b0: ;   {metadata(method data for {method} {0x000001a698749330} 'readCategoryTable' '([CZ)Lorg/eclipse/jdt/internal/compiler/util/HashtableOfObject;' in 'org/eclipse/jdt/internal/core/index/DiskIndex')}
  0x000001a63e20f0b0: 1648 bad8 | dba9 99a6 | 0100 0080 | 8ae1 0100 | 0001 e9cc 

  0x000001a63e20f0c4: ;   {metadata('org/eclipse/jdt/internal/compiler/util/HashtableOfObject')}
  0x000001a63e20f0c4: 0000 0048 | bf10 0252 | 56a6 0100 | 008b 5808 | 49ba 0000 | 0055 a601 | 0000 4903 | da48 3bfb 
  0x000001a63e20f0e4: 0f85 8d00 

  0x000001a63e20f0e8: ;   {metadata(method data for {method} {0x000001a698749330} 'readCategoryTable' '([CZ)Lorg/eclipse/jdt/internal/compiler/util/HashtableOfObject;' in 'org/eclipse/jdt/internal/core/index/DiskIndex')}
  0x000001a63e20f0e8: 0000 48ba | d8db a999 | a601 0000 | 8b78 0849 | ba00 0000 | 55a6 0100 | 0049 03fa | 483b baf8 
  0x000001a63e20f108: 0100 0075 | 0d48 8382 | 0002 0000 | 01e9 7900 | 0000 483b | ba08 0200 | 0075 0d48 | 8382 1002 
  0x000001a63e20f128: 0000 01e9 | 6300 0000 | 4883 baf8 | 0100 0000 | 7517 4889 | baf8 0100 | 0048 c782 | 0002 0000 
  0x000001a63e20f148: 0100 0000 | e942 0000 | 0048 83ba | 0802 0000 | 0075 1748 | 89ba 0802 | 0000 48c7 | 8210 0200 
  0x000001a63e20f168: 0001 0000 | 00e9 2100 | 0000 e91c 

  0x000001a63e20f174: ;   {metadata(method data for {method} {0x000001a698749330} 'readCategoryTable' '([CZ)Lorg/eclipse/jdt/internal/compiler/util/HashtableOfObject;' in 'org/eclipse/jdt/internal/core/index/DiskIndex')}
  0x000001a63e20f174: 0000 0048 | bad8 dba9 | 99a6 0100 | 0048 83aa | e801 0000 | 01e9 a72b | 0000 e900 | 0000 0048 
  0x000001a63e20f194: 8bf0 4889 | b424 0001 | 0000 4885 

  0x000001a63e20f1a0: ;   {metadata(method data for {method} {0x000001a698749330} 'readCategoryTable' '([CZ)Lorg/eclipse/jdt/internal/compiler/util/HashtableOfObject;' in 'org/eclipse/jdt/internal/core/index/DiskIndex')}
  0x000001a63e20f1a0: f648 bbd8 | dba9 99a6 | 0100 0048 | c7c2 3002 | 0000 7507 | 48c7 c220 | 0200 0048 | 8b3c 1348 
  0x000001a63e20f1c0: 8d7f 0148 | 893c 130f | 85b3 0f00 | 0048 8b94 | 2488 0000 

  0x000001a63e20f1d4: ;   {oop(a 'java/lang/Class'{0x0000000701574a08} = 'org/eclipse/jdt/internal/core/index/DiskIndex')}
  0x000001a63e20f1d4: 0048 bb08 | 4a57 0107 | 0000 008b | 9b88 0000 | 004c 8bc2 

  0x000001a63e20f1e8: ;   {metadata({type array byte})}
  0x000001a63e20f1e8: 48ba 1823 | 0055 a601 | 0000 4863 | db48 8bfb | 4881 fbff | ffff 000f | 8739 2b00 | 0048 c7c6 
  0x000001a63e20f208: 1700 0000 | 488d 341e | 4883 e6f8 | 498b 87b8 | 0100 0048 | 8d34 3049 | 3bb7 c801 | 0000 0f87 
  0x000001a63e20f228: 122b 0000 | 4989 b7b8 | 0100 0048 | 2bf0 48c7 | 0001 0000 | 0048 8bca | 49ba 0000 | 0055 a601 
  0x000001a63e20f248: 0000 492b | ca89 4808 | 8958 0c48 | 83ee 1048 | 85f6 0f84 | 1100 0000 | 4833 db48 | c1ee 0348 
  0x000001a63e20f268: 895c f008 | 48ff ce75 | f64c 8bd0 | 49c1 ea03 | 4589 5050 | 498d 1048 | c1ea 0948 | be00 00c9 
  0x000001a63e20f288: 47a6 0100 | 00c6 0432 | 0041 8b50 | 3448 c1e2 | 0348 3b02 

  0x000001a63e20f29c: ;   {metadata(method data for {method} {0x000001a698749330} 'readCategoryTable' '([CZ)Lorg/eclipse/jdt/internal/compiler/util/HashtableOfObject;' in 'org/eclipse/jdt/internal/core/index/DiskIndex')}
  0x000001a63e20f29c: 488b f248 | bfd8 dba9 | 99a6 0100 | 008b 7608 | 49ba 0000 | 0055 a601 | 0000 4903 | f248 3bb7 
  0x000001a63e20f2bc: 7003 0000 | 750d 4883 | 8778 0300 | 0001 e960 | 0000 0048 | 3bb7 8003 | 0000 750d | 4883 8788 
  0x000001a63e20f2dc: 0300 0001 | e94a 0000 | 0048 83bf | 7003 0000 | 0075 1748 | 89b7 7003 | 0000 48c7 | 8778 0300 
  0x000001a63e20f2fc: 0001 0000 | 00e9 2900 | 0000 4883 | bf80 0300 | 0000 7517 | 4889 b780 | 0300 0048 | c787 8803 
  0x000001a63e20f31c: 0000 0100 | 0000 e908 | 0000 0048 | 8387 6003 | 0000 0166 | 0f1f 4400 | 0048 b830 | bb16 9aa6 
  0x000001a63e20f33c: ;   {virtual_call}
  0x000001a63e20f33c: 0100 00e8 

  0x000001a63e20f340: ; ImmutableOopMap {[136]=Oop [144]=Oop [456]=Oop }
                      ;*invokevirtual getInputStream {reexecute=0 rethrow=0 return_oop=0}
                      ; - org.eclipse.jdt.internal.core.index.DiskIndex::readCategoryTable@149 (line 686)
  0x000001a63e20f340: 6de8 7f05 

  0x000001a63e20f344: ;   {other}
  0x000001a63e20f344: 0f1f 8400 | b40b 0003 | 4889 8424 | a800 0000 | 8bb4 249c | 0000 0048 | 3b00 4c8b 

  0x000001a63e20f360: ;   {metadata(method data for {method} {0x000001a698749330} 'readCategoryTable' '([CZ)Lorg/eclipse/jdt/internal/compiler/util/HashtableOfObject;' in 'org/eclipse/jdt/internal/core/index/DiskIndex')}
  0x000001a63e20f360: c048 bfd8 | dba9 99a6 | 0100 0045 | 8b40 0849 | ba00 0000 | 55a6 0100 | 004d 03c2 | 4c3b 87a8 
  0x000001a63e20f380: 0300 0075 | 0d48 8387 | b003 0000 | 01e9 6000 | 0000 4c3b | 87b8 0300 | 0075 0d48 | 8387 c003 
  0x000001a63e20f3a0: 0000 01e9 | 4a00 0000 | 4883 bfa8 | 0300 0000 | 7517 4c89 | 87a8 0300 | 0048 c787 | b003 0000 
  0x000001a63e20f3c0: 0100 0000 | e929 0000 | 0048 83bf | b803 0000 | 0075 174c | 8987 b803 | 0000 48c7 | 87c0 0300 
  0x000001a63e20f3e0: 0001 0000 | 00e9 0800 | 0000 4883 | 8798 0300 | 0001 4c63 | c648 8bd0 | 0f1f 4400 | 0048 b860 
  0x000001a63e20f400: b516 9aa6 

  0x000001a63e20f404: ;   {virtual_call}
  0x000001a63e20f404: 0100 00e8 

  0x000001a63e20f408: ; ImmutableOopMap {[136]=Oop [144]=Oop [168]=Oop [456]=Oop }
                      ;*invokevirtual skip {reexecute=0 rethrow=0 return_oop=0}
                      ; - org.eclipse.jdt.internal.core.index.DiskIndex::readCategoryTable@158 (line 687)
  0x000001a63e20f408: 295b 8005 

  0x000001a63e20f40c: ;   {other}
  0x000001a63e20f40c: 0f1f 8400 | 7c0c 0004 | 488b 9424 | 8800 0000 | c742 2400 | 0000 0044 | 8b42 5049 | c1e0 0341 
  0x000001a63e20f42c: 8b78 0c48 | 8b84 24a8 

  0x000001a63e20f434: ;   {metadata(method data for {method} {0x000001a698749330} 'readCategoryTable' '([CZ)Lorg/eclipse/jdt/internal/compiler/util/HashtableOfObject;' in 'org/eclipse/jdt/internal/core/index/DiskIndex')}
  0x000001a63e20f434: 0000 0049 | b9d8 dba9 | 99a6 0100 | 008b 4008 | 49ba 0000 | 0055 a601 | 0000 4903 | c249 3b81 
  0x000001a63e20f454: e003 0000 | 750d 4983 | 81e8 0300 | 0001 e960 | 0000 0049 | 3b81 f003 | 0000 750d | 4983 81f8 
  0x000001a63e20f474: 0300 0001 | e94a 0000 | 0049 83b9 | e003 0000 | 0075 1749 | 8981 e003 | 0000 49c7 | 81e8 0300 
  0x000001a63e20f494: 0001 0000 | 00e9 2900 | 0000 4983 | b9f0 0300 | 0000 7517 | 4989 81f0 | 0300 0049 | c781 f803 
  0x000001a63e20f4b4: 0000 0100 | 0000 e908 | 0000 0049 | 8381 d003 | 0000 0141 | b900 0000 | 0048 8b94 | 24a8 0000 
  0x000001a63e20f4d4: 0048 b840 | 1a01 55a6 

  0x000001a63e20f4dc: ;   {virtual_call}
  0x000001a63e20f4dc: 0100 00e8 

  0x000001a63e20f4e0: ; ImmutableOopMap {[136]=Oop [144]=Oop [168]=Oop [456]=Oop }
                      ;*invokevirtual read {reexecute=0 rethrow=0 return_oop=0}
                      ; - org.eclipse.jdt.internal.core.index.DiskIndex::readCategoryTable@180 (line 689)
  0x000001a63e20f4e0: 7c80 c5fe 

  0x000001a63e20f4e4: ;   {other}
  0x000001a63e20f4e4: 0f1f 8400 | 540d 0005 | 488b 9424 | 8800 0000 | 8942 284c 

  0x000001a63e20f4f8: ;   {metadata(method data for {method} {0x000001a698749330} 'readCategoryTable' '([CZ)Lorg/eclipse/jdt/internal/compiler/util/HashtableOfObject;' in 'org/eclipse/jdt/internal/core/index/DiskIndex')}
  0x000001a63e20f4f8: 8bc2 48be | d8db a999 | a601 0000 | 4883 8608 | 0400 0001 | 4c8b 8424 | a800 0000 | 488b f248 
  0x000001a63e20f518: 8bd6 0f1f 

  0x000001a63e20f51c: ;   {optimized virtual_call}
  0x000001a63e20f51c: 4400 00e8 

  0x000001a63e20f520: ; ImmutableOopMap {[136]=Oop [144]=Oop [168]=Oop [456]=Oop }
                      ;*invokevirtual readStreamInt {reexecute=0 rethrow=0 return_oop=0}
                      ; - org.eclipse.jdt.internal.core.index.DiskIndex::readCategoryTable@189 (line 690)
  0x000001a63e20f520: 1c00 1f06 

  0x000001a63e20f524: ;   {other}
  0x000001a63e20f524: 0f1f 8400 | 940d 0006 | 8984 24b0 

  0x000001a63e20f530: ;   {metadata('org/eclipse/jdt/internal/compiler/util/HashtableOfObject')}
  0x000001a63e20f530: 0000 0048 | ba10 0252 | 56a6 0100 | 0048 8bd8 | 498b 87b8 | 0100 0048 | 8d78 2049 | 3bbf c801 
  0x000001a63e20f550: 0000 0f87 | ff27 0000 | 4989 bfb8 | 0100 0048 | c700 0100 | 0000 488b | ca49 ba00 | 0000 55a6 
  0x000001a63e20f570: 0100 0049 | 2bca 8948 | 0848 33c9 | 8948 0c48 | 33c9 4889 | 4810 4889 | 4818 4889 | 8424 b800 
  0x000001a63e20f590: 0000 4c8b 

  0x000001a63e20f594: ;   {metadata(method data for {method} {0x000001a698749330} 'readCategoryTable' '([CZ)Lorg/eclipse/jdt/internal/compiler/util/HashtableOfObject;' in 'org/eclipse/jdt/internal/core/index/DiskIndex')}
  0x000001a63e20f594: c048 bad8 | dba9 99a6 | 0100 0048 | 8382 4004 | 0000 014c | 8bc3 488b 

  0x000001a63e20f5ac: ;   {optimized virtual_call}
  0x000001a63e20f5ac: d066 90e8 

  0x000001a63e20f5b0: ; ImmutableOopMap {[136]=Oop [144]=Oop [168]=Oop [184]=Oop [456]=Oop }
                      ;*invokespecial <init> {reexecute=0 rethrow=0 return_oop=0}
                      ; - org.eclipse.jdt.internal.core.index.DiskIndex::readCategoryTable@200 (line 692)
  0x000001a63e20f5b0: 0c8f 20ff 

  0x000001a63e20f5b4: ;   {other}
  0x000001a63e20f5b4: 0f1f 8400 | 240e 0007 

  0x000001a63e20f5bc: ;   {metadata(method data for {method} {0x000001a698749330} 'readCategoryTable' '([CZ)Lorg/eclipse/jdt/internal/compiler/util/HashtableOfObject;' in 'org/eclipse/jdt/internal/core/index/DiskIndex')}
  0x000001a63e20f5bc: 49b8 d8db | a999 a601 | 0000 41ff | 8050 0400 

  0x000001a63e20f5cc: ;   {metadata(method data for {method} {0x000001a698749330} 'readCategoryTable' '([CZ)Lorg/eclipse/jdt/internal/compiler/util/HashtableOfObject;' in 'org/eclipse/jdt/internal/core/index/DiskIndex')}
  0x000001a63e20f5cc: 0049 b8d8 | dba9 99a6 | 0100 0041 | ff80 f004 | 0000 be00 | 0000 00bf | ffff ffff | bb00 0000 
  0x000001a63e20f5ec: ;   {oop(nullptr)}
  0x000001a63e20f5ec: 0048 b800 | 0000 0000 | 0000 0089 | bc24 b400 | 0000 899c | 24c0 0000 | 0048 8984 | 24c8 0000 
  0x000001a63e20f60c: 0066 6690 | 8b84 24b0 | 0000 0048 | 8b94 2488 | 0000 003b | f041 b802 | 0000 007c | 0641 b800 
  0x000001a63e20f62c: ;   {metadata(method data for {method} {0x000001a698749330} 'readCategoryTable' '([CZ)Lorg/eclipse/jdt/internal/compiler/util/HashtableOfObject;' in 'org/eclipse/jdt/internal/core/index/DiskIndex')}
  0x000001a63e20f62c: 0000 0049 | bed8 dba9 | 99a6 0100 | 0041 8bbe | d000 0000 | 4103 f841 | 89be d000 | 0000 4585 
  0x000001a63e20f64c: c075 05bf | 0200 0000 | 81e7 fe3f | 0000 85ff | 0f84 0227 | 0000 4d8b | 9758 0400 

  0x000001a63e20f668: ; ImmutableOopMap {rdx=Oop [136]=Oop [144]=Oop [168]=Oop [184]=Oop [200]=Oop [456]=Oop }
                      ;*if_icmplt {reexecute=1 rethrow=0 return_oop=0}
                      ; - (reexecute) org.eclipse.jdt.internal.core.index.DiskIndex::readCategoryTable@387 (line 701)
                      ;   {poll}
  0x000001a63e20f668: 0041 8502 

  0x000001a63e20f66c: ;   {metadata(method data for {method} {0x000001a698749330} 'readCategoryTable' '([CZ)Lorg/eclipse/jdt/internal/compiler/util/HashtableOfObject;' in 'org/eclipse/jdt/internal/core/index/DiskIndex')}
  0x000001a63e20f66c: 3bf0 49b8 | d8db a999 | a601 0000 | 48c7 c7b8 | 0700 007d | 0748 c7c7 | a807 0000 | 4d8b 3438 
  0x000001a63e20f68c: 4d8d 7601 | 4d89 3438 | 0f8d d707 | 0000 89b4 | 24c4 0000 | 0048 8b84 | 24a8 0000 | 004c 8bc2 
  0x000001a63e20f6ac: ;   {metadata(method data for {method} {0x000001a698749330} 'readCategoryTable' '([CZ)Lorg/eclipse/jdt/internal/compiler/util/HashtableOfObject;' in 'org/eclipse/jdt/internal/core/index/DiskIndex')}
  0x000001a63e20f6ac: 49be d8db | a999 a601 | 0000 4983 | 8608 0500 | 0001 4c8b | c048 8bf2 

  0x000001a63e20f6c4: ;   {optimized virtual_call}
  0x000001a63e20f6c4: 488b d6e8 

  0x000001a63e20f6c8: ; ImmutableOopMap {[136]=Oop [144]=Oop [168]=Oop [184]=Oop [200]=Oop [456]=Oop }
                      ;*invokevirtual readStreamChars {reexecute=0 rethrow=0 return_oop=0}
                      ; - org.eclipse.jdt.internal.core.index.DiskIndex::readCategoryTable@263 (line 702)
  0x000001a63e20f6c8: 7473 7906 

  0x000001a63e20f6cc: ;   {other}
  0x000001a63e20f6cc: 0f1f 8400 | 3c0f 0009 | 488b 9424 | 8800 0000 

  0x000001a63e20f6dc: ;   {metadata(method data for {method} {0x000001a698749330} 'readCategoryTable' '([CZ)Lorg/eclipse/jdt/internal/compiler/util/HashtableOfObject;' in 'org/eclipse/jdt/internal/core/index/DiskIndex')}
  0x000001a63e20f6dc: 49b8 d8db | a999 a601 | 0000 4983 | 8040 0500 | 0001 4c8b | 8424 a800 | 0000 488b | 9424 8800 
  0x000001a63e20f6fc: 0000 4889 | 8424 d000 

  0x000001a63e20f704: ;   {optimized virtual_call}
  0x000001a63e20f704: 0000 90e8 

  0x000001a63e20f708: ; ImmutableOopMap {[136]=Oop [144]=Oop [168]=Oop [184]=Oop [200]=Oop [208]=Oop [456]=Oop }
                      ;*invokevirtual readStreamInt {reexecute=0 rethrow=0 return_oop=0}
                      ; - org.eclipse.jdt.internal.core.index.DiskIndex::readCategoryTable@271 (line 703)
  0x000001a63e20f708: 34fe 1e06 

  0x000001a63e20f70c: ;   {other}
  0x000001a63e20f70c: 0f1f 8400 | 7c0f 000a | 4c8b c845 

  0x000001a63e20f718: ;   {metadata(method data for {method} {0x000001a698749330} 'readCategoryTable' '([CZ)Lorg/eclipse/jdt/internal/compiler/util/HashtableOfObject;' in 'org/eclipse/jdt/internal/core/index/DiskIndex')}
  0x000001a63e20f718: 85c9 48bb | d8db a999 | a601 0000 | 48c7 c278 | 0500 007f | 0748 c7c2 | 8805 0000 | 488b 3413 
  0x000001a63e20f738: 488d 7601 | 4889 3413 | 0f8f 0201 | 0000 bb01 

  0x000001a63e20f748: ;   {metadata({type array int})}
  0x000001a63e20f748: 0000 0048 | ba08 2700 | 55a6 0100 | 0048 63db | 488b fb48 | 81fb ffff | ff00 0f87 | 1d26 0000 
  0x000001a63e20f768: 48c7 c617 | 0000 0048 | 8d34 9e48 | 83e6 f849 | 8b87 b801 | 0000 488d | 3430 493b | b7c8 0100 
  0x000001a63e20f788: 000f 87f6 | 2500 0049 | 89b7 b801 | 0000 482b | f048 c700 | 0100 0000 | 488b ca49 | ba00 0000 
  0x000001a63e20f7a8: 55a6 0100 | 0049 2bca | 8948 0889 | 580c 4883 | ee10 4885 | f60f 8411 | 0000 0048 | 33db 48c1 
  0x000001a63e20f7c8: ee03 4889 | 5cf0 0848 | ffce 75f6 | 41f7 d94d | 8bc1 4489 | 4010 4c8b | 8424 b800 

  0x000001a63e20f7e4: ;   {metadata(method data for {method} {0x000001a698749330} 'readCategoryTable' '([CZ)Lorg/eclipse/jdt/internal/compiler/util/HashtableOfObject;' in 'org/eclipse/jdt/internal/core/index/DiskIndex')}
  0x000001a63e20f7e4: 0000 49b9 | d8db a999 | a601 0000 | 4983 8198 | 0500 0001 | 4c8b 8424 | d000 0000 | 4c8b c848 
  0x000001a63e20f804: 8b94 24b8 | 0000 000f 

  0x000001a63e20f80c: ;   {optimized virtual_call}
  0x000001a63e20f80c: 1f40 00e8 

  0x000001a63e20f810: ; ImmutableOopMap {[136]=Oop [144]=Oop [168]=Oop [184]=Oop [200]=Oop [456]=Oop }
                      ;*invokevirtual putUnsafely {reexecute=0 rethrow=0 return_oop=0}
                      ; - org.eclipse.jdt.internal.core.index.DiskIndex::readCategoryTable@294 (line 709)
  0x000001a63e20f810: 6ca2 1d06 

  0x000001a63e20f814: ;   {other}
  0x000001a63e20f814: 0f1f 8400 | 8410 000b 

  0x000001a63e20f81c: ;   {metadata(method data for {method} {0x000001a698749330} 'readCategoryTable' '([CZ)Lorg/eclipse/jdt/internal/compiler/util/HashtableOfObject;' in 'org/eclipse/jdt/internal/core/index/DiskIndex')}
  0x000001a63e20f81c: 49b8 d8db | a999 a601 | 0000 41ff | 80d0 0500 | 008b bc24 | b400 0000 | 8b9c 24c0 | 0000 0048 
  0x000001a63e20f83c: 8b84 24c8 | 0000 00e9 | 0206 0000 | 4181 f900 

  0x000001a63e20f84c: ;   {metadata(method data for {method} {0x000001a698749330} 'readCategoryTable' '([CZ)Lorg/eclipse/jdt/internal/compiler/util/HashtableOfObject;' in 'org/eclipse/jdt/internal/core/index/DiskIndex')}
  0x000001a63e20f84c: 0100 0049 | b8d8 dba9 | 99a6 0100 | 0048 c7c2 | e805 0000 | 7d07 48c7 | c2f8 0500 | 0049 8b34 
  0x000001a63e20f86c: 1048 8d76 | 0149 8934 | 1048 8b94 | 2488 0000 | 000f 8d9d 

  0x000001a63e20f880: ;   {metadata(method data for {method} {0x000001a698749330} 'readCategoryTable' '([CZ)Lorg/eclipse/jdt/internal/compiler/util/HashtableOfObject;' in 'org/eclipse/jdt/internal/core/index/DiskIndex')}
  0x000001a63e20f880: 0000 0049 | b8d8 dba9 | 99a6 0100 | 0049 8380 | 0806 0000 | 014c 8b84 | 24a8 0000 | 0048 8b94 
  0x000001a63e20f8a0: 2488 0000 

  0x000001a63e20f8a4: ;   {optimized virtual_call}
  0x000001a63e20f8a4: 0066 90e8 

  0x000001a63e20f8a8: ; ImmutableOopMap {[136]=Oop [144]=Oop [168]=Oop [184]=Oop [200]=Oop [208]=Oop [456]=Oop }
                      ;*invokevirtual readStreamDocumentArray {reexecute=0 rethrow=0 return_oop=0}
                      ; - org.eclipse.jdt.internal.core.index.DiskIndex::readCategoryTable@316 (line 711)
  0x000001a63e20f8a8: 347c 20ff 

  0x000001a63e20f8ac: ;   {other}
  0x000001a63e20f8ac: 0f1f 8400 | 1c11 000c | 4c8b 8424 | b800 0000 

  0x000001a63e20f8bc: ;   {metadata(method data for {method} {0x000001a698749330} 'readCategoryTable' '([CZ)Lorg/eclipse/jdt/internal/compiler/util/HashtableOfObject;' in 'org/eclipse/jdt/internal/core/index/DiskIndex')}
  0x000001a63e20f8bc: 49b9 d8db | a999 a601 | 0000 4983 | 8140 0600 | 0001 4c8b | 8424 d000 | 0000 4c8b | c848 8b94 
  0x000001a63e20f8dc: 24b8 0000 | 0066 0f1f 

  0x000001a63e20f8e4: ;   {optimized virtual_call}
  0x000001a63e20f8e4: 4400 00e8 

  0x000001a63e20f8e8: ; ImmutableOopMap {[136]=Oop [144]=Oop [168]=Oop [184]=Oop [200]=Oop [456]=Oop }
                      ;*invokevirtual putUnsafely {reexecute=0 rethrow=0 return_oop=0}
                      ; - org.eclipse.jdt.internal.core.index.DiskIndex::readCategoryTable@319 (line 711)
  0x000001a63e20f8e8: 94a1 1d06 

  0x000001a63e20f8ec: ;   {other}
  0x000001a63e20f8ec: 0f1f 8400 | 5c11 000d 

  0x000001a63e20f8f4: ;   {metadata(method data for {method} {0x000001a698749330} 'readCategoryTable' '([CZ)Lorg/eclipse/jdt/internal/compiler/util/HashtableOfObject;' in 'org/eclipse/jdt/internal/core/index/DiskIndex')}
  0x000001a63e20f8f4: 49b8 d8db | a999 a601 | 0000 41ff | 8078 0600 | 008b bc24 | b400 0000 | 8b9c 24c0 | 0000 0048 
  0x000001a63e20f914: 8b84 24c8 | 0000 00e9 | 2a05 0000 

  0x000001a63e20f920: ;   {metadata(method data for {method} {0x000001a698749330} 'readCategoryTable' '([CZ)Lorg/eclipse/jdt/internal/compiler/util/HashtableOfObject;' in 'org/eclipse/jdt/internal/core/index/DiskIndex')}
  0x000001a63e20f920: 49b8 d8db | a999 a601 | 0000 4983 | 8090 0600 | 0001 4c8b | 8424 a800 | 0000 488b | 9424 8800 
  0x000001a63e20f940: 0000 0f1f 

  0x000001a63e20f944: ;   {optimized virtual_call}
  0x000001a63e20f944: 4400 00e8 

  0x000001a63e20f948: ; ImmutableOopMap {[136]=Oop [144]=Oop [168]=Oop [184]=Oop [200]=Oop [208]=Oop [456]=Oop }
                      ;*invokevirtual readStreamInt {reexecute=0 rethrow=0 return_oop=0}
                      ; - org.eclipse.jdt.internal.core.index.DiskIndex::readCategoryTable@328 (line 713)
  0x000001a63e20f948: 34ee 7f05 

  0x000001a63e20f94c: ;   {other}
  0x000001a63e20f94c: 0f1f 8400 | bc11 000e | 4c8b c044 | 8b8c 2498 | 0000 0045 

  0x000001a63e20f960: ;   {metadata(method data for {method} {0x000001a698749330} 'readCategoryTable' '([CZ)Lorg/eclipse/jdt/internal/compiler/util/HashtableOfObject;' in 'org/eclipse/jdt/internal/core/index/DiskIndex')}
  0x000001a63e20f960: 85c9 48bb | d8db a999 | a601 0000 | 48c7 c2d8 | 0600 0075 | 0748 c7c2 | c806 0000 | 488b 3413 
  0x000001a63e20f980: 488d 7601 | 4889 3413 | 0f85 2300 | 0000 8bbc | 24b4 0000 | 008b 9c24 | c000 0000 | 488b 8424 
  0x000001a63e20f9a0: c800 0000 | 4c8b 9c24 | d000 0000 | e965 0200 | 0048 8b84 | 24c8 0000 | 0048 85c0 

  0x000001a63e20f9bc: ;   {metadata(method data for {method} {0x000001a698749330} 'readCategoryTable' '([CZ)Lorg/eclipse/jdt/internal/compiler/util/HashtableOfObject;' in 'org/eclipse/jdt/internal/core/index/DiskIndex')}
  0x000001a63e20f9bc: 48bb d8db | a999 a601 | 0000 48c7 | c2e8 0600 | 0075 0748 | c7c2 f806 | 0000 488b | 3413 488d 
  0x000001a63e20f9dc: 7601 4889 | 3413 0f85 | 9300 0000 | 8b9c 24b0 

  0x000001a63e20f9ec: ;   {metadata({type array char}[])}
  0x000001a63e20f9ec: 0000 0048 | ba30 b50d | 56a6 0100 | 004c 8bd8 | 4863 db48 | 8bfb 4881 | fbff ffff | 000f 8780 
  0x000001a63e20fa0c: 2300 0048 | c7c6 1700 | 0000 488d | 349e 4883 | e6f8 498b | 87b8 0100 | 0048 8d34 | 3049 3bb7 
  0x000001a63e20fa2c: c801 0000 | 0f87 5923 | 0000 4989 | b7b8 0100 | 0048 2bf0 | 48c7 0001 | 0000 0048 | 8bca 49ba 
  0x000001a63e20fa4c: 0000 0055 | a601 0000 | 492b ca89 | 4808 8958 | 0c48 83ee | 1048 85f6 | 0f84 1100 | 0000 4833 
  0x000001a63e20fa6c: db48 c1ee | 0348 895c | f008 48ff | ce75 f68b | 9c24 c000 | 0000 85db 

  0x000001a63e20fa84: ;   {metadata(method data for {method} {0x000001a698749330} 'readCategoryTable' '([CZ)Lorg/eclipse/jdt/internal/compiler/util/HashtableOfObject;' in 'org/eclipse/jdt/internal/core/index/DiskIndex')}
  0x000001a63e20fa84: 48ba d8db | a999 a601 | 0000 48c7 | c618 0700 | 0074 0748 | c7c6 0807 | 0000 488b | 3c32 488d 
  0x000001a63e20faa4: 7f01 4889 | 3c32 0f84 | 0c00 0000 | 8bbc 24b4 | 0000 00e9 | 0300 0000 | 498b f84c | 8b9c 24d0 
  0x000001a63e20fac4: 0000 0048 | 8bd3 ffc2 

  0x000001a63e20facc: ; implicit exception: dispatches to 0x000001a63e211d99
  0x000001a63e20facc: 3b58 0c0f | 83ce 2200 | 004d 85db 

  0x000001a63e20fad8: ;   {metadata(method data for {method} {0x000001a698749330} 'readCategoryTable' '([CZ)Lorg/eclipse/jdt/internal/compiler/util/HashtableOfObject;' in 'org/eclipse/jdt/internal/core/index/DiskIndex')}
  0x000001a63e20fad8: 7516 48b9 | d8db a999 | a601 0000 | 8089 2107 | 0000 01e9 | fc00 0000 

  0x000001a63e20faf0: ; implicit exception: dispatches to 0x000001a63e211db1
  0x000001a63e20faf0: 8b70 0849 | ba00 0000 | 55a6 0100 | 0049 03f2 | 418b 4b08 | 49ba 0000 | 0055 a601 | 0000 4903 
  0x000001a63e20fb10: ca48 8bb6 | e000 0000 | 483b ce0f | 8429 0000 | 0044 8b6e | 144a 3b34 | 290f 841b | 0000 0041 
  0x000001a63e20fb30: 83fd 200f | 859c 0000 

  0x000001a63e20fb38: ;   {runtime_call slow_subtype_check Runtime1 stub}
  0x000001a63e20fb38: 0051 56e8 | c02f 8b05 | 595e 85f6 | 0f84 8b00 

  0x000001a63e20fb48: ;   {metadata(method data for {method} {0x000001a698749330} 'readCategoryTable' '([CZ)Lorg/eclipse/jdt/internal/compiler/util/HashtableOfObject;' in 'org/eclipse/jdt/internal/core/index/DiskIndex')}
  0x000001a63e20fb48: 0000 48b9 | d8db a999 | a601 0000 | 418b 7308 | 49ba 0000 | 0055 a601 | 0000 4903 | f248 3bb1 
  0x000001a63e20fb68: 3807 0000 | 750d 4883 | 8140 0700 | 0001 e971 | 0000 0048 | 3bb1 4807 | 0000 750d | 4883 8150 
  0x000001a63e20fb88: 0700 0001 | e95b 0000 | 0048 83b9 | 3807 0000 | 0075 1748 | 89b1 3807 | 0000 48c7 | 8140 0700 
  0x000001a63e20fba8: 0001 0000 | 00e9 3a00 | 0000 4883 | b948 0700 | 0000 7517 | 4889 b148 | 0700 0048 | c781 5007 
  0x000001a63e20fbc8: 0000 0100 | 0000 e919 | 0000 00eb 

  0x000001a63e20fbd4: ;   {metadata(method data for {method} {0x000001a698749330} 'readCategoryTable' '([CZ)Lorg/eclipse/jdt/internal/compiler/util/HashtableOfObject;' in 'org/eclipse/jdt/internal/core/index/DiskIndex')}
  0x000001a63e20fbd4: 1748 b9d8 | dba9 99a6 | 0100 0048 | 83a9 2807 | 0000 01e9 | ca21 0000 | 4863 db48 | 8d74 9810 
  0x000001a63e20fbf4: 4d8b d349 | c1ea 0344 | 8916 488d | 3648 c1ee | 0948 b900 | 00c9 47a6 | 0100 00c6 | 040e 0048 
  0x000001a63e20fc14: ;   {metadata(method data for {method} {0x000001a698749330} 'readCategoryTable' '([CZ)Lorg/eclipse/jdt/internal/compiler/util/HashtableOfObject;' in 'org/eclipse/jdt/internal/core/index/DiskIndex')}
  0x000001a63e20fc14: 8bda 48ba | d8db a999 | a601 0000 | 4883 8260 | 0700 0001 

  0x000001a63e20fc28: ;   {metadata(method data for {method} {0x000001a6554163b0} 'valueOf' '(I)Ljava/lang/Integer;' in 'java/lang/Integer')}
  0x000001a63e20fc28: 48ba 9033 | 0a96 a601 | 0000 8bb2 | cc00 0000 | 83c6 0289 | b2cc 0000 | 0081 e6fe | ff1f 0085 
  0x000001a63e20fc48: f60f 8470 | 2100 0041 

  0x000001a63e20fc50: ;   {metadata(method data for {method} {0x000001a6554163b0} 'valueOf' '(I)Ljava/lang/Integer;' in 'java/lang/Integer')}
  0x000001a63e20fc50: 83f8 8048 | ba90 330a | 96a6 0100 | 0048 c7c6 | 1001 0000 | 7c07 48c7 | c620 0100 | 0048 8b0c 
  0x000001a63e20fc70: 3248 8d49 | 0148 890c | 320f 8c30 | 0000 0041 

  0x000001a63e20fc80: ;   {metadata(method data for {method} {0x000001a6554163b0} 'valueOf' '(I)Ljava/lang/Integer;' in 'java/lang/Integer')}
  0x000001a63e20fc80: 83f8 7f48 | ba90 330a | 96a6 0100 | 0048 c7c6 | 4001 0000 | 7e07 48c7 | c630 0100 | 0048 8b0c 
  0x000001a63e20fca0: 3248 8d49 | 0148 890c | 320f 8e18 | 0100 0089 | bc24 d800 | 0000 4889 | 8424 e000 

  0x000001a63e20fcbc: ;   {metadata('java/lang/Integer')}
  0x000001a63e20fcbc: 0000 48ba | d85f 0255 | a601 0000 | 498b 87b8 | 0100 0048 | 8d78 1049 | 3bbf c801 | 0000 0f87 
  0x000001a63e20fcdc: 0021 0000 | 4989 bfb8 | 0100 0048 | c700 0100 | 0000 488b | ca49 ba00 | 0000 55a6 | 0100 0049 
  0x000001a63e20fcfc: 2bca 8948 | 0848 33c9 | 8948 0c48 | 33c9 488b 

  0x000001a63e20fd0c: ;   {metadata(method data for {method} {0x000001a6554163b0} 'valueOf' '(I)Ljava/lang/Integer;' in 'java/lang/Integer')}
  0x000001a63e20fd0c: d048 be90 | 330a 96a6 | 0100 0048 | 8386 5001 

  0x000001a63e20fd1c: ;   {metadata(method data for {method} {0x000001a655416b40} '<init>' '(I)V' in 'java/lang/Integer')}
  0x000001a63e20fd1c: 0000 0148 | ba20 350a | 96a6 0100 | 008b b2cc | 0000 0083 | c602 89b2 | cc00 0000 | 81e6 feff 
  0x000001a63e20fd3c: 1f00 85f6 | 0f84 a720 | 0000 488b 

  0x000001a63e20fd48: ;   {metadata(method data for {method} {0x000001a655416b40} '<init>' '(I)V' in 'java/lang/Integer')}
  0x000001a63e20fd48: d048 be20 | 350a 96a6 | 0100 0048 | 8386 1001 

  0x000001a63e20fd58: ;   {metadata(method data for {method} {0x000001a6554176e8} '<init>' '()V' in 'java/lang/Number')}
  0x000001a63e20fd58: 0000 0148 | ba78 360a | 96a6 0100 | 008b b2cc | 0000 0083 | c602 89b2 | cc00 0000 | 81e6 feff 
  0x000001a63e20fd78: 1f00 85f6 | 0f84 8c20 | 0000 488b 

  0x000001a63e20fd84: ;   {metadata(method data for {method} {0x000001a6554176e8} '<init>' '()V' in 'java/lang/Number')}
  0x000001a63e20fd84: d048 be78 | 360a 96a6 | 0100 0048 | 8386 1001 

  0x000001a63e20fd94: ;   {metadata(method data for {method} {0x000001a655474aa8} '<init>' '()V' in 'java/lang/Object')}
  0x000001a63e20fd94: 0000 0148 | ba90 6700 | 96a6 0100 | 008b b2cc | 0000 0083 | c602 89b2 | cc00 0000 | 81e6 feff 
  0x000001a63e20fdb4: 1f00 85f6 | 0f84 7120 | 0000 4489 | 400c e92f | 0000 0089 | bc24 d800 | 0000 4889 | 8424 e000 
  0x000001a63e20fdd4: 0000 4181 | c080 0000 

  0x000001a63e20fddc: ;   {oop(a 'java/lang/Integer'[256] {0x0000000700002c50})}
  0x000001a63e20fddc: 0048 ba50 | 2c00 0007 | 0000 004d | 63c0 468b | 4482 1049 | c1e0 0349 | 8bc0 899c | 24dc 0000 
  0x000001a63e20fdfc: 004c 8b84 | 24b8 0000 

  0x000001a63e20fe04: ;   {metadata(method data for {method} {0x000001a698749330} 'readCategoryTable' '([CZ)Lorg/eclipse/jdt/internal/compiler/util/HashtableOfObject;' in 'org/eclipse/jdt/internal/core/index/DiskIndex')}
  0x000001a63e20fe04: 0048 bad8 | dba9 99a6 | 0100 0048 | 8382 7007 | 0000 014d | 8bc3 4c8b | c848 8b94 | 24b8 0000 
  0x000001a63e20fe24: ;   {optimized virtual_call}
  0x000001a63e20fe24: 0066 90e8 

  0x000001a63e20fe28: ; ImmutableOopMap {[136]=Oop [144]=Oop [168]=Oop [184]=Oop [224]=Oop [456]=Oop }
                      ;*invokevirtual putUnsafely {reexecute=0 rethrow=0 return_oop=0}
                      ; - org.eclipse.jdt.internal.core.index.DiskIndex::readCategoryTable@377 (line 721)
  0x000001a63e20fe28: 54e9 7f05 

  0x000001a63e20fe2c: ;   {other}
  0x000001a63e20fe2c: 0f1f 8400 | 9c16 000f | 8bbc 24d8 | 0000 008b | 9c24 dc00 | 0000 488b | 8424 e000 | 0000 8bb4 
  0x000001a63e20fe4c: 24c4 0000 | 00ff c64c | 8bd8 89bc | 24b4 0000 | 0089 9c24 | c000 0000 | 4c89 9c24 | c800 0000 
  0x000001a63e20fe6c: e99f f7ff | ff8b 4a48 | 48c1 e103 

  0x000001a63e20fe78: ;   {oop(a 'org/eclipse/jdt/internal/compiler/util/SimpleSetOfCharArray'{0x0000000701574aa8})}
  0x000001a63e20fe78: 49b9 a84a | 5701 0700 | 0000 4d8b 

  0x000001a63e20fe84: ;   {metadata(method data for {method} {0x000001a698749330} 'readCategoryTable' '([CZ)Lorg/eclipse/jdt/internal/compiler/util/HashtableOfObject;' in 'org/eclipse/jdt/internal/core/index/DiskIndex')}
  0x000001a63e20fe84: c149 bbd8 | dba9 99a6 | 0100 0049 | 8383 c807 | 0000 014c | 8b84 2490 | 0000 0049 | 8bd1 4889 
  0x000001a63e20fea4: 8c24 e800 | 0000 0f1f 

  0x000001a63e20feac: ;   {optimized virtual_call}
  0x000001a63e20feac: 4400 00e8 

  0x000001a63e20feb0: ; ImmutableOopMap {[136]=Oop [144]=Oop [168]=Oop [184]=Oop [200]=Oop [232]=Oop [456]=Oop }
                      ;*invokevirtual get {reexecute=0 rethrow=0 return_oop=0}
                      ; - org.eclipse.jdt.internal.core.index.DiskIndex::readCategoryTable@398 (line 724)
  0x000001a63e20feb0: 0caf cafe 

  0x000001a63e20feb4: ;   {other}
  0x000001a63e20feb4: 0f1f 8400 | 2417 0010 | 488b 8c24 | e800 0000 

  0x000001a63e20fec4: ; implicit exception: dispatches to 0x000001a63e211e55
  0x000001a63e20fec4: 483b 014c 

  0x000001a63e20fec8: ;   {metadata(method data for {method} {0x000001a698749330} 'readCategoryTable' '([CZ)Lorg/eclipse/jdt/internal/compiler/util/HashtableOfObject;' in 'org/eclipse/jdt/internal/core/index/DiskIndex')}
  0x000001a63e20fec8: 8bc1 49b9 | d8db a999 | a601 0000 | 4983 8100 | 0800 0001 | 4c8b c04c | 8b8c 24b8 | 0000 0048 
  0x000001a63e20fee8: 8bd1 0f1f 

  0x000001a63e20feec: ;   {optimized virtual_call}
  0x000001a63e20feec: 4400 00e8 

  0x000001a63e20fef0: ; ImmutableOopMap {[136]=Oop [144]=Oop [168]=Oop [184]=Oop [200]=Oop [456]=Oop }
                      ;*invokevirtual put {reexecute=0 rethrow=0 return_oop=0}
                      ; - org.eclipse.jdt.internal.core.index.DiskIndex::readCategoryTable@403 (line 724)
  0x000001a63e20fef0: 8c31 5806 

  0x000001a63e20fef4: ;   {other}
  0x000001a63e20fef4: 0f1f 8400 | 6417 0011 | 488b 8424 | b800 0000 | 8b50 0c81 | fa20 4e00 

  0x000001a63e20ff0c: ;   {metadata(method data for {method} {0x000001a698749330} 'readCategoryTable' '([CZ)Lorg/eclipse/jdt/internal/compiler/util/HashtableOfObject;' in 'org/eclipse/jdt/internal/core/index/DiskIndex')}
  0x000001a63e20ff0c: 0048 bad8 | dba9 99a6 | 0100 0048 | c7c6 3808 | 0000 7d07 | 48c7 c648 | 0800 0048 | 8b3c 3248 
  0x000001a63e20ff2c: 8d7f 0148 | 893c 320f | 8d1d 0000 | 004c 8b84 | 2490 0000 

  0x000001a63e20ff40: ;   {metadata(method data for {method} {0x000001a698749330} 'readCategoryTable' '([CZ)Lorg/eclipse/jdt/internal/compiler/util/HashtableOfObject;' in 'org/eclipse/jdt/internal/core/index/DiskIndex')}
  0x000001a63e20ff40: 0048 bad8 | dba9 99a6 | 0100 00ff | 8258 0800 | 00e9 0a00 

  0x000001a63e20ff54: ;   {oop(nullptr)}
  0x000001a63e20ff54: 0000 49b8 | 0000 0000 | 0000 0000 | 488b 9424 | 8800 0000 | 4d8b d049 | c1ea 0344 | 8952 4c48 
  0x000001a63e20ff74: 8d32 48c1 | ee09 48bf | 0000 c947 | a601 0000 | c604 3e00 | 488b b424 | a800 0000 

  0x000001a63e20ff90: ;   {metadata(method data for {method} {0x000001a698749330} 'readCategoryTable' '([CZ)Lorg/eclipse/jdt/internal/compiler/util/HashtableOfObject;' in 'org/eclipse/jdt/internal/core/index/DiskIndex')}
  0x000001a63e20ff90: 4885 f648 | bfd8 dba9 | 99a6 0100 | 0048 c7c3 | 7008 0000 | 7407 48c7 | c380 0800 | 0048 8b0c 
  0x000001a63e20ffb0: 1f48 8d49 | 0148 890c | 1f0f 84c6 | 0000 0048 

  0x000001a63e20ffc0: ;   {metadata(method data for {method} {0x000001a698749330} 'readCategoryTable' '([CZ)Lorg/eclipse/jdt/internal/compiler/util/HashtableOfObject;' in 'org/eclipse/jdt/internal/core/index/DiskIndex')}
  0x000001a63e20ffc0: 8bfe 48bb | d8db a999 | a601 0000 | 8b7f 0849 | ba00 0000 | 55a6 0100 | 0049 03fa | 483b bba0 
  0x000001a63e20ffe0: 0800 0075 | 0d48 8383 | a808 0000 | 01e9 6000 | 0000 483b | bbb0 0800 | 0075 0d48 | 8383 b808 
  0x000001a63e210000: 0000 01e9 | 4a00 0000 | 4883 bba0 | 0800 0000 | 7517 4889 | bba0 0800 | 0048 c783 | a808 0000 
  0x000001a63e210020: 0100 0000 | e929 0000 | 0048 83bb | b008 0000 | 0075 1748 | 89bb b008 | 0000 48c7 | 83b8 0800 
  0x000001a63e210040: 0001 0000 | 00e9 0800 | 0000 4883 | 8390 0800 | 0001 488b | d648 b8c0 | be16 9aa6 

  0x000001a63e21005c: ;   {virtual_call}
  0x000001a63e21005c: 0100 00e8 

  0x000001a63e210060: ; ImmutableOopMap {[136]=Oop [184]=Oop [200]=Oop [456]=Oop }
                      ;*invokevirtual close {reexecute=0 rethrow=0 return_oop=0}
                      ; - org.eclipse.jdt.internal.core.index.DiskIndex::readCategoryTable@434 (line 728)
  0x000001a63e210060: 4ddb 7f05 

  0x000001a63e210064: ;   {other}
  0x000001a63e210064: 0f1f 8400 | d418 0012 

  0x000001a63e21006c: ;   {metadata(method data for {method} {0x000001a698749330} 'readCategoryTable' '([CZ)Lorg/eclipse/jdt/internal/compiler/util/HashtableOfObject;' in 'org/eclipse/jdt/internal/core/index/DiskIndex')}
  0x000001a63e21006c: 49b8 d8db | a999 a601 | 0000 41ff | 80c8 0800 | 0048 8b94 | 2488 0000 | 0044 8b42 | 3449 c1e0 
  0x000001a63e21008c: 0349 3b00 

  0x000001a63e210090: ;   {metadata(method data for {method} {0x000001a698749330} 'readCategoryTable' '([CZ)Lorg/eclipse/jdt/internal/compiler/util/HashtableOfObject;' in 'org/eclipse/jdt/internal/core/index/DiskIndex')}
  0x000001a63e210090: 48be d8db | a999 a601 | 0000 458b | 4008 49ba | 0000 0055 | a601 0000 | 4d03 c24c | 3b86 100a 
  0x000001a63e2100b0: 0000 750d | 4883 8618 | 0a00 0001 | e960 0000 | 004c 3b86 | 200a 0000 | 750d 4883 | 8628 0a00 
  0x000001a63e2100d0: 0001 e94a | 0000 0048 | 83be 100a | 0000 0075 | 174c 8986 | 100a 0000 | 48c7 8618 | 0a00 0001 
  0x000001a63e2100f0: 0000 00e9 | 2900 0000 | 4883 be20 | 0a00 0000 | 7517 4c89 | 8620 0a00 | 0048 c786 | 280a 0000 
  0x000001a63e210110: 0100 0000 | e908 0000 | 0048 8386 | 000a 0000 

  0x000001a63e210120: ;   {metadata(method data for {method} {0x000001a6974c8b40} 'close' '()V' in 'org/eclipse/jdt/internal/core/index/IndexLocation')}
  0x000001a63e210120: 0149 b870 | 0fc5 99a6 | 0100 0041 | 8bb0 cc00 | 0000 83c6 | 0241 89b0 | cc00 0000 | 81e6 feff 
  0x000001a63e210140: 1f00 85f6 | 0f84 151d | 0000 8bbc | 24b4 0000 | 008b 9c24 | c000 0000 | 488b 8424 | c800 0000 
  0x000001a63e210160: 4c8b 8424 | b800 0000 

  0x000001a63e210168: ;   {metadata(method data for {method} {0x000001a698749330} 'readCategoryTable' '([CZ)Lorg/eclipse/jdt/internal/compiler/util/HashtableOfObject;' in 'org/eclipse/jdt/internal/core/index/DiskIndex')}
  0x000001a63e210168: 48be d8db | a999 a601 | 0000 ff86 | 380a 0000 | 498b f0e9 | 2a11 0000 | 448b 8c24 | 9800 0000 
  0x000001a63e210188: 488b 9424 | 8800 0000 

  0x000001a63e210190: ;   {metadata(method data for {method} {0x000001a698749330} 'readCategoryTable' '([CZ)Lorg/eclipse/jdt/internal/compiler/util/HashtableOfObject;' in 'org/eclipse/jdt/internal/core/index/DiskIndex')}
  0x000001a63e210190: 4585 c949 | b8d8 dba9 | 99a6 0100 | 0048 c7c7 | 4002 0000 | 7407 48c7 | c750 0200 | 0049 8b1c 
  0x000001a63e2101b0: 3848 8d5b | 0149 891c | 380f 844d | 0500 008b | 7e18 48c1 | e703 4889 | bc24 f000 | 0000 8b5f 
  0x000001a63e2101d0: 0c89 9c24 | fc00 0000 

  0x000001a63e2101d8: ;   {metadata(method data for {method} {0x000001a698749330} 'readCategoryTable' '([CZ)Lorg/eclipse/jdt/internal/compiler/util/HashtableOfObject;' in 'org/eclipse/jdt/internal/core/index/DiskIndex')}
  0x000001a63e2101d8: 49b8 d8db | a999 a601 | 0000 41ff | 8060 0200 | 00b8 0000 | 0000 e9e4 | 0200 000f | 1f44 0000 
  0x000001a63e2101f8: 4c63 c046 | 8b44 8710 | 49c1 e003 | 4d85 c075 

  0x000001a63e210208: ;   {metadata(method data for {method} {0x000001a698749330} 'readCategoryTable' '([CZ)Lorg/eclipse/jdt/internal/compiler/util/HashtableOfObject;' in 'org/eclipse/jdt/internal/core/index/DiskIndex')}
  0x000001a63e210208: 1749 bbd8 | dba9 99a6 | 0100 0041 | 808b 7102 | 0000 01e9 | ce00 0000 

  0x000001a63e210220: ;   {metadata('java/lang/Integer')}
  0x000001a63e210220: 49bd d85f | 0255 a601 | 0000 458b | 4808 49ba | 0000 0055 | a601 0000 | 4d03 ca4d | 3be9 0f85 
  0x000001a63e210240: 8e00 0000 

  0x000001a63e210244: ;   {metadata(method data for {method} {0x000001a698749330} 'readCategoryTable' '([CZ)Lorg/eclipse/jdt/internal/compiler/util/HashtableOfObject;' in 'org/eclipse/jdt/internal/core/index/DiskIndex')}
  0x000001a63e210244: 49bb d8db | a999 a601 | 0000 458b | 6808 49ba | 0000 0055 | a601 0000 | 4d03 ea4d | 3bab 8802 
  0x000001a63e210264: 0000 750d | 4983 8390 | 0200 0001 | e97e 0000 | 004d 3bab | 9802 0000 | 750d 4983 | 83a0 0200 
  0x000001a63e210284: 0001 e968 | 0000 0049 | 83bb 8802 | 0000 0075 | 174d 89ab | 8802 0000 | 49c7 8390 | 0200 0001 
  0x000001a63e2102a4: 0000 00e9 | 4700 0000 | 4983 bb98 | 0200 0000 | 7517 4d89 | ab98 0200 | 0049 c783 | a002 0000 
  0x000001a63e2102c4: 0100 0000 | e926 0000 | 00e9 2100 

  0x000001a63e2102d0: ;   {metadata(method data for {method} {0x000001a698749330} 'readCategoryTable' '([CZ)Lorg/eclipse/jdt/internal/compiler/util/HashtableOfObject;' in 'org/eclipse/jdt/internal/core/index/DiskIndex')}
  0x000001a63e2102d0: 0000 49bb | d8db a999 | a601 0000 | 4983 ab78 | 0200 0001 | e905 0000 | 00e9 0500 | 0000 4833 
  0x000001a63e2102f0: c9eb 0748 | c7c1 0100 | 0000 85c9 

  0x000001a63e2102fc: ;   {metadata(method data for {method} {0x000001a698749330} 'readCategoryTable' '([CZ)Lorg/eclipse/jdt/internal/compiler/util/HashtableOfObject;' in 'org/eclipse/jdt/internal/core/index/DiskIndex')}
  0x000001a63e2102fc: 48b9 d8db | a999 a601 | 0000 49c7 | c1c0 0200 | 0075 0749 | c7c1 b002 | 0000 4e8b | 1c09 4d8d 
  0x000001a63e21031c: 5b01 4e89 | 1c09 0f85 | 0800 0000 | 488b d0e9 | 8d01 0000 | 8984 24f8 | 0000 0048 

  0x000001a63e210338: ;   {metadata(method data for {method} {0x000001a698749330} 'readCategoryTable' '([CZ)Lorg/eclipse/jdt/internal/compiler/util/HashtableOfObject;' in 'org/eclipse/jdt/internal/core/index/DiskIndex')}
  0x000001a63e210338: 8bca 49b9 | d8db a999 | a601 0000 

  0x000001a63e210344: ;   {metadata('org/eclipse/jdt/internal/core/index/DiskIndex')}
  0x000001a63e210344: 49ba e8ad | 5056 a601 | 0000 4d89 | 91e0 0200 | 0049 8381 | e802 0000 | 0148 8bca | 488b d10f 
  0x000001a63e210364: ;   {optimized virtual_call}
  0x000001a63e210364: 1f40 00e8 

  0x000001a63e210368: ; ImmutableOopMap {[136]=Oop [240]=Oop [256]=Oop [456]=Oop }
                      ;*invokevirtual readDocumentNumbers {reexecute=0 rethrow=0 return_oop=0}
                      ; - org.eclipse.jdt.internal.core.index.DiskIndex::readCategoryTable@101 (line 674)
  0x000001a63e210368: 14e4 7f05 

  0x000001a63e21036c: ;   {other}
  0x000001a63e21036c: 0f1f 8400 | dc1b 0013 | 488b bc24 | f000 0000 | 4885 c075 

  0x000001a63e210380: ;   {metadata(method data for {method} {0x000001a698749330} 'readCategoryTable' '([CZ)Lorg/eclipse/jdt/internal/compiler/util/HashtableOfObject;' in 'org/eclipse/jdt/internal/core/index/DiskIndex')}
  0x000001a63e210380: 1648 bed8 | dba9 99a6 | 0100 0080 | 8e01 0300 | 0001 e9f8 | 0000 008b | 5708 49ba | 0000 0055 
  0x000001a63e2103a0: a601 0000 | 4903 d28b | 7008 49ba | 0000 0055 | a601 0000 | 4903 f248 | 8b92 e000 | 0000 483b 
  0x000001a63e2103c0: f20f 8427 | 0000 008b | 5a14 483b | 141e 0f84 | 1a00 0000 | 83fb 200f | 859b 0000 

  0x000001a63e2103dc: ;   {runtime_call slow_subtype_check Runtime1 stub}
  0x000001a63e2103dc: 0056 52e8 | 1c27 8b05 | 5e5a 85d2 | 0f84 8a00 

  0x000001a63e2103ec: ;   {metadata(method data for {method} {0x000001a698749330} 'readCategoryTable' '([CZ)Lorg/eclipse/jdt/internal/compiler/util/HashtableOfObject;' in 'org/eclipse/jdt/internal/core/index/DiskIndex')}
  0x000001a63e2103ec: 0000 48be | d8db a999 | a601 0000 | 8b50 0849 | ba00 0000 | 55a6 0100 | 0049 03d2 | 483b 9618 
  0x000001a63e21040c: 0300 0075 | 0d48 8386 | 2003 0000 | 01e9 7100 | 0000 483b | 9628 0300 | 0075 0d48 | 8386 3003 
  0x000001a63e21042c: 0000 01e9 | 5b00 0000 | 4883 be18 | 0300 0000 | 7517 4889 | 9618 0300 | 0048 c786 | 2003 0000 
  0x000001a63e21044c: 0100 0000 | e93a 0000 | 0048 83be | 2803 0000 | 0075 1748 | 8996 2803 | 0000 48c7 | 8630 0300 
  0x000001a63e21046c: 0001 0000 | 00e9 1900 | 0000 eb17 

  0x000001a63e210478: ;   {metadata(method data for {method} {0x000001a698749330} 'readCategoryTable' '([CZ)Lorg/eclipse/jdt/internal/compiler/util/HashtableOfObject;' in 'org/eclipse/jdt/internal/core/index/DiskIndex')}
  0x000001a63e210478: 48be d8db | a999 a601 | 0000 4883 | ae08 0300 | 0001 e900 | 1a00 008b | 9424 f800 | 0000 4863 
  0x000001a63e210498: f248 8d74 | b710 4c8b | d049 c1ea | 0344 8916 | 488d 0648 | c1e8 0948 | be00 00c9 | 47a6 0100 
  0x000001a63e2104b8: 00c6 0430 | 0048 8bc2 | ffc0 488b | d048 8bc2 | 8b9c 24fc | 0000 0048 | 8b94 2488 | 0000 003b 
  0x000001a63e2104d8: c341 b802 | 0000 007c | 0641 b800 

  0x000001a63e2104e4: ;   {metadata(method data for {method} {0x000001a698749330} 'readCategoryTable' '([CZ)Lorg/eclipse/jdt/internal/compiler/util/HashtableOfObject;' in 'org/eclipse/jdt/internal/core/index/DiskIndex')}
  0x000001a63e2104e4: 0000 0048 | b9d8 dba9 | 99a6 0100 | 0044 8b89 | d000 0000 | 4503 c844 | 8989 d000 | 0000 4585 
  0x000001a63e210504: c075 0641 | b902 0000 | 0041 81e1 | fe3f 0000 | 4585 c90f | 847b 1900 | 004d 8b97 

  0x000001a63e210520: ; ImmutableOopMap {rdx=Oop rdi=Oop [136]=Oop [240]=Oop [256]=Oop [456]=Oop }
                      ;*if_icmplt {reexecute=1 rethrow=0 return_oop=0}
                      ; - (reexecute) org.eclipse.jdt.internal.core.index.DiskIndex::readCategoryTable@112 (line 672)
  0x000001a63e210520: 5804 0000 

  0x000001a63e210524: ;   {poll}
  0x000001a63e210524: 4185 023b 

  0x000001a63e210528: ;   {metadata(method data for {method} {0x000001a698749330} 'readCategoryTable' '([CZ)Lorg/eclipse/jdt/internal/compiler/util/HashtableOfObject;' in 'org/eclipse/jdt/internal/core/index/DiskIndex')}
  0x000001a63e210528: c349 b8d8 | dba9 99a6 | 0100 0048 | c7c1 4003 | 0000 7c07 | 48c7 c150 | 0300 004d | 8b0c 084d 
  0x000001a63e210548: 8d49 014d | 890c 080f | 8ca3 fcff | ff48 8bb4 | 2400 0100 | 00e9 aa01 | 0000 488b | b424 a800 
  0x000001a63e210568: 0000 488b | 9424 8800 | 0000 498b | 8700 0500 | 004d 33d2 | 4d89 9700 | 0500 004d | 33d2 4d89 
  0x000001a63e210588: 9708 0500 | 0048 8984 | 2408 0100 | 008b 7a34 | 48c1 e703 

  0x000001a63e21059c: ;   {metadata(method data for {method} {0x000001a698749330} 'readCategoryTable' '([CZ)Lorg/eclipse/jdt/internal/compiler/util/HashtableOfObject;' in 'org/eclipse/jdt/internal/core/index/DiskIndex')}
  0x000001a63e21059c: 48bb d8db | a999 a601 | 0000 4883 | 8368 0400 

  0x000001a63e2105ac: ;   {metadata(method data for {method} {0x000001a655454f60} 'valueOf' '(Ljava/lang/Object;)Ljava/lang/String;' in 'java/lang/String')}
  0x000001a63e2105ac: 0001 48bb | 403f 0a96 | a601 0000 | 8b8b cc00 | 0000 83c1 | 0289 8bcc | 0000 0081 | e1fe ff1f 
  0x000001a63e2105cc: 0085 c90f | 84e4 1800 | 0048 85ff 

  0x000001a63e2105d8: ;   {metadata(method data for {method} {0x000001a655454f60} 'valueOf' '(Ljava/lang/Object;)Ljava/lang/String;' in 'java/lang/String')}
  0x000001a63e2105d8: 48bb 403f | 0a96 a601 | 0000 48c7 | c110 0100 | 0075 0748 | c7c1 2001 | 0000 4c8b | 040b 4d8d 
  0x000001a63e2105f8: 4001 4c89 | 040b 0f85 | 1f00 0000 

  0x000001a63e210604: ;   {metadata(method data for {method} {0x000001a655454f60} 'valueOf' '(Ljava/lang/Object;)Ljava/lang/String;' in 'java/lang/String')}
  0x000001a63e210604: 48bf 403f | 0a96 a601 | 0000 ff87 | 3001 0000 

  0x000001a63e210614: ;   {oop("null"{0x0000000700000748})}
  0x000001a63e210614: 48bf 4807 | 0000 0700 | 0000 e976 | 0100 0048 | 3b07 488b 

  0x000001a63e210628: ;   {metadata(method data for {method} {0x000001a655454f60} 'valueOf' '(Ljava/lang/Object;)Ljava/lang/String;' in 'java/lang/String')}
  0x000001a63e210628: df48 b940 | 3f0a 96a6 | 0100 008b | 5b08 49ba | 0000 0055 | a601 0000 | 4903 da48 | 3b99 5801 
  0x000001a63e210648: 0000 750d | 4883 8160 | 0100 0001 | e960 0000 | 0048 3b99 | 6801 0000 | 750d 4883 | 8170 0100 
  0x000001a63e210668: 0001 e94a | 0000 0048 | 83b9 5801 | 0000 0075 | 1748 8999 | 5801 0000 | 48c7 8160 | 0100 0001 
  0x000001a63e210688: 0000 00e9 | 2900 0000 | 4883 b968 | 0100 0000 | 7517 4889 | 9968 0100 | 0048 c781 | 7001 0000 
  0x000001a63e2106a8: 0100 0000 | e908 0000 | 0048 8381 | 4801 0000 

  0x000001a63e2106b8: ;   {metadata(method data for {method} {0x000001a6974c93c0} 'toString' '()Ljava/lang/String;' in 'org/eclipse/jdt/internal/core/index/IndexLocation')}
  0x000001a63e2106b8: 0148 bbf8 | 77ed 99a6 | 0100 008b | 8bcc 0000 | 0083 c102 | 898b cc00 | 0000 81e1 | feff 1f00 
  0x000001a63e2106d8: 85c9 0f84 | ff17 0000 | 8b7f 1048 | c1e7 0348 | 8bd7 6666 | 9048 b8ff | ffff ffff 

  0x000001a63e2106f4: ;   {virtual_call}
  0x000001a63e2106f4: ffff ffe8 

  0x000001a63e2106f8: ; ImmutableOopMap {[136]=Oop [168]=Oop [264]=Oop [456]=Oop }
                      ;*invokevirtual toString {reexecute=0 rethrow=0 return_oop=0}
                      ; - org.eclipse.jdt.internal.core.index.IndexLocation::toString@4 (line 153)
                      ; - java.lang.String::valueOf@11
                      ; - org.eclipse.jdt.internal.core.index.DiskIndex::readCategoryTable@214 (line 694)
  0x000001a63e2106f8: 84e3 7f05 

  0x000001a63e2106fc: ;   {other}
  0x000001a63e2106fc: 0f1f 8400 | 6c1f 0015 | 488b f8e9 | 8d00 0000 | 488d 8424 | c001 0000 | 488b 1048 | 85d2 0f84 
  0x000001a63e21071c: 0f00 0000 | 4c8b 4008 | f049 0fb1 | 100f 85d1 | 1700 0049 | ff8f 5005 | 0000 488b | c648 81c4 
  0x000001a63e21073c: e001 0000 

  0x000001a63e210740: ;   {poll_return}
  0x000001a63e210740: 5d49 3ba7 | 5004 0000 | 0f87 c817 | 0000 c348 | 8d84 24c0 | 0100 0048 | 8b10 4885 | d20f 840f 
  0x000001a63e210760: 0000 004c | 8b40 08f0 | 490f b110 | 0f85 ba17 | 0000 49ff | 8f50 0500 

  0x000001a63e210778: ;   {oop(nullptr)}
  0x000001a63e210778: 0048 b800 | 0000 0000 | 0000 0048 | 81c4 e001 

  0x000001a63e210788: ;   {poll_return}
  0x000001a63e210788: 0000 5d49 | 3ba7 5004 | 0000 0f87 | aa17 0000 | c344 8b8c | 24b0 0000 | 008b 8424 | 9c00 0000 
  0x000001a63e2107a8: ;   {no_reloc}
  0x000001a63e2107a8: e9ba 1700 | 0090 9090 | 9090 488b | d74c 8bc0 | 488b fb0f 

  0x000001a63e2107bc: ;   {static_call}
  0x000001a63e2107bc: 1f40 00e8 

  0x000001a63e2107c0: ; ImmutableOopMap {[136]=Oop [168]=Oop [264]=Oop [456]=Oop }
                      ;*invokedynamic {reexecute=0 rethrow=0 return_oop=0}
                      ; - org.eclipse.jdt.internal.core.index.DiskIndex::readCategoryTable@220 (line 694)
  0x000001a63e2107c0: bce5 7f05 

  0x000001a63e2107c4: ;   {other}
  0x000001a63e2107c4: 0f1f 8400 | 3420 0016 

  0x000001a63e2107cc: ;   {metadata(method data for {method} {0x000001a698749330} 'readCategoryTable' '([CZ)Lorg/eclipse/jdt/internal/compiler/util/HashtableOfObject;' in 'org/eclipse/jdt/internal/core/index/DiskIndex')}
  0x000001a63e2107cc: 4c8b c048 | bad8 dba9 | 99a6 0100 | 0048 8d92 | 9804 0000 | 4d85 c075 | 0af6 0201 | 7505 f048 
  0x000001a63e2107ec: 830a 0190 

  0x000001a63e2107f0: ;   {no_reloc}
  0x000001a63e2107f0: e98b 1700 | 0000 0000 | 0000 80ba | 3101 0000 | 040f 8588 | 1700 0049 | 8b87 b801 | 0000 488d 
  0x000001a63e210810: 7828 493b | bfc8 0100 | 000f 8770 | 1700 0049 | 89bf b801 | 0000 48c7 | 0001 0000 | 0048 8bca 
  0x000001a63e210830: 49ba 0000 | 0055 a601 | 0000 492b | ca89 4808 | 4833 c989 | 480c 4833 | c948 8948 | 1048 8948 
  0x000001a63e210850: 1848 8948 | 2048 8bd0 

  0x000001a63e210858: ;   {metadata(method data for {method} {0x000001a698749330} 'readCategoryTable' '([CZ)Lorg/eclipse/jdt/internal/compiler/util/HashtableOfObject;' in 'org/eclipse/jdt/internal/core/index/DiskIndex')}
  0x000001a63e210858: 48be d8db | a999 a601 | 0000 4883 | 86a8 0400 | 0001 488b | d048 8984 | 2410 0100 

  0x000001a63e210874: ;   {optimized virtual_call}
  0x000001a63e210874: 0066 90e8 

  0x000001a63e210878: ; ImmutableOopMap {[136]=Oop [168]=Oop [264]=Oop [272]=Oop [456]=Oop }
                      ;*invokespecial <init> {reexecute=0 rethrow=0 return_oop=0}
                      ; - org.eclipse.jdt.internal.core.index.DiskIndex::readCategoryTable@233 (line 696)
  0x000001a63e210878: 04df 7f05 

  0x000001a63e21087c: ;   {other}
  0x000001a63e21087c: 0f1f 8400 | ec20 0017 | 488b 8424 | 1001 0000 

  0x000001a63e21088c: ;   {metadata(method data for {method} {0x000001a698749330} 'readCategoryTable' '([CZ)Lorg/eclipse/jdt/internal/compiler/util/HashtableOfObject;' in 'org/eclipse/jdt/internal/core/index/DiskIndex')}
  0x000001a63e21088c: 49b8 d8db | a999 a601 | 0000 8b40 | 0849 ba00 | 0000 55a6 | 0100 0049 | 03c2 493b | 80c8 0400 
  0x000001a63e2108ac: 0075 0d49 | 8380 d004 | 0000 01e9 | 6000 0000 | 493b 80d8 | 0400 0075 | 0d49 8380 | e004 0000 
  0x000001a63e2108cc: 01e9 4a00 | 0000 4983 | b8c8 0400 | 0000 7517 | 4989 80c8 | 0400 0049 | c780 d004 | 0000 0100 
  0x000001a63e2108ec: 0000 e929 | 0000 0049 | 83b8 d804 | 0000 0075 | 1749 8980 | d804 0000 | 49c7 80e0 | 0400 0001 
  0x000001a63e21090c: 0000 00e9 | 0800 0000 | 4983 80b8 | 0400 0001 | 4c8b 8424 | 0801 0000 | 488b 9424 | 1001 0000 
  0x000001a63e21092c: 9048 b8ff | ffff ffff 

  0x000001a63e210934: ;   {virtual_call}
  0x000001a63e210934: ffff ffe8 

  0x000001a63e210938: ; ImmutableOopMap {[136]=Oop [168]=Oop [272]=Oop [456]=Oop }
                      ;*invokevirtual initCause {reexecute=0 rethrow=0 return_oop=0}
                      ; - org.eclipse.jdt.internal.core.index.DiskIndex::readCategoryTable@242 (line 697)
  0x000001a63e210938: 44e1 7f05 

  0x000001a63e21093c: ;   {other}
  0x000001a63e21093c: 0f1f 8400 | ac21 0018 | 488b 8424 

  0x000001a63e210948: ; ImmutableOopMap {rax=Oop [136]=Oop [168]=Oop [456]=Oop }
                      ;*athrow {reexecute=1 rethrow=0 return_oop=0}
                      ; - (reexecute) org.eclipse.jdt.internal.core.index.DiskIndex::readCategoryTable@248 (line 698)
  0x000001a63e210948: 1001 0000 

  0x000001a63e21094c: ;   {section_word}
  0x000001a63e21094c: 48ba 4c09 | 213e a601 

  0x000001a63e210954: ;   {runtime_call handle_exception_nofpu Runtime1 stub}
  0x000001a63e210954: 0000 e825 | f481 0590 | 488b 9424 | a800 0000 | 498b 8700 | 0500 004d | 33d2 4d89 | 9700 0500 
  0x000001a63e210974: 004d 33d2 | 4d89 9708 | 0500 0048 

  0x000001a63e210980: ;   {metadata(method data for {method} {0x000001a698749330} 'readCategoryTable' '([CZ)Lorg/eclipse/jdt/internal/compiler/util/HashtableOfObject;' in 'org/eclipse/jdt/internal/core/index/DiskIndex')}
  0x000001a63e210980: 85d2 49b8 | d8db a999 | a601 0000 | 49c7 c1f0 | 0800 0075 | 0749 c7c1 | e008 0000 | 4f8b 1c08 
  0x000001a63e2109a0: 4d8d 5b01 | 4f89 1c08 | 0f85 0800 | 0000 4c8b | c0e9 be00 | 0000 4889 | 8424 1801 | 0000 483b 
  0x000001a63e2109c0: 024c 8bc2 

  0x000001a63e2109c4: ;   {metadata(method data for {method} {0x000001a698749330} 'readCategoryTable' '([CZ)Lorg/eclipse/jdt/internal/compiler/util/HashtableOfObject;' in 'org/eclipse/jdt/internal/core/index/DiskIndex')}
  0x000001a63e2109c4: 49b9 d8db | a999 a601 | 0000 458b | 4008 49ba | 0000 0055 | a601 0000 | 4d03 c24d | 3b81 1009 
  0x000001a63e2109e4: 0000 750d | 4983 8118 | 0900 0001 | e960 0000 | 004d 3b81 | 2009 0000 | 750d 4983 | 8128 0900 
  0x000001a63e210a04: 0001 e94a | 0000 0049 | 83b9 1009 | 0000 0075 | 174d 8981 | 1009 0000 | 49c7 8118 | 0900 0001 
  0x000001a63e210a24: 0000 00e9 | 2900 0000 | 4983 b920 | 0900 0000 | 7517 4d89 | 8120 0900 | 0049 c781 | 2809 0000 
  0x000001a63e210a44: 0100 0000 | e908 0000 | 0049 8381 | 0009 0000 | 0148 b8ff | ffff ffff 

  0x000001a63e210a5c: ;   {virtual_call}
  0x000001a63e210a5c: ffff ffe8 

  0x000001a63e210a60: ; ImmutableOopMap {[136]=Oop [280]=Oop [288]=Oop [296]=Oop [456]=Oop }
                      ;*invokevirtual close {reexecute=0 rethrow=0 return_oop=0}
                      ; - org.eclipse.jdt.internal.core.index.DiskIndex::readCategoryTable@449 (line 728)
  0x000001a63e210a60: 1ce0 7f05 

  0x000001a63e210a64: ;   {other}
  0x000001a63e210a64: 0f1f 8400 | d422 001a | 4c8b 8424 | 1801 0000 | 8bb4 2434 | 0100 008b | bc24 3001 | 0000 488b 
  0x000001a63e210a84: 9c24 2801 | 0000 488b | 8c24 2001 | 0000 498b 

  0x000001a63e210a94: ; ImmutableOopMap {rbx=Oop rcx=Oop r8=Oop rax=Oop [136]=Oop [456]=Oop }
                      ;*athrow {reexecute=1 rethrow=0 return_oop=0}
                      ; - (reexecute) org.eclipse.jdt.internal.core.index.DiskIndex::readCategoryTable@454 (line 728)
                      ;   {section_word}
  0x000001a63e210a94: c048 ba95 | 0a21 3ea6 

  0x000001a63e210a9c: ;   {runtime_call handle_exception_nofpu Runtime1 stub}
  0x000001a63e210a9c: 0100 00e8 | dcf2 8105 | 9049 8b87 | 0005 0000 | 4d33 d24d | 8997 0005 | 0000 4d33 | d24d 8997 
  0x000001a63e210abc: 0805 0000 

  0x000001a63e210ac0: ;   {metadata(method data for {method} {0x000001a698749330} 'readCategoryTable' '([CZ)Lorg/eclipse/jdt/internal/compiler/util/HashtableOfObject;' in 'org/eclipse/jdt/internal/core/index/DiskIndex')}
  0x000001a63e210ac0: 4d85 c949 | b8d8 dba9 | 99a6 0100 | 0048 c7c2 | 4809 0000 | 7407 48c7 | c238 0900 | 004d 8b1c 
  0x000001a63e210ae0: 104d 8d5b | 014d 891c | 100f 8472 | 0000 004c 

  0x000001a63e210af0: ;   {metadata(method data for {method} {0x000001a698749330} 'readCategoryTable' '([CZ)Lorg/eclipse/jdt/internal/compiler/util/HashtableOfObject;' in 'org/eclipse/jdt/internal/core/index/DiskIndex')}
  0x000001a63e210af0: 3bc8 49b8 | d8db a999 | a601 0000 | 48c7 c270 | 0900 0074 | 0748 c7c2 | 8009 0000 | 4d8b 1c10 
  0x000001a63e210b10: 4d8d 5b01 | 4d89 1c10 | 0f84 5600 | 0000 493b | 014d 8bc1 

  0x000001a63e210b24: ;   {metadata(method data for {method} {0x000001a698749330} 'readCategoryTable' '([CZ)Lorg/eclipse/jdt/internal/compiler/util/HashtableOfObject;' in 'org/eclipse/jdt/internal/core/index/DiskIndex')}
  0x000001a63e210b24: 48ba d8db | a999 a601 | 0000 4883 | 8290 0900 | 0001 4c8b | c049 8bd1 | 4c89 8c24 | 3801 0000 
  0x000001a63e210b44: ;   {optimized virtual_call}
  0x000001a63e210b44: 6666 90e8 

  0x000001a63e210b48: ; ImmutableOopMap {[136]=Oop [312]=Oop [320]=Oop [328]=Oop [456]=Oop }
                      ;*invokevirtual addSuppressed {reexecute=0 rethrow=0 return_oop=0}
                      ; - org.eclipse.jdt.internal.core.index.DiskIndex::readCategoryTable@480 (line 728)
  0x000001a63e210b48: 34dc 7f05 

  0x000001a63e210b4c: ;   {other}
  0x000001a63e210b4c: 0f1f 8400 | bc23 001c | 4c8b 8c24 | 3801 0000 | e913 0000 

  0x000001a63e210b60: ;   {metadata(method data for {method} {0x000001a698749330} 'readCategoryTable' '([CZ)Lorg/eclipse/jdt/internal/compiler/util/HashtableOfObject;' in 'org/eclipse/jdt/internal/core/index/DiskIndex')}
  0x000001a63e210b60: 0048 bad8 | dba9 99a6 | 0100 00ff | 8258 0900 | 004c 8bc8 

  0x000001a63e210b74: ; implicit exception: dispatches to 0x000001a63e211fa6
  0x000001a63e210b74: 493b 0149 

  0x000001a63e210b78: ; ImmutableOopMap {rax=Oop [136]=Oop [320]=Oop [328]=Oop [456]=Oop }
                      ;*athrow {reexecute=1 rethrow=0 return_oop=0}
                      ; - (reexecute) org.eclipse.jdt.internal.core.index.DiskIndex::readCategoryTable@485 (line 728)
                      ;   {section_word}
  0x000001a63e210b78: 8bc1 48ba | 7a0b 213e | a601 0000 

  0x000001a63e210b84: ;   {runtime_call handle_exception_nofpu Runtime1 stub}
  0x000001a63e210b84: e8f7 f181 | 0590 488b | 9424 8800 | 0000 498b | 8700 0500 | 004d 33d2 | 4d89 9700 | 0500 004d 
  0x000001a63e210ba4: 33d2 4d89 | 9708 0500 | 00c7 4250 | 0000 0000 | 488d 3248 | c1ee 0948 | bf00 00c9 | 47a6 0100 
  0x000001a63e210bc4: 00c6 043e 

  0x000001a63e210bc8: ; ImmutableOopMap {rsi=Oop rax=Oop [136]=Oop [320]=Oop [328]=Oop [456]=Oop }
                      ;*athrow {reexecute=1 rethrow=0 return_oop=0}
                      ; - (reexecute) org.eclipse.jdt.internal.core.index.DiskIndex::readCategoryTable@495 (line 730)
  0x000001a63e210bc8: 0048 8bf2 

  0x000001a63e210bcc: ;   {section_word}
  0x000001a63e210bcc: 48ba cc0b | 213e a601 

  0x000001a63e210bd4: ;   {runtime_call handle_exception_nofpu Runtime1 stub}
  0x000001a63e210bd4: 0000 e8a5 | f181 0590 | 488b b424 | 8800 0000 | 498b 8700 | 0500 004d | 33d2 4d89 | 9700 0500 
  0x000001a63e210bf4: 004d 33d2 | 4d89 9708 | 0500 008b | 5634 48c1 | e203 483b 

  0x000001a63e210c08: ;   {metadata(method data for {method} {0x000001a698749330} 'readCategoryTable' '([CZ)Lorg/eclipse/jdt/internal/compiler/util/HashtableOfObject;' in 'org/eclipse/jdt/internal/core/index/DiskIndex')}
  0x000001a63e210c08: 0249 b9d8 | dba9 99a6 | 0100 008b | 5208 49ba | 0000 0055 | a601 0000 | 4903 d249 | 3b91 d809 
  0x000001a63e210c28: 0000 750d | 4983 81e0 | 0900 0001 | e960 0000 | 0049 3b91 | e809 0000 | 750d 4983 | 81f0 0900 
  0x000001a63e210c48: 0001 e94a | 0000 0049 | 83b9 d809 | 0000 0075 | 1749 8991 | d809 0000 | 49c7 81e0 | 0900 0001 
  0x000001a63e210c68: 0000 00e9 | 2900 0000 | 4983 b9e8 | 0900 0000 | 7517 4989 | 91e8 0900 | 0049 c781 | f009 0000 
  0x000001a63e210c88: 0100 0000 | e908 0000 | 0049 8381 | c809 0000 

  0x000001a63e210c98: ;   {metadata(method data for {method} {0x000001a6974c8b40} 'close' '()V' in 'org/eclipse/jdt/internal/core/index/IndexLocation')}
  0x000001a63e210c98: 0148 ba70 | 0fc5 99a6 | 0100 0044 | 8b8a cc00 | 0000 4183 | c102 4489 | 8acc 0000 | 0041 81e1 
  0x000001a63e210cb8: feff 1f00 | 4585 c90f | 84eb 1200 

  0x000001a63e210cc4: ; ImmutableOopMap {r8=Oop rcx=Oop rsi=Oop rax=Oop [136]=Oop [456]=Oop }
                      ;*athrow {reexecute=1 rethrow=0 return_oop=0}
                      ; - (reexecute) org.eclipse.jdt.internal.core.index.DiskIndex::readCategoryTable@507 (line 733)
                      ;   {section_word}
  0x000001a63e210cc4: 0048 bac5 | 0c21 3ea6 

  0x000001a63e210ccc: ;   {runtime_call handle_exception_nofpu Runtime1 stub}
  0x000001a63e210ccc: 0100 00e8 | acf0 8105 | 9049 8b87 | 0005 0000 | 4d33 d24d | 8997 0005 | 0000 4d33 | d24d 8997 
  0x000001a63e210cec: 0805 0000 | 4889 8424 | 5801 0000 

  0x000001a63e210cf8: ;   {metadata(method data for {method} {0x000001a698749330} 'readCategoryTable' '([CZ)Lorg/eclipse/jdt/internal/compiler/util/HashtableOfObject;' in 'org/eclipse/jdt/internal/core/index/DiskIndex')}
  0x000001a63e210cf8: 49b8 d8db | a999 a601 | 0000 4983 | 8050 0a00 

  0x000001a63e210d08: ;   {metadata(method data for {method} {0x000001a696c3ac58} 'get' '()Lorg/eclipse/core/runtime/ILog;' in 'org/eclipse/core/runtime/ILog')}
  0x000001a63e210d08: 0001 49b8 | 70ad 7399 | a601 0000 | 458b 88cc | 0000 0041 | 83c1 0245 | 8988 cc00 | 0000 4181 
  0x000001a63e210d28: e1fe ff1f | 0045 85c9 | 0f84 9b12 

  0x000001a63e210d34: ;   {oop(a 'java/lang/StackWalker'{0x00000007006c8998})}
  0x000001a63e210d34: 0000 49b8 | 9889 6c00 | 0700 0000 

  0x000001a63e210d40: ;   {metadata(method data for {method} {0x000001a696c3ac58} 'get' '()Lorg/eclipse/core/runtime/ILog;' in 'org/eclipse/core/runtime/ILog')}
  0x000001a63e210d40: 4d8b c849 | bb70 ad73 | 99a6 0100 | 0049 8383 | 1001 0000 | 0149 8bd0 | 0f1f 8000 

  0x000001a63e210d5c: ;   {optimized virtual_call}
  0x000001a63e210d5c: 0000 00e8 

  0x000001a63e210d60: ; ImmutableOopMap {[136]=Oop [344]=Oop [360]=Oop [368]=Oop [456]=Oop }
                      ;*invokevirtual getCallerClass {reexecute=0 rethrow=0 return_oop=0}
                      ; - org.eclipse.core.runtime.ILog::get@3 (line 173)
                      ; - org.eclipse.jdt.internal.core.index.DiskIndex::readCategoryTable@520 (line 735)
  0x000001a63e210d60: 1cda 7f05 

  0x000001a63e210d64: ;   {other}
  0x000001a63e210d64: 0f1f 8400 | d425 0020 

  0x000001a63e210d6c: ;   {metadata(method data for {method} {0x000001a696c3ac58} 'get' '()Lorg/eclipse/core/runtime/ILog;' in 'org/eclipse/core/runtime/ILog')}
  0x000001a63e210d6c: 48ba 70ad | 7399 a601 | 0000 4883 | 8248 0100 

  0x000001a63e210d7c: ;   {metadata(method data for {method} {0x000001a696c3ab98} 'of' '(Ljava/lang/Class;)Lorg/eclipse/core/runtime/ILog;' in 'org/eclipse/core/runtime/ILog')}
  0x000001a63e210d7c: 0001 48ba | 10af 7399 | a601 0000 | 8bb2 cc00 | 0000 83c6 | 0289 b2cc | 0000 0081 | e6fe ff1f 
  0x000001a63e210d9c: 0085 f60f | 844d 1200 

  0x000001a63e210da4: ;   {metadata(method data for {method} {0x000001a696c3ab98} 'of' '(Ljava/lang/Class;)Lorg/eclipse/core/runtime/ILog;' in 'org/eclipse/core/runtime/ILog')}
  0x000001a63e210da4: 0048 ba10 | af73 99a6 | 0100 0048 | 8382 1001 | 0000 0148 | 8bd0 0f1f 

  0x000001a63e210dbc: ;   {static_call}
  0x000001a63e210dbc: 4400 00e8 

  0x000001a63e210dc0: ; ImmutableOopMap {[136]=Oop [344]=Oop [360]=Oop [368]=Oop [456]=Oop }
                      ;*invokestatic getBundle {reexecute=0 rethrow=0 return_oop=0}
                      ; - org.eclipse.core.runtime.ILog::of@1 (line 159)
                      ; - org.eclipse.core.runtime.ILog::get@6 (line 173)
                      ; - org.eclipse.jdt.internal.core.index.DiskIndex::readCategoryTable@520 (line 735)
  0x000001a63e210dc0: bcdf 7f05 

  0x000001a63e210dc4: ;   {other}
  0x000001a63e210dc4: 0f1f 8400 | 3426 0021 

  0x000001a63e210dcc: ;   {metadata(method data for {method} {0x000001a696c3ab98} 'of' '(Ljava/lang/Class;)Lorg/eclipse/core/runtime/ILog;' in 'org/eclipse/core/runtime/ILog')}
  0x000001a63e210dcc: 49b8 10af | 7399 a601 | 0000 4983 | 8020 0100 

  0x000001a63e210ddc: ;   {metadata(method data for {method} {0x000001a696c367f0} 'getDefault' '()Lorg/eclipse/core/internal/runtime/InternalPlatform;' in 'org/eclipse/core/internal/runtime/InternalPlatform')}
  0x000001a63e210ddc: 0001 49b8 | a8a7 fd98 | a601 0000 | 418b 90cc | 0000 0083 | c202 4189 | 90cc 0000 | 0081 e2fe 
  0x000001a63e210dfc: ff1f 0085 | d20f 840c 

  0x000001a63e210e04: ;   {oop(a 'org/eclipse/core/internal/runtime/InternalPlatform'{0x00000007006c8748})}
  0x000001a63e210e04: 1200 0048 | ba48 876c | 0007 0000 | 004c 8bc2 

  0x000001a63e210e14: ;   {metadata(method data for {method} {0x000001a696c3ab98} 'of' '(Ljava/lang/Class;)Lorg/eclipse/core/runtime/ILog;' in 'org/eclipse/core/runtime/ILog')}
  0x000001a63e210e14: 48be 10af | 7399 a601 | 0000 4883 | 8630 0100 | 0001 4c8b | c066 0f1f 

  0x000001a63e210e2c: ;   {optimized virtual_call}
  0x000001a63e210e2c: 4400 00e8 

  0x000001a63e210e30: ; ImmutableOopMap {[136]=Oop [344]=Oop [360]=Oop [368]=Oop [456]=Oop }
                      ;*invokevirtual getLog {reexecute=0 rethrow=0 return_oop=0}
                      ; - org.eclipse.core.runtime.ILog::of@9 (line 160)
                      ; - org.eclipse.core.runtime.ILog::get@6 (line 173)
                      ; - org.eclipse.jdt.internal.core.index.DiskIndex::readCategoryTable@520 (line 735)
  0x000001a63e210e30: 4cd9 7f05 

  0x000001a63e210e34: ;   {other}
  0x000001a63e210e34: 0f1f 8400 | a426 0022 | e9f3 0000 | 0049 8b87 | 0005 0000 | 4d33 d24d | 8997 0005 | 0000 4d33 
  0x000001a63e210e54: d24d 8997 | 0805 0000 

  0x000001a63e210e5c: ;   {metadata(method data for {method} {0x000001a696c3ac58} 'get' '()Lorg/eclipse/core/runtime/ILog;' in 'org/eclipse/core/runtime/ILog')}
  0x000001a63e210e5c: 48ba 70ad | 7399 a601 | 0000 4883 | 8258 0100 

  0x000001a63e210e6c: ;   {metadata(method data for {method} {0x000001a696c3ab98} 'of' '(Ljava/lang/Class;)Lorg/eclipse/core/runtime/ILog;' in 'org/eclipse/core/runtime/ILog')}
  0x000001a63e210e6c: 0001 48ba | 10af 7399 | a601 0000 | 8bb2 cc00 | 0000 83c6 | 0289 b2cc | 0000 0081 | e6fe ff1f 
  0x000001a63e210e8c: 0085 f60f | 849f 1100 

  0x000001a63e210e94: ;   {metadata(method data for {method} {0x000001a696c3ab98} 'of' '(Ljava/lang/Class;)Lorg/eclipse/core/runtime/ILog;' in 'org/eclipse/core/runtime/ILog')}
  0x000001a63e210e94: 0048 ba10 | af73 99a6 | 0100 0048 | 8382 1001 

  0x000001a63e210ea4: ;   {oop(a 'java/lang/Class'{0x00000007006c85c0} = 'org/eclipse/core/runtime/ILog')}
  0x000001a63e210ea4: 0000 0148 | bac0 856c | 0007 0000 | 0066 0f1f 

  0x000001a63e210eb4: ;   {static_call}
  0x000001a63e210eb4: 4400 00e8 

  0x000001a63e210eb8: ; ImmutableOopMap {[136]=Oop [344]=Oop [360]=Oop [368]=Oop [456]=Oop }
                      ;*invokestatic getBundle {reexecute=0 rethrow=0 return_oop=0}
                      ; - org.eclipse.core.runtime.ILog::of@1 (line 159)
                      ; - org.eclipse.core.runtime.ILog::get@13 (line 175)
                      ; - org.eclipse.jdt.internal.core.index.DiskIndex::readCategoryTable@520 (line 735)
  0x000001a63e210eb8: c4de 7f05 

  0x000001a63e210ebc: ;   {other}
  0x000001a63e210ebc: 0f1f 8400 | 2c27 0023 

  0x000001a63e210ec4: ;   {metadata(method data for {method} {0x000001a696c3ab98} 'of' '(Ljava/lang/Class;)Lorg/eclipse/core/runtime/ILog;' in 'org/eclipse/core/runtime/ILog')}
  0x000001a63e210ec4: 49b8 10af | 7399 a601 | 0000 4983 | 8020 0100 

  0x000001a63e210ed4: ;   {metadata(method data for {method} {0x000001a696c367f0} 'getDefault' '()Lorg/eclipse/core/internal/runtime/InternalPlatform;' in 'org/eclipse/core/internal/runtime/InternalPlatform')}
  0x000001a63e210ed4: 0001 49b8 | a8a7 fd98 | a601 0000 | 418b 90cc | 0000 0083 | c202 4189 | 90cc 0000 | 0081 e2fe 
  0x000001a63e210ef4: ff1f 0085 | d20f 8456 

  0x000001a63e210efc: ;   {oop(a 'org/eclipse/core/internal/runtime/InternalPlatform'{0x00000007006c8748})}
  0x000001a63e210efc: 1100 0048 | ba48 876c | 0007 0000 | 004c 8bc2 

  0x000001a63e210f0c: ;   {metadata(method data for {method} {0x000001a696c3ab98} 'of' '(Ljava/lang/Class;)Lorg/eclipse/core/runtime/ILog;' in 'org/eclipse/core/runtime/ILog')}
  0x000001a63e210f0c: 48be 10af | 7399 a601 | 0000 4883 | 8630 0100 | 0001 4c8b | c066 0f1f 

  0x000001a63e210f24: ;   {optimized virtual_call}
  0x000001a63e210f24: 4400 00e8 

  0x000001a63e210f28: ; ImmutableOopMap {[136]=Oop [344]=Oop [360]=Oop [368]=Oop [456]=Oop }
                      ;*invokevirtual getLog {reexecute=0 rethrow=0 return_oop=0}
                      ; - org.eclipse.core.runtime.ILog::of@9 (line 160)
                      ; - org.eclipse.core.runtime.ILog::get@13 (line 175)
                      ; - org.eclipse.jdt.internal.core.index.DiskIndex::readCategoryTable@520 (line 735)
  0x000001a63e210f28: 54d8 7f05 

  0x000001a63e210f2c: ;   {other}
  0x000001a63e210f2c: 0f1f 8400 | 9c27 0024 | 488b 9424 | 8800 0000 | 8b72 3448 

  0x000001a63e210f40: ;   {metadata(method data for {method} {0x000001a698749330} 'readCategoryTable' '([CZ)Lorg/eclipse/jdt/internal/compiler/util/HashtableOfObject;' in 'org/eclipse/jdt/internal/core/index/DiskIndex')}
  0x000001a63e210f40: c1e6 0348 | bfd8 dba9 | 99a6 0100 | 0048 8387 | 600a 0000 

  0x000001a63e210f54: ;   {metadata(method data for {method} {0x000001a655454f60} 'valueOf' '(Ljava/lang/Object;)Ljava/lang/String;' in 'java/lang/String')}
  0x000001a63e210f54: 0148 bf40 | 3f0a 96a6 | 0100 008b | 9fcc 0000 | 0083 c302 | 899f cc00 | 0000 81e3 | feff 1f00 
  0x000001a63e210f74: 85db 0f84 | fa10 0000 

  0x000001a63e210f7c: ;   {metadata(method data for {method} {0x000001a655454f60} 'valueOf' '(Ljava/lang/Object;)Ljava/lang/String;' in 'java/lang/String')}
  0x000001a63e210f7c: 4885 f648 | bf40 3f0a | 96a6 0100 | 0048 c7c3 | 1001 0000 | 7507 48c7 | c320 0100 | 0048 8b0c 
  0x000001a63e210f9c: 1f48 8d49 | 0148 890c | 1f0f 8527 

  0x000001a63e210fa8: ;   {metadata(method data for {method} {0x000001a655454f60} 'valueOf' '(Ljava/lang/Object;)Ljava/lang/String;' in 'java/lang/String')}
  0x000001a63e210fa8: 0000 0048 | be40 3f0a | 96a6 0100 | 00ff 8630 

  0x000001a63e210fb8: ;   {oop("null"{0x0000000700000748})}
  0x000001a63e210fb8: 0100 0048 | be48 0700 | 0007 0000 | 0048 8984 | 2478 0100 | 00e9 ed00 | 0000 4889 | 8424 7801 
  0x000001a63e210fd8: 0000 483b | 0648 8bfe 

  0x000001a63e210fe0: ;   {metadata(method data for {method} {0x000001a655454f60} 'valueOf' '(Ljava/lang/Object;)Ljava/lang/String;' in 'java/lang/String')}
  0x000001a63e210fe0: 48bb 403f | 0a96 a601 | 0000 8b7f | 0849 ba00 | 0000 55a6 | 0100 0049 | 03fa 483b | bb58 0100 
  0x000001a63e211000: 0075 0d48 | 8383 6001 | 0000 01e9 | 6000 0000 | 483b bb68 | 0100 0075 | 0d48 8383 | 7001 0000 
  0x000001a63e211020: 01e9 4a00 | 0000 4883 | bb58 0100 | 0000 7517 | 4889 bb58 | 0100 0048 | c783 6001 | 0000 0100 
  0x000001a63e211040: 0000 e929 | 0000 0048 | 83bb 6801 | 0000 0075 | 1748 89bb | 6801 0000 | 48c7 8370 | 0100 0001 
  0x000001a63e211060: 0000 00e9 | 0800 0000 | 4883 8348 | 0100 0001 

  0x000001a63e211070: ;   {metadata(method data for {method} {0x000001a6974c93c0} 'toString' '()Ljava/lang/String;' in 'org/eclipse/jdt/internal/core/index/IndexLocation')}
  0x000001a63e211070: 48bf f877 | ed99 a601 | 0000 8b9f | cc00 0000 | 83c3 0289 | 9fcc 0000 | 0081 e3fe | ff1f 0085 
  0x000001a63e211090: db0f 8405 | 1000 008b | 7610 48c1 | e603 488b | d60f 1f40 | 0048 b8ff | ffff ffff 

  0x000001a63e2110ac: ;   {virtual_call}
  0x000001a63e2110ac: ffff ffe8 

  0x000001a63e2110b0: ; ImmutableOopMap {[136]=Oop [344]=Oop [360]=Oop [368]=Oop [376]=Oop [456]=Oop }
                      ;*invokevirtual toString {reexecute=0 rethrow=0 return_oop=0}
                      ; - org.eclipse.jdt.internal.core.index.IndexLocation::toString@4 (line 153)
                      ; - java.lang.String::valueOf@11
                      ; - org.eclipse.jdt.internal.core.index.DiskIndex::readCategoryTable@527 (line 735)
  0x000001a63e2110b0: ccd9 7f05 

  0x000001a63e2110b4: ;   {other}
  0x000001a63e2110b4: 0f1f 8400 | 2429 0025 | 488b f090 

  0x000001a63e2110c0: ;   {no_reloc}
  0x000001a63e2110c0: e907 1000 | 0090 9090 | 9090 488b 

  0x000001a63e2110cc: ;   {static_call}
  0x000001a63e2110cc: d666 90e8 

  0x000001a63e2110d0: ; ImmutableOopMap {[136]=Oop [344]=Oop [360]=Oop [368]=Oop [376]=Oop [456]=Oop }
                      ;*invokedynamic {reexecute=0 rethrow=0 return_oop=0}
                      ; - org.eclipse.jdt.internal.core.index.DiskIndex::readCategoryTable@530 (line 735)
  0x000001a63e2110d0: acdc 7f05 

  0x000001a63e2110d4: ;   {other}
  0x000001a63e2110d4: 0f1f 8400 | 4429 0026 

  0x000001a63e2110dc: ;   {metadata(method data for {method} {0x000001a698749330} 'readCategoryTable' '([CZ)Lorg/eclipse/jdt/internal/compiler/util/HashtableOfObject;' in 'org/eclipse/jdt/internal/core/index/DiskIndex')}
  0x000001a63e2110dc: 49b8 d8db | a999 a601 | 0000 4d8d | 8090 0a00 | 0048 85c0 | 750b 41f6 | 0001 7505 | f049 8308 
  0x000001a63e2110fc: 0148 8b94 | 2478 0100 | 0048 85d2 | 0f84 2900 

  0x000001a63e21110c: ;   {metadata('org/eclipse/core/internal/runtime/Log')}
  0x000001a63e21110c: 0000 48bf | 38eb 1a56 | a601 0000 | 8b72 0849 | ba00 0000 | 55a6 0100 | 0049 03f2 | 483b 7e38 
  0x000001a63e21112c: 0f85 a40f | 0000 e900 | 0000 004c | 8bc2 483b | 024c 8bc2 

  0x000001a63e211140: ;   {metadata(method data for {method} {0x000001a698749330} 'readCategoryTable' '([CZ)Lorg/eclipse/jdt/internal/compiler/util/HashtableOfObject;' in 'org/eclipse/jdt/internal/core/index/DiskIndex')}
  0x000001a63e211140: 49b9 d8db | a999 a601 | 0000 458b | 4008 49ba | 0000 0055 | a601 0000 | 4d03 c24d | 3b81 b00a 
  0x000001a63e211160: 0000 750d | 4983 81b8 | 0a00 0001 | e960 0000 | 004d 3b81 | c00a 0000 | 750d 4983 | 81c8 0a00 
  0x000001a63e211180: 0001 e94a | 0000 0049 | 83b9 b00a | 0000 0075 | 174d 8981 | b00a 0000 | 49c7 81b8 | 0a00 0001 
  0x000001a63e2111a0: 0000 00e9 | 2900 0000 | 4983 b9c0 | 0a00 0000 | 7517 4d89 | 81c0 0a00 | 0049 c781 | c80a 0000 
  0x000001a63e2111c0: 0100 0000 | e908 0000 | 0049 8381 | a00a 0000 | 014c 8bc0 | 4c8b 8c24 | 5801 0000 

  0x000001a63e2111dc: ;   {optimized virtual_call}
  0x000001a63e2111dc: 6666 90e8 

  0x000001a63e2111e0: ; ImmutableOopMap {[136]=Oop [360]=Oop [368]=Oop [456]=Oop }
                      ;*invokeinterface warn {reexecute=0 rethrow=0 return_oop=0}
                      ; - org.eclipse.jdt.internal.core.index.DiskIndex::readCategoryTable@537 (line 735)
  0x000001a63e2111e0: 9cd5 7f05 

  0x000001a63e2111e4: ;   {other}
  0x000001a63e2111e4: 0f1f 8400 | 542a 0027 | 488b 9424 | 8800 0000 | 8b72 3448 | c1e6 0348 | 3b06 488b 

  0x000001a63e211200: ;   {metadata(method data for {method} {0x000001a698749330} 'readCategoryTable' '([CZ)Lorg/eclipse/jdt/internal/compiler/util/HashtableOfObject;' in 'org/eclipse/jdt/internal/core/index/DiskIndex')}
  0x000001a63e211200: fe48 bbd8 | dba9 99a6 

  0x000001a63e211208: ;   {metadata('org/eclipse/jdt/internal/core/index/FileIndexLocation')}
  0x000001a63e211208: 0100 0049 | ba18 f42c | 56a6 0100 | 004c 8993 | e80a 0000 | 4883 83f0 | 0a00 0001 

  0x000001a63e211224: ;   {metadata(method data for {method} {0x000001a6974c9cf0} 'delete' '()Z' in 'org/eclipse/jdt/internal/core/index/FileIndexLocation')}
  0x000001a63e211224: 48bf 8079 | ed99 a601 | 0000 8b9f | cc00 0000 | 83c3 0289 | 9fcc 0000 | 0081 e3fe | ff1f 0085 
  0x000001a63e211244: db0f 849a | 0e00 008b | 7618 48c1 | e603 483b | 0648 8bfe 

  0x000001a63e211258: ;   {metadata(method data for {method} {0x000001a6974c9cf0} 'delete' '()Z' in 'org/eclipse/jdt/internal/core/index/FileIndexLocation')}
  0x000001a63e211258: 48bb 8079 | ed99 a601 

  0x000001a63e211260: ;   {metadata('java/io/File')}
  0x000001a63e211260: 0000 49ba | 10f6 0455 | a601 0000 | 4c89 9320 | 0100 0048 | 8383 2801 | 0000 0148 

  0x000001a63e21127c: ;   {optimized virtual_call}
  0x000001a63e21127c: 8bd6 90e8 

  0x000001a63e211280: ; ImmutableOopMap {[136]=Oop [360]=Oop [368]=Oop [456]=Oop }
                      ;*invokevirtual delete {reexecute=0 rethrow=0 return_oop=0}
                      ; - org.eclipse.jdt.internal.core.index.FileIndexLocation::delete@4 (line 57)
                      ; - org.eclipse.jdt.internal.core.index.DiskIndex::readCategoryTable@546 (line 738)
  0x000001a63e211280: fcd4 7f05 

  0x000001a63e211284: ;   {other}
  0x000001a63e211284: 0f1f 8400 | f42a 0028 | 8bbc 2460 | 0100 008b | 9c24 6401 | 0000 488b | 8424 6801 | 0000 488b 
  0x000001a63e2112a4: b424 7001 | 0000 4885 

  0x000001a63e2112ac: ;   {metadata(method data for {method} {0x000001a698749330} 'readCategoryTable' '([CZ)Lorg/eclipse/jdt/internal/compiler/util/HashtableOfObject;' in 'org/eclipse/jdt/internal/core/index/DiskIndex')}
  0x000001a63e2112ac: c048 bad8 | dba9 99a6 | 0100 0048 | c7c1 200b | 0000 7507 | 48c7 c110 | 0b00 004c | 8b04 0a4d 
  0x000001a63e2112cc: 8d40 014c | 8904 0a0f | 850d 0000 | 0048 8b94 | 2488 0000 | 00e9 b606 | 0000 85db 

  0x000001a63e2112e8: ;   {metadata(method data for {method} {0x000001a698749330} 'readCategoryTable' '([CZ)Lorg/eclipse/jdt/internal/compiler/util/HashtableOfObject;' in 'org/eclipse/jdt/internal/core/index/DiskIndex')}
  0x000001a63e2112e8: 48ba d8db | a999 a601 | 0000 48c7 | c140 0b00 | 007f 0748 | c7c1 300b | 0000 4c8b | 040a 4d8d 
  0x000001a63e211308: 4001 4c89 | 040a 0f8f | 0d00 0000 | 488b 9424 | 8800 0000 | e97b 0600 | 0089 bc24 | 8001 0000 
  0x000001a63e211328: 899c 2484 | 0100 0048 | 8984 2488 | 0100 0048 | 89b4 2490 | 0100 0048 | 8b94 2488 | 0000 008b 
  0x000001a63e211348: 4a34 48c1 | e103 483b | 014c 8bc1 

  0x000001a63e211354: ;   {metadata(method data for {method} {0x000001a698749330} 'readCategoryTable' '([CZ)Lorg/eclipse/jdt/internal/compiler/util/HashtableOfObject;' in 'org/eclipse/jdt/internal/core/index/DiskIndex')}
  0x000001a63e211354: 49b9 d8db | a999 a601 | 0000 458b | 4008 49ba | 0000 0055 | a601 0000 | 4d03 c24d | 3b81 600b 
  0x000001a63e211374: 0000 750d | 4983 8168 | 0b00 0001 | e960 0000 | 004d 3b81 | 700b 0000 | 750d 4983 | 8178 0b00 
  0x000001a63e211394: 0001 e94a | 0000 0049 | 83b9 600b | 0000 0075 | 174d 8981 | 600b 0000 | 49c7 8168 | 0b00 0001 
  0x000001a63e2113b4: 0000 00e9 | 2900 0000 | 4983 b970 | 0b00 0000 | 7517 4d89 | 8170 0b00 | 0049 c781 | 780b 0000 
  0x000001a63e2113d4: 0100 0000 | e908 0000 | 0049 8381 | 500b 0000 | 0148 8bd1 | 0f1f 4400 | 0048 b8ff | ffff ffff 
  0x000001a63e2113f4: ;   {virtual_call}
  0x000001a63e2113f4: ffff ffe8 

  0x000001a63e2113f8: ; ImmutableOopMap {[136]=Oop [392]=Oop [400]=Oop [456]=Oop }
                      ;*invokevirtual getInputStream {reexecute=0 rethrow=0 return_oop=0}
                      ; - org.eclipse.jdt.internal.core.index.DiskIndex::readCategoryTable@570 (line 742)
  0x000001a63e2113f8: 84d6 7f05 

  0x000001a63e2113fc: ;   {other}
  0x000001a63e2113fc: 0f1f 8400 | 6c2c 0029 | 4889 8424 | 9801 0000 | 8bbc 2480 | 0100 0048 | 3b00 4c8b 

  0x000001a63e211418: ;   {metadata(method data for {method} {0x000001a698749330} 'readCategoryTable' '([CZ)Lorg/eclipse/jdt/internal/compiler/util/HashtableOfObject;' in 'org/eclipse/jdt/internal/core/index/DiskIndex')}
  0x000001a63e211418: c048 bed8 | dba9 99a6 | 0100 0045 | 8b40 0849 | ba00 0000 | 55a6 0100 | 004d 03c2 | 4c3b 8698 
  0x000001a63e211438: 0b00 0075 | 0d48 8386 | a00b 0000 | 01e9 6000 | 0000 4c3b | 86a8 0b00 | 0075 0d48 | 8386 b00b 
  0x000001a63e211458: 0000 01e9 | 4a00 0000 | 4883 be98 | 0b00 0000 | 7517 4c89 | 8698 0b00 | 0048 c786 | a00b 0000 
  0x000001a63e211478: 0100 0000 | e929 0000 | 0048 83be | a80b 0000 | 0075 174c | 8986 a80b | 0000 48c7 | 86b0 0b00 
  0x000001a63e211498: 0001 0000 | 00e9 0800 | 0000 4883 | 8688 0b00 | 0001 4863 | ff4c 8bc7 | 488b d066 | 9048 b8ff 
  0x000001a63e2114b8: ffff ffff 

  0x000001a63e2114bc: ;   {virtual_call}
  0x000001a63e2114bc: ffff ffe8 

  0x000001a63e2114c0: ; ImmutableOopMap {[136]=Oop [392]=Oop [400]=Oop [408]=Oop [456]=Oop }
                      ;*invokevirtual skip {reexecute=0 rethrow=0 return_oop=0}
                      ; - org.eclipse.jdt.internal.core.index.DiskIndex::readCategoryTable@580 (line 743)
  0x000001a63e2114c0: bcd5 7f05 

  0x000001a63e2114c4: ;   {other}
  0x000001a63e2114c4: 0f1f 8400 | 342d 002a | 488b 9424 | 8800 0000 | c742 2400 | 0000 0044 | 8b42 5049 | c1e0 0341 
  0x000001a63e2114e4: 8b78 0c48 | 8b84 2498 

  0x000001a63e2114ec: ;   {metadata(method data for {method} {0x000001a698749330} 'readCategoryTable' '([CZ)Lorg/eclipse/jdt/internal/compiler/util/HashtableOfObject;' in 'org/eclipse/jdt/internal/core/index/DiskIndex')}
  0x000001a63e2114ec: 0100 0049 | b9d8 dba9 | 99a6 0100 | 008b 4008 | 49ba 0000 | 0055 a601 | 0000 4903 | c249 3b81 
  0x000001a63e21150c: d00b 0000 | 750d 4983 | 81d8 0b00 | 0001 e960 | 0000 0049 | 3b81 e00b | 0000 750d | 4983 81e8 
  0x000001a63e21152c: 0b00 0001 | e94a 0000 | 0049 83b9 | d00b 0000 | 0075 1749 | 8981 d00b | 0000 49c7 | 81d8 0b00 
  0x000001a63e21154c: 0001 0000 | 00e9 2900 | 0000 4983 | b9e0 0b00 | 0000 7517 | 4989 81e0 | 0b00 0049 | c781 e80b 
  0x000001a63e21156c: 0000 0100 | 0000 e908 | 0000 0049 | 8381 c00b | 0000 0141 | b900 0000 | 0048 8b94 | 2498 0100 
  0x000001a63e21158c: 0048 b8ff | ffff ffff 

  0x000001a63e211594: ;   {virtual_call}
  0x000001a63e211594: ffff ffe8 

  0x000001a63e211598: ; ImmutableOopMap {[136]=Oop [392]=Oop [400]=Oop [408]=Oop [456]=Oop }
                      ;*invokevirtual read {reexecute=0 rethrow=0 return_oop=0}
                      ; - org.eclipse.jdt.internal.core.index.DiskIndex::readCategoryTable@602 (line 745)
  0x000001a63e211598: e4d4 7f05 

  0x000001a63e21159c: ;   {other}
  0x000001a63e21159c: 0f1f 8400 | 0c2e 002b | 488b 9424 | 8800 0000 

  0x000001a63e2115ac: ;   {metadata(method data for {method} {0x000001a698749330} 'readCategoryTable' '([CZ)Lorg/eclipse/jdt/internal/compiler/util/HashtableOfObject;' in 'org/eclipse/jdt/internal/core/index/DiskIndex')}
  0x000001a63e2115ac: 8942 2849 | b8d8 dba9 | 99a6 0100 | 0041 ff80 | f80b 0000 | be00 0000 | 0048 8bbc | 2498 0100 
  0x000001a63e2115cc: 008b 9c24 | 8401 0000 | 488b 8424 | 8801 0000 | e91b 0100 | 000f 1f80 | 0000 0000 | 899c 2484 
  0x000001a63e2115ec: 0100 003b | 700c 0f83 | 2c0b 0000 | 4c63 c646 | 8b4c 8010 | 49c1 e103 

  0x000001a63e211604: ;   {metadata(method data for {method} {0x000001a698749330} 'readCategoryTable' '([CZ)Lorg/eclipse/jdt/internal/compiler/util/HashtableOfObject;' in 'org/eclipse/jdt/internal/core/index/DiskIndex')}
  0x000001a63e211604: 4c8b c249 | bbd8 dba9 | 99a6 0100 | 0049 8383 | 100c 0000 | 014c 8bc7 | 4c8b da49 | 8bd3 4889 
  0x000001a63e211624: 8424 8801 | 0000 89b4 | 24a8 0100 | 004c 898c | 24a0 0100 | 0066 0f1f 

  0x000001a63e21163c: ;   {optimized virtual_call}
  0x000001a63e21163c: 4400 00e8 

  0x000001a63e211640: ; ImmutableOopMap {[136]=Oop [392]=Oop [400]=Oop [408]=Oop [416]=Oop [456]=Oop }
                      ;*invokevirtual readStreamInt {reexecute=0 rethrow=0 return_oop=0}
                      ; - org.eclipse.jdt.internal.core.index.DiskIndex::readCategoryTable@627 (line 747)
  0x000001a63e211640: 3cd1 7f05 

  0x000001a63e211644: ;   {other}
  0x000001a63e211644: 0f1f 8400 | b42e 002c | 488b 9424 | 8800 0000 

  0x000001a63e211654: ;   {metadata(method data for {method} {0x000001a698749330} 'readCategoryTable' '([CZ)Lorg/eclipse/jdt/internal/compiler/util/HashtableOfObject;' in 'org/eclipse/jdt/internal/core/index/DiskIndex')}
  0x000001a63e211654: 49b8 d8db | a999 a601 | 0000 4983 | 8048 0c00 | 0001 4c8b | 8424 9801 | 0000 4c8b | c848 8b94 
  0x000001a63e211674: 2488 0000 | 0066 0f1f 

  0x000001a63e21167c: ;   {optimized virtual_call}
  0x000001a63e21167c: 4400 00e8 

  0x000001a63e211680: ; ImmutableOopMap {[136]=Oop [392]=Oop [400]=Oop [408]=Oop [416]=Oop [456]=Oop }
                      ;*invokevirtual readStreamDocumentArray {reexecute=0 rethrow=0 return_oop=0}
                      ; - org.eclipse.jdt.internal.core.index.DiskIndex::readCategoryTable@630 (line 747)
  0x000001a63e211680: fcd0 7f05 

  0x000001a63e211684: ;   {other}
  0x000001a63e211684: 0f1f 8400 | f42e 002d | 488b b424 | 9001 0000 

  0x000001a63e211694: ; implicit exception: dispatches to 0x000001a63e212132
  0x000001a63e211694: 483b 064c 

  0x000001a63e211698: ;   {metadata(method data for {method} {0x000001a698749330} 'readCategoryTable' '([CZ)Lorg/eclipse/jdt/internal/compiler/util/HashtableOfObject;' in 'org/eclipse/jdt/internal/core/index/DiskIndex')}
  0x000001a63e211698: 8bc6 49b9 | d8db a999 | a601 0000 | 4983 8180 | 0c00 0001 | 4c8b 8424 | a001 0000 | 4c8b c848 
  0x000001a63e2116b8: 8bd6 4889 | b424 9001 | 0000 0f1f 

  0x000001a63e2116c4: ;   {optimized virtual_call}
  0x000001a63e2116c4: 4400 00e8 

  0x000001a63e2116c8: ; ImmutableOopMap {[136]=Oop [392]=Oop [400]=Oop [408]=Oop [456]=Oop }
                      ;*invokevirtual put {reexecute=0 rethrow=0 return_oop=0}
                      ; - org.eclipse.jdt.internal.core.index.DiskIndex::readCategoryTable@633 (line 747)
  0x000001a63e2116c8: b4d0 7f05 

  0x000001a63e2116cc: ;   {other}
  0x000001a63e2116cc: 0f1f 8400 | 3c2f 002e | 8bb4 24a8 | 0100 00ff | c648 8bbc | 2498 0100 | 008b 9c24 | 8401 0000 
  0x000001a63e2116ec: 488b 8424 | 8801 0000 | 488b 9424 | 8800 0000 | 3bf3 41b8 | 0200 0000 | 7c06 41b8 | 0000 0000 
  0x000001a63e21170c: ;   {metadata(method data for {method} {0x000001a698749330} 'readCategoryTable' '([CZ)Lorg/eclipse/jdt/internal/compiler/util/HashtableOfObject;' in 'org/eclipse/jdt/internal/core/index/DiskIndex')}
  0x000001a63e21170c: 49b9 d8db | a999 a601 | 0000 458b | 99d0 0000 | 0045 03d8 | 4589 99d0 | 0000 0045 | 85c0 7506 
  0x000001a63e21172c: 41bb 0200 | 0000 4181 | e3fe 3f00 | 0045 85db | 0f84 f509 | 0000 4d8b | 9758 0400 

  0x000001a63e211748: ; ImmutableOopMap {rdx=Oop rax=Oop rdi=Oop [136]=Oop [400]=Oop [408]=Oop [456]=Oop }
                      ;*if_icmplt {reexecute=1 rethrow=0 return_oop=0}
                      ; - (reexecute) org.eclipse.jdt.internal.core.index.DiskIndex::readCategoryTable@644 (line 746)
                      ;   {poll}
  0x000001a63e211748: 0041 8502 

  0x000001a63e21174c: ;   {metadata(method data for {method} {0x000001a698749330} 'readCategoryTable' '([CZ)Lorg/eclipse/jdt/internal/compiler/util/HashtableOfObject;' in 'org/eclipse/jdt/internal/core/index/DiskIndex')}
  0x000001a63e21174c: 3bf3 49b8 | d8db a999 | a601 0000 | 49c7 c1b8 | 0c00 007c | 0749 c7c1 | c80c 0000 | 4f8b 1c08 
  0x000001a63e21176c: 4d8d 5b01 | 4f89 1c08 | 0f8c 6efe | ffff 488b | f748 85f6 

  0x000001a63e211780: ;   {metadata(method data for {method} {0x000001a698749330} 'readCategoryTable' '([CZ)Lorg/eclipse/jdt/internal/compiler/util/HashtableOfObject;' in 'org/eclipse/jdt/internal/core/index/DiskIndex')}
  0x000001a63e211780: 48ba d8db | a999 a601 | 0000 48c7 | c7d8 0c00 | 0074 0748 | c7c7 e80c | 0000 488b | 1c3a 488d 
  0x000001a63e2117a0: 5b01 4889 | 1c3a 0f84 | 1f01 0000 

  0x000001a63e2117ac: ;   {metadata(method data for {method} {0x000001a698749330} 'readCategoryTable' '([CZ)Lorg/eclipse/jdt/internal/compiler/util/HashtableOfObject;' in 'org/eclipse/jdt/internal/core/index/DiskIndex')}
  0x000001a63e2117ac: 488b c648 | bad8 dba9 | 99a6 0100 | 008b 4008 | 49ba 0000 | 0055 a601 | 0000 4903 | c248 3b82 
  0x000001a63e2117cc: 080d 0000 | 750d 4883 | 8210 0d00 | 0001 e960 | 0000 0048 | 3b82 180d | 0000 750d | 4883 8220 
  0x000001a63e2117ec: 0d00 0001 | e94a 0000 | 0048 83ba | 080d 0000 | 0075 1748 | 8982 080d | 0000 48c7 | 8210 0d00 
  0x000001a63e21180c: 0001 0000 | 00e9 2900 | 0000 4883 | ba18 0d00 | 0000 7517 | 4889 8218 | 0d00 0048 | c782 200d 
  0x000001a63e21182c: 0000 0100 | 0000 e908 | 0000 0048 | 8382 f80c | 0000 0148 | 8bd6 6666 | 9048 b8ff | ffff ffff 
  0x000001a63e21184c: ;   {virtual_call}
  0x000001a63e21184c: ffff ffe8 

  0x000001a63e211850: ; ImmutableOopMap {[136]=Oop [400]=Oop [456]=Oop }
                      ;*invokevirtual close {reexecute=0 rethrow=0 return_oop=0}
                      ; - org.eclipse.jdt.internal.core.index.DiskIndex::readCategoryTable@654 (line 749)
  0x000001a63e211850: 2cd2 7f05 

  0x000001a63e211854: ;   {other}
  0x000001a63e211854: 0f1f 8400 | c430 0030 

  0x000001a63e21185c: ;   {metadata(method data for {method} {0x000001a698749330} 'readCategoryTable' '([CZ)Lorg/eclipse/jdt/internal/compiler/util/HashtableOfObject;' in 'org/eclipse/jdt/internal/core/index/DiskIndex')}
  0x000001a63e21185c: 48b8 d8db | a999 a601 | 0000 ff80 | 300d 0000 | e95a 0000 | 0048 8bb4 | 2498 0100 | 0049 8b87 
  0x000001a63e21187c: 0005 0000 | 4d33 d24d | 8997 0005 | 0000 4d33 | d24d 8997 | 0805 0000 

  0x000001a63e211894: ;   {metadata(method data for {method} {0x000001a698749330} 'readCategoryTable' '([CZ)Lorg/eclipse/jdt/internal/compiler/util/HashtableOfObject;' in 'org/eclipse/jdt/internal/core/index/DiskIndex')}
  0x000001a63e211894: 4885 f648 | bad8 dba9 | 99a6 0100 | 0048 c7c7 | 580d 0000 | 7507 48c7 | c748 0d00 | 0048 8b1c 
  0x000001a63e2118b4: 3a48 8d5b | 0148 891c | 3a0f 8538 | 0100 004c | 8bc0 e9f1 | 0100 0048 | 8b94 2488 | 0000 008b 
  0x000001a63e2118d4: 4234 48c1 | e003 483b 

  0x000001a63e2118dc: ;   {metadata(method data for {method} {0x000001a698749330} 'readCategoryTable' '([CZ)Lorg/eclipse/jdt/internal/compiler/util/HashtableOfObject;' in 'org/eclipse/jdt/internal/core/index/DiskIndex')}
  0x000001a63e2118dc: 0048 bed8 | dba9 99a6 | 0100 008b | 4008 49ba | 0000 0055 | a601 0000 | 4903 c248 | 3b86 780e 
  0x000001a63e2118fc: 0000 750d | 4883 8680 | 0e00 0001 | e960 0000 | 0048 3b86 | 880e 0000 | 750d 4883 | 8690 0e00 
  0x000001a63e21191c: 0001 e94a | 0000 0048 | 83be 780e | 0000 0075 | 1748 8986 | 780e 0000 | 48c7 8680 | 0e00 0001 
  0x000001a63e21193c: 0000 00e9 | 2900 0000 | 4883 be88 | 0e00 0000 | 7517 4889 | 8688 0e00 | 0048 c786 | 900e 0000 
  0x000001a63e21195c: 0100 0000 | e908 0000 | 0048 8386 | 680e 0000 

  0x000001a63e21196c: ;   {metadata(method data for {method} {0x000001a6974c8b40} 'close' '()V' in 'org/eclipse/jdt/internal/core/index/IndexLocation')}
  0x000001a63e21196c: 0148 b870 | 0fc5 99a6 | 0100 008b | b0cc 0000 | 0083 c602 | 89b0 cc00 | 0000 81e6 | feff 1f00 
  0x000001a63e21198c: 85f6 0f84 | c907 0000 | 488b b424 | 9001 0000 | c742 5000 | 0000 0048 | 8d02 48c1 | e809 48ba 
  0x000001a63e2119ac: 0000 c947 | a601 0000 | c604 1000 | 488d 8424 | c001 0000 | 488b 1048 | 85d2 0f84 | 0f00 0000 
  0x000001a63e2119cc: 488b 7808 | f048 0fb1 | 170f 85a3 | 0700 0049 | ff8f 5005 | 0000 488b | c648 81c4 | e001 0000 
  0x000001a63e2119ec: ;   {poll_return}
  0x000001a63e2119ec: 5d49 3ba7 | 5004 0000 | 0f87 9a07 | 0000 c348 | 8984 24b0 | 0100 0048 | 3b06 488b 

  0x000001a63e211a08: ;   {metadata(method data for {method} {0x000001a698749330} 'readCategoryTable' '([CZ)Lorg/eclipse/jdt/internal/compiler/util/HashtableOfObject;' in 'org/eclipse/jdt/internal/core/index/DiskIndex')}
  0x000001a63e211a08: fe48 bbd8 | dba9 99a6 | 0100 008b | 7f08 49ba | 0000 0055 | a601 0000 | 4903 fa48 | 3bbb 780d 
  0x000001a63e211a28: 0000 750d | 4883 8380 | 0d00 0001 | e960 0000 | 0048 3bbb | 880d 0000 | 750d 4883 | 8390 0d00 
  0x000001a63e211a48: 0001 e94a | 0000 0048 | 83bb 780d | 0000 0075 | 1748 89bb | 780d 0000 | 48c7 8380 | 0d00 0001 
  0x000001a63e211a68: 0000 00e9 | 2900 0000 | 4883 bb88 | 0d00 0000 | 7517 4889 | bb88 0d00 | 0048 c783 | 900d 0000 
  0x000001a63e211a88: 0100 0000 | e908 0000 | 0048 8383 | 680d 0000 | 0148 8bd6 | 9048 b8ff | ffff ffff 

  0x000001a63e211aa4: ;   {virtual_call}
  0x000001a63e211aa4: ffff ffe8 

  0x000001a63e211aa8: ; ImmutableOopMap {[136]=Oop [432]=Oop [456]=Oop }
                      ;*invokevirtual close {reexecute=0 rethrow=0 return_oop=0}
                      ; - org.eclipse.jdt.internal.core.index.DiskIndex::readCategoryTable@669 (line 749)
  0x000001a63e211aa8: d4cf 7f05 

  0x000001a63e211aac: ;   {other}
  0x000001a63e211aac: 0f1f 8400 | 1c33 0031 | 4c8b 8424 | b001 0000 

  0x000001a63e211abc: ; ImmutableOopMap {r8=Oop rax=Oop [136]=Oop [456]=Oop }
                      ;*athrow {reexecute=1 rethrow=0 return_oop=0}
                      ; - (reexecute) org.eclipse.jdt.internal.core.index.DiskIndex::readCategoryTable@674 (line 749)
                      ;   {section_word}
  0x000001a63e211abc: 498b c048 | babf 1a21 | 3ea6 0100 

  0x000001a63e211ac8: ;   {runtime_call handle_exception_nofpu Runtime1 stub}
  0x000001a63e211ac8: 00e8 b2e2 | 8105 9049 | 8b87 0005 | 0000 4d33 | d24d 8997 | 0005 0000 | 4d33 d24d | 8997 0805 
  0x000001a63e211ae8: 0000 4885 

  0x000001a63e211aec: ;   {metadata(method data for {method} {0x000001a698749330} 'readCategoryTable' '([CZ)Lorg/eclipse/jdt/internal/compiler/util/HashtableOfObject;' in 'org/eclipse/jdt/internal/core/index/DiskIndex')}
  0x000001a63e211aec: f649 b8d8 | dba9 99a6 | 0100 0048 | c7c2 b00d | 0000 7407 | 48c7 c2a0 | 0d00 0049 | 8b3c 1048 
  0x000001a63e211b0c: 8d7f 0149 | 893c 100f | 8470 0000 | 0048 3bf0 

  0x000001a63e211b1c: ;   {metadata(method data for {method} {0x000001a698749330} 'readCategoryTable' '([CZ)Lorg/eclipse/jdt/internal/compiler/util/HashtableOfObject;' in 'org/eclipse/jdt/internal/core/index/DiskIndex')}
  0x000001a63e211b1c: 49b8 d8db | a999 a601 | 0000 48c7 | c2d8 0d00 | 0074 0748 | c7c2 e80d | 0000 498b | 3c10 488d 
  0x000001a63e211b3c: 7f01 4989 | 3c10 0f84 | 5400 0000 

  0x000001a63e211b48: ; implicit exception: dispatches to 0x000001a63e2121af
  0x000001a63e211b48: 483b 064c 

  0x000001a63e211b4c: ;   {metadata(method data for {method} {0x000001a698749330} 'readCategoryTable' '([CZ)Lorg/eclipse/jdt/internal/compiler/util/HashtableOfObject;' in 'org/eclipse/jdt/internal/core/index/DiskIndex')}
  0x000001a63e211b4c: 8bc6 48ba | d8db a999 | a601 0000 | 4883 82f8 | 0d00 0001 | 4c8b c048 | 8bd6 4889 | b424 b801 
  0x000001a63e211b6c: ;   {optimized virtual_call}
  0x000001a63e211b6c: 0000 90e8 

  0x000001a63e211b70: ; ImmutableOopMap {[136]=Oop [440]=Oop [456]=Oop }
                      ;*invokevirtual addSuppressed {reexecute=0 rethrow=0 return_oop=0}
                      ; - org.eclipse.jdt.internal.core.index.DiskIndex::readCategoryTable@700 (line 749)
  0x000001a63e211b70: 0ccc 7f05 

  0x000001a63e211b74: ;   {other}
  0x000001a63e211b74: 0f1f 8400 | e433 0033 | 488b b424 | b801 0000 | e913 0000 

  0x000001a63e211b88: ;   {metadata(method data for {method} {0x000001a698749330} 'readCategoryTable' '([CZ)Lorg/eclipse/jdt/internal/compiler/util/HashtableOfObject;' in 'org/eclipse/jdt/internal/core/index/DiskIndex')}
  0x000001a63e211b88: 0048 bad8 | dba9 99a6 | 0100 00ff | 82c0 0d00 | 0048 8bf0 

  0x000001a63e211b9c: ; implicit exception: dispatches to 0x000001a63e2121b4
  0x000001a63e211b9c: 483b 0648 

  0x000001a63e211ba0: ; ImmutableOopMap {rax=Oop [136]=Oop [456]=Oop }
                      ;*athrow {reexecute=1 rethrow=0 return_oop=0}
                      ; - (reexecute) org.eclipse.jdt.internal.core.index.DiskIndex::readCategoryTable@705 (line 749)
                      ;   {section_word}
  0x000001a63e211ba0: 8bc6 48ba | a21b 213e | a601 0000 

  0x000001a63e211bac: ;   {runtime_call handle_exception_nofpu Runtime1 stub}
  0x000001a63e211bac: e8cf e181 | 0590 488b | b424 8800 | 0000 498b | 8700 0500 | 004d 33d2 | 4d89 9700 | 0500 004d 
  0x000001a63e211bcc: 33d2 4d89 | 9708 0500 | 00c7 4650 | 0000 0000 | 488d 1648 | c1ea 0948 | bf00 00c9 | 47a6 0100 
  0x000001a63e211bec: 00c6 043a 

  0x000001a63e211bf0: ; ImmutableOopMap {rsi=Oop rax=Oop [136]=Oop [456]=Oop }
                      ;*athrow {reexecute=1 rethrow=0 return_oop=0}
                      ; - (reexecute) org.eclipse.jdt.internal.core.index.DiskIndex::readCategoryTable@715 (line 751)
                      ;   {section_word}
  0x000001a63e211bf0: 0048 baf1 | 1b21 3ea6 

  0x000001a63e211bf8: ;   {runtime_call handle_exception_nofpu Runtime1 stub}
  0x000001a63e211bf8: 0100 00e8 | 80e1 8105 | 9048 8bb4 | 2488 0000 | 0049 8b87 | 0005 0000 | 4d33 d24d | 8997 0005 
  0x000001a63e211c18: 0000 4d33 | d24d 8997 | 0805 0000 | 8b76 3448 | c1e6 0348 

  0x000001a63e211c2c: ;   {metadata(method data for {method} {0x000001a698749330} 'readCategoryTable' '([CZ)Lorg/eclipse/jdt/internal/compiler/util/HashtableOfObject;' in 'org/eclipse/jdt/internal/core/index/DiskIndex')}
  0x000001a63e211c2c: 3b06 48bf | d8db a999 | a601 0000 | 8b76 0849 | ba00 0000 | 55a6 0100 | 0049 03f2 | 483b b740 
  0x000001a63e211c4c: 0e00 0075 | 0d48 8387 | 480e 0000 | 01e9 6000 | 0000 483b | b750 0e00 | 0075 0d48 | 8387 580e 
  0x000001a63e211c6c: 0000 01e9 | 4a00 0000 | 4883 bf40 | 0e00 0000 | 7517 4889 | b740 0e00 | 0048 c787 | 480e 0000 
  0x000001a63e211c8c: 0100 0000 | e929 0000 | 0048 83bf | 500e 0000 | 0075 1748 | 89b7 500e | 0000 48c7 | 8758 0e00 
  0x000001a63e211cac: 0001 0000 | 00e9 0800 | 0000 4883 | 8730 0e00 

  0x000001a63e211cbc: ;   {metadata(method data for {method} {0x000001a6974c8b40} 'close' '()V' in 'org/eclipse/jdt/internal/core/index/IndexLocation')}
  0x000001a63e211cbc: 0001 48be | 700f c599 | a601 0000 | 8bbe cc00 | 0000 83c7 | 0289 becc | 0000 0081 | e7fe ff1f 
  0x000001a63e211cdc: 0085 ff0f | 84d9 0400 | 00e9 5910 | 0000 4889 | 5424 0848 

  0x000001a63e211cf0: ;   {runtime_call monitorenter_nofpu Runtime1 stub}
  0x000001a63e211cf0: 8934 24e8 

  0x000001a63e211cf4: ; ImmutableOopMap {rdx=Oop r8=Oop [136]=Oop [456]=Oop }
                      ;*synchronization entry
                      ; - org.eclipse.jdt.internal.core.index.DiskIndex::readCategoryTable@-1 (line 660)
  0x000001a63e211cf4: 0814 8b05 | e9cc d1ff 

  0x000001a63e211cfc: ;   {metadata({method} {0x000001a698749330} 'readCategoryTable' '([CZ)Lorg/eclipse/jdt/internal/compiler/util/HashtableOfObject;' in 'org/eclipse/jdt/internal/core/index/DiskIndex')}
  0x000001a63e211cfc: ff49 ba28 | 9374 98a6 | 0100 004c | 8954 2408 | 48c7 0424 | ffff ffff 

  0x000001a63e211d14: ;   {runtime_call counter_overflow Runtime1 stub}
  0x000001a63e211d14: e8e7 348b 

  0x000001a63e211d18: ; ImmutableOopMap {rdx=Oop r8=Oop [136]=Oop [456]=Oop }
                      ;*synchronization entry
                      ; - org.eclipse.jdt.internal.core.index.DiskIndex::readCategoryTable@-1 (line 660)
  0x000001a63e211d18: 05e9 d2d1 

  0x000001a63e211d1c: ;   {runtime_call throw_null_pointer_exception Runtime1 stub}
  0x000001a63e211d1c: ffff e85d 

  0x000001a63e211d20: ; ImmutableOopMap {rdx=Oop r8=Oop rsi=Oop [136]=Oop [456]=Oop }
                      ;*invokevirtual get {reexecute=0 rethrow=0 return_oop=0}
                      ; - org.eclipse.jdt.internal.core.index.DiskIndex::readCategoryTable@5 (line 660)
  0x000001a63e211d20: f881 0548 

  0x000001a63e211d24: ;   {runtime_call fast_new_instance Runtime1 stub}
  0x000001a63e211d24: 8bd2 e855 

  0x000001a63e211d28: ; ImmutableOopMap {[136]=Oop [144]=Oop [456]=Oop }
                      ;*new {reexecute=0 rethrow=0 return_oop=0}
                      ; - org.eclipse.jdt.internal.core.index.DiskIndex::readCategoryTable@26 (line 666)
  0x000001a63e211d28: ef81 05e9 | ced2 ffff 

  0x000001a63e211d30: ;   {runtime_call throw_null_pointer_exception Runtime1 stub}
  0x000001a63e211d30: e84b f881 

  0x000001a63e211d34: ; ImmutableOopMap {rsi=Oop [136]=Oop [144]=Oop [456]=Oop }
                      ;*invokevirtual get {reexecute=0 rethrow=0 return_oop=0}
                      ; - org.eclipse.jdt.internal.core.index.DiskIndex::readCategoryTable@45 (line 668)
  0x000001a63e211d34: 0548 8904 

  0x000001a63e211d38: ;   {runtime_call throw_class_cast_exception Runtime1 stub}
  0x000001a63e211d38: 24e8 c207 

  0x000001a63e211d3c: ; ImmutableOopMap {[136]=Oop [144]=Oop [456]=Oop }
                      ;*checkcast {reexecute=0 rethrow=0 return_oop=0}
                      ; - org.eclipse.jdt.internal.core.index.DiskIndex::readCategoryTable@48 (line 668)
                      ;   {runtime_call new_type_array Runtime1 stub}
  0x000001a63e211d3c: 8b05 e83d 

  0x000001a63e211d40: ; ImmutableOopMap {r8=Oop [136]=Oop [144]=Oop [456]=Oop }
                      ;*newarray {reexecute=0 rethrow=0 return_oop=0}
                      ; - org.eclipse.jdt.internal.core.index.DiskIndex::readCategoryTable@134 (line 684)
  0x000001a63e211d40: e981 05e9 | 29d5 ffff 

  0x000001a63e211d48: ;   {runtime_call throw_null_pointer_exception Runtime1 stub}
  0x000001a63e211d48: e833 f881 

  0x000001a63e211d4c: ; ImmutableOopMap {r8=Oop rdx=Oop [136]=Oop [144]=Oop [456]=Oop }
                      ;*invokevirtual getInputStream {reexecute=0 rethrow=0 return_oop=0}
                      ; - org.eclipse.jdt.internal.core.index.DiskIndex::readCategoryTable@149 (line 686)
                      ;   {runtime_call throw_null_pointer_exception Runtime1 stub}
  0x000001a63e211d4c: 05e8 2ef8 

  0x000001a63e211d50: ; ImmutableOopMap {rax=Oop [136]=Oop [144]=Oop [168]=Oop [456]=Oop }
                      ;*invokevirtual skip {reexecute=0 rethrow=0 return_oop=0}
                      ; - org.eclipse.jdt.internal.core.index.DiskIndex::readCategoryTable@158 (line 687)
                      ;   {runtime_call throw_null_pointer_exception Runtime1 stub}
  0x000001a63e211d50: 8105 e829 

  0x000001a63e211d54: ; ImmutableOopMap {rdx=Oop r8=Oop [136]=Oop [144]=Oop [168]=Oop [456]=Oop }
                      ;*arraylength {reexecute=0 rethrow=0 return_oop=0}
                      ; - org.eclipse.jdt.internal.core.index.DiskIndex::readCategoryTable@179 (line 689)
  0x000001a63e211d54: f881 0548 

  0x000001a63e211d58: ;   {runtime_call fast_new_instance Runtime1 stub}
  0x000001a63e211d58: 8bd2 e821 

  0x000001a63e211d5c: ; ImmutableOopMap {[136]=Oop [144]=Oop [168]=Oop [456]=Oop }
                      ;*new {reexecute=0 rethrow=0 return_oop=0}
                      ; - org.eclipse.jdt.internal.core.index.DiskIndex::readCategoryTable@194 (line 692)
  0x000001a63e211d5c: ef81 05e9 | 26d8 ffff 

  0x000001a63e211d64: ;   {metadata({method} {0x000001a698749330} 'readCategoryTable' '([CZ)Lorg/eclipse/jdt/internal/compiler/util/HashtableOfObject;' in 'org/eclipse/jdt/internal/core/index/DiskIndex')}
  0x000001a63e211d64: 49ba 2893 | 7498 a601 | 0000 4c89 | 5424 0848 | c704 2483 

  0x000001a63e211d78: ;   {runtime_call counter_overflow Runtime1 stub}
  0x000001a63e211d78: 0100 00e8 

  0x000001a63e211d7c: ; ImmutableOopMap {rdx=Oop [136]=Oop [144]=Oop [168]=Oop [184]=Oop [200]=Oop [456]=Oop }
                      ;*if_icmplt {reexecute=1 rethrow=0 return_oop=0}
                      ; - (reexecute) org.eclipse.jdt.internal.core.index.DiskIndex::readCategoryTable@387 (line 701)
  0x000001a63e211d7c: 8034 8b05 | e9dd d8ff 

  0x000001a63e211d84: ;   {runtime_call new_type_array Runtime1 stub}
  0x000001a63e211d84: ffe8 f6e8 

  0x000001a63e211d88: ; ImmutableOopMap {[136]=Oop [144]=Oop [168]=Oop [184]=Oop [200]=Oop [208]=Oop [456]=Oop }
                      ;*newarray {reexecute=0 rethrow=0 return_oop=0}
                      ; - org.eclipse.jdt.internal.core.index.DiskIndex::readCategoryTable@286 (line 709)
  0x000001a63e211d88: 8105 e945 

  0x000001a63e211d8c: ;   {runtime_call new_object_array Runtime1 stub}
  0x000001a63e211d8c: daff ffe8 

  0x000001a63e211d90: ; ImmutableOopMap {r11=Oop [136]=Oop [144]=Oop [168]=Oop [184]=Oop [208]=Oop [456]=Oop }
                      ;*anewarray {reexecute=0 rethrow=0 return_oop=0}
                      ; - org.eclipse.jdt.internal.core.index.DiskIndex::readCategoryTable@344 (line 716)
  0x000001a63e211d90: ece5 8105 | e9e2 dcff 

  0x000001a63e211d98: ;   {runtime_call throw_null_pointer_exception Runtime1 stub}
  0x000001a63e211d98: ffe8 e2f7 

  0x000001a63e211d9c: ; ImmutableOopMap {rax=Oop r11=Oop [136]=Oop [144]=Oop [168]=Oop [184]=Oop [456]=Oop }
                      ;*aastore {reexecute=1 rethrow=0 return_oop=0}
                      ; - (reexecute) org.eclipse.jdt.internal.core.index.DiskIndex::readCategoryTable@367 (line 719)
                      ;   {runtime_call throw_null_pointer_exception Runtime1 stub}
  0x000001a63e211d9c: 8105 e8dd 

  0x000001a63e211da0: ; ImmutableOopMap {rax=Oop r11=Oop [136]=Oop [144]=Oop [168]=Oop [184]=Oop [456]=Oop }
                      ;*aastore {reexecute=1 rethrow=0 return_oop=0}
                      ; - (reexecute) org.eclipse.jdt.internal.core.index.DiskIndex::readCategoryTable@367 (line 719)
  0x000001a63e211da0: f781 0548 | 891c 2448 | 8944 2408 

  0x000001a63e211dac: ;   {runtime_call throw_range_check_failed Runtime1 stub}
  0x000001a63e211dac: e8cf 0082 

  0x000001a63e211db0: ; ImmutableOopMap {rax=Oop r11=Oop [136]=Oop [144]=Oop [168]=Oop [184]=Oop [456]=Oop }
                      ;*aastore {reexecute=1 rethrow=0 return_oop=0}
                      ; - (reexecute) org.eclipse.jdt.internal.core.index.DiskIndex::readCategoryTable@367 (line 719)
                      ;   {runtime_call throw_null_pointer_exception Runtime1 stub}
  0x000001a63e211db0: 05e8 caf7 

  0x000001a63e211db4: ; ImmutableOopMap {rax=Oop r11=Oop [136]=Oop [144]=Oop [168]=Oop [184]=Oop [456]=Oop }
                      ;*aastore {reexecute=1 rethrow=0 return_oop=0}
                      ; - (reexecute) org.eclipse.jdt.internal.core.index.DiskIndex::readCategoryTable@367 (line 719)
  0x000001a63e211db4: 8105 4c89 

  0x000001a63e211db8: ;   {runtime_call throw_array_store_exception Runtime1 stub}
  0x000001a63e211db8: 1c24 e8c1 

  0x000001a63e211dbc: ; ImmutableOopMap {rax=Oop r11=Oop [136]=Oop [144]=Oop [168]=Oop [184]=Oop [456]=Oop }
                      ;*aastore {reexecute=1 rethrow=0 return_oop=0}
                      ; - (reexecute) org.eclipse.jdt.internal.core.index.DiskIndex::readCategoryTable@367 (line 719)
                      ;   {metadata({method} {0x000001a6554163b0} 'valueOf' '(I)Ljava/lang/Integer;' in 'java/lang/Integer')}
  0x000001a63e211dbc: d681 0549 | baa8 6341 | 55a6 0100 | 004c 8954 | 2408 48c7 | 0424 ffff 

  0x000001a63e211dd4: ;   {runtime_call counter_overflow Runtime1 stub}
  0x000001a63e211dd4: ffff e825 

  0x000001a63e211dd8: ; ImmutableOopMap {r11=Oop rax=Oop [136]=Oop [144]=Oop [168]=Oop [184]=Oop [456]=Oop }
                      ;*synchronization entry
                      ; - java.lang.Integer::valueOf@-1
                      ; - org.eclipse.jdt.internal.core.index.DiskIndex::readCategoryTable@374 (line 721)
  0x000001a63e211dd8: 348b 05e9 | 6fde ffff 

  0x000001a63e211de0: ;   {runtime_call fast_new_instance Runtime1 stub}
  0x000001a63e211de0: 488b d2e8 

  0x000001a63e211de4: ; ImmutableOopMap {r11=Oop [136]=Oop [144]=Oop [168]=Oop [184]=Oop [224]=Oop [456]=Oop }
                      ;*new {reexecute=0 rethrow=0 return_oop=0}
                      ; - java.lang.Integer::valueOf@23
                      ; - org.eclipse.jdt.internal.core.index.DiskIndex::readCategoryTable@374 (line 721)
  0x000001a63e211de4: 98ee 8105 | e91d dfff 

  0x000001a63e211dec: ;   {metadata({method} {0x000001a655416b40} '<init>' '(I)V' in 'java/lang/Integer')}
  0x000001a63e211dec: ff49 ba38 | 6b41 55a6 | 0100 004c | 8954 2408 | 48c7 0424 | ffff ffff 

  0x000001a63e211e04: ;   {runtime_call counter_overflow Runtime1 stub}
  0x000001a63e211e04: e8f7 338b 

  0x000001a63e211e08: ; ImmutableOopMap {r11=Oop rax=Oop [136]=Oop [144]=Oop [168]=Oop [184]=Oop [224]=Oop [456]=Oop }
                      ;*synchronization entry
                      ; - java.lang.Integer::<init>@-1
                      ; - java.lang.Integer::valueOf@28
                      ; - org.eclipse.jdt.internal.core.index.DiskIndex::readCategoryTable@374 (line 721)
  0x000001a63e211e08: 05e9 38df 

  0x000001a63e211e0c: ;   {metadata({method} {0x000001a6554176e8} '<init>' '()V' in 'java/lang/Number')}
  0x000001a63e211e0c: ffff 49ba | e076 4155 | a601 0000 | 4c89 5424 | 0848 c704 | 24ff ffff 

  0x000001a63e211e24: ;   {runtime_call counter_overflow Runtime1 stub}
  0x000001a63e211e24: ffe8 d633 

  0x000001a63e211e28: ; ImmutableOopMap {r11=Oop rax=Oop [136]=Oop [144]=Oop [168]=Oop [184]=Oop [224]=Oop [456]=Oop }
                      ;*synchronization entry
                      ; - java.lang.Number::<init>@-1
                      ; - java.lang.Integer::<init>@1
                      ; - java.lang.Integer::valueOf@28
                      ; - org.eclipse.jdt.internal.core.index.DiskIndex::readCategoryTable@374 (line 721)
  0x000001a63e211e28: 8b05 e953 

  0x000001a63e211e2c: ;   {metadata({method} {0x000001a655474aa8} '<init>' '()V' in 'java/lang/Object')}
  0x000001a63e211e2c: dfff ff49 | baa0 4a47 | 55a6 0100 | 004c 8954 | 2408 48c7 | 0424 ffff 

  0x000001a63e211e44: ;   {runtime_call counter_overflow Runtime1 stub}
  0x000001a63e211e44: ffff e8b5 

  0x000001a63e211e48: ; ImmutableOopMap {r11=Oop rax=Oop [136]=Oop [144]=Oop [168]=Oop [184]=Oop [224]=Oop [456]=Oop }
                      ;*synchronization entry
                      ; - java.lang.Object::<init>@-1
                      ; - java.lang.Number::<init>@1
                      ; - java.lang.Integer::<init>@1
                      ; - java.lang.Integer::valueOf@28
                      ; - org.eclipse.jdt.internal.core.index.DiskIndex::readCategoryTable@374 (line 721)
  0x000001a63e211e48: 338b 05e9 | 6edf ffff 

  0x000001a63e211e50: ;   {runtime_call throw_null_pointer_exception Runtime1 stub}
  0x000001a63e211e50: e82b f781 

  0x000001a63e211e54: ; ImmutableOopMap {r11=Oop [136]=Oop [144]=Oop [168]=Oop [184]=Oop [224]=Oop [456]=Oop }
                      ;*aaload {reexecute=0 rethrow=0 return_oop=0}
                      ; - java.lang.Integer::valueOf@21
                      ; - org.eclipse.jdt.internal.core.index.DiskIndex::readCategoryTable@374 (line 721)
                      ;   {runtime_call throw_null_pointer_exception Runtime1 stub}
  0x000001a63e211e54: 05e8 26f7 

  0x000001a63e211e58: ; ImmutableOopMap {rax=Oop rcx=Oop [136]=Oop [144]=Oop [168]=Oop [184]=Oop [200]=Oop [456]=Oop }
                      ;*invokevirtual put {reexecute=0 rethrow=0 return_oop=0}
                      ; - org.eclipse.jdt.internal.core.index.DiskIndex::readCategoryTable@403 (line 724)
                      ;   {runtime_call throw_null_pointer_exception Runtime1 stub}
  0x000001a63e211e58: 8105 e821 

  0x000001a63e211e5c: ; ImmutableOopMap {rdx=Oop r8=Oop [136]=Oop [184]=Oop [200]=Oop [456]=Oop }
                      ;*invokevirtual close {reexecute=0 rethrow=0 return_oop=0}
                      ; - org.eclipse.jdt.internal.core.index.DiskIndex::readCategoryTable@512 (line 732)
                      ;   {metadata({method} {0x000001a6974c8b40} 'close' '()V' in 'org/eclipse/jdt/internal/core/index/IndexLocation')}
  0x000001a63e211e5c: f781 0549 | ba38 8b4c | 97a6 0100 | 004c 8954 | 2408 48c7 | 0424 ffff 

  0x000001a63e211e74: ;   {runtime_call counter_overflow Runtime1 stub}
  0x000001a63e211e74: ffff e885 

  0x000001a63e211e78: ; ImmutableOopMap {rdx=Oop [136]=Oop [184]=Oop [200]=Oop [456]=Oop }
                      ;*synchronization entry
                      ; - org.eclipse.jdt.internal.core.index.IndexLocation::close@-1 (line 101)
                      ; - org.eclipse.jdt.internal.core.index.DiskIndex::readCategoryTable@512 (line 732)
  0x000001a63e211e78: 338b 05e9 | cae2 ffff 

  0x000001a63e211e80: ;   {runtime_call throw_null_pointer_exception Runtime1 stub}
  0x000001a63e211e80: e8fb f681 

  0x000001a63e211e84: ; ImmutableOopMap {rsi=Oop rdx=Oop [136]=Oop [256]=Oop [456]=Oop }
                      ;*getfield valueTable {reexecute=1 rethrow=0 return_oop=0}
                      ; - (reexecute) org.eclipse.jdt.internal.core.index.DiskIndex::readCategoryTable@64 (line 671)
                      ;   {runtime_call throw_null_pointer_exception Runtime1 stub}
  0x000001a63e211e84: 05e8 f6f6 

  0x000001a63e211e88: ; ImmutableOopMap {rsi=Oop rdx=Oop rdi=Oop [136]=Oop [240]=Oop [256]=Oop [456]=Oop }
                      ;*arraylength {reexecute=0 rethrow=0 return_oop=0}
                      ; - org.eclipse.jdt.internal.core.index.DiskIndex::readCategoryTable@74 (line 672)
                      ;   {runtime_call throw_null_pointer_exception Runtime1 stub}
  0x000001a63e211e88: 8105 e8f1 

  0x000001a63e211e8c: ; ImmutableOopMap {rax=Oop rdi=Oop [136]=Oop [240]=Oop [256]=Oop [456]=Oop }
                      ;*aastore {reexecute=1 rethrow=0 return_oop=0}
                      ; - (reexecute) org.eclipse.jdt.internal.core.index.DiskIndex::readCategoryTable@104 (line 674)
  0x000001a63e211e8c: f681 0548 

  0x000001a63e211e90: ;   {runtime_call throw_array_store_exception Runtime1 stub}
  0x000001a63e211e90: 8904 24e8 

  0x000001a63e211e94: ; ImmutableOopMap {rax=Oop rdi=Oop [136]=Oop [240]=Oop [256]=Oop [456]=Oop }
                      ;*aastore {reexecute=1 rethrow=0 return_oop=0}
                      ; - (reexecute) org.eclipse.jdt.internal.core.index.DiskIndex::readCategoryTable@104 (line 674)
  0x000001a63e211e94: e8d5 8105 

  0x000001a63e211e98: ;   {metadata({method} {0x000001a698749330} 'readCategoryTable' '([CZ)Lorg/eclipse/jdt/internal/compiler/util/HashtableOfObject;' in 'org/eclipse/jdt/internal/core/index/DiskIndex')}
  0x000001a63e211e98: 49ba 2893 | 7498 a601 | 0000 4c89 | 5424 0848 | c704 2470 

  0x000001a63e211eac: ;   {runtime_call counter_overflow Runtime1 stub}
  0x000001a63e211eac: 0000 00e8 

  0x000001a63e211eb0: ; ImmutableOopMap {rdx=Oop rdi=Oop [136]=Oop [240]=Oop [256]=Oop [456]=Oop }
                      ;*if_icmplt {reexecute=1 rethrow=0 return_oop=0}
                      ; - (reexecute) org.eclipse.jdt.internal.core.index.DiskIndex::readCategoryTable@112 (line 672)
  0x000001a63e211eb0: 4c33 8b05 | e964 e6ff 

  0x000001a63e211eb8: ;   {metadata({method} {0x000001a655454f60} 'valueOf' '(Ljava/lang/Object;)Ljava/lang/String;' in 'java/lang/String')}
  0x000001a63e211eb8: ff49 ba58 | 4f45 55a6 | 0100 004c | 8954 2408 | 48c7 0424 | ffff ffff 

  0x000001a63e211ed0: ;   {runtime_call counter_overflow Runtime1 stub}
  0x000001a63e211ed0: e82b 338b 

  0x000001a63e211ed4: ; ImmutableOopMap {rsi=Oop rdx=Oop rax=Oop rdi=Oop [136]=Oop [168]=Oop [264]=Oop [456]=Oop }
                      ;*synchronization entry
                      ; - java.lang.String::valueOf@-1
                      ; - org.eclipse.jdt.internal.core.index.DiskIndex::readCategoryTable@214 (line 694)
  0x000001a63e211ed4: 05e9 fbe6 

  0x000001a63e211ed8: ;   {runtime_call throw_null_pointer_exception Runtime1 stub}
  0x000001a63e211ed8: ffff e8a1 

  0x000001a63e211edc: ; ImmutableOopMap {rdi=Oop [136]=Oop [168]=Oop [264]=Oop [456]=Oop }
                      ;*invokevirtual toString {reexecute=0 rethrow=0 return_oop=0}
                      ; - java.lang.String::valueOf@11
                      ; - org.eclipse.jdt.internal.core.index.DiskIndex::readCategoryTable@214 (line 694)
                      ;   {metadata({method} {0x000001a6974c93c0} 'toString' '()Ljava/lang/String;' in 'org/eclipse/jdt/internal/core/index/IndexLocation')}
  0x000001a63e211edc: f681 0549 | bab8 934c | 97a6 0100 | 004c 8954 | 2408 48c7 | 0424 ffff 

  0x000001a63e211ef4: ;   {runtime_call counter_overflow Runtime1 stub}
  0x000001a63e211ef4: ffff e805 

  0x000001a63e211ef8: ; ImmutableOopMap {rdi=Oop [136]=Oop [168]=Oop [264]=Oop [456]=Oop }
                      ;*synchronization entry
                      ; - org.eclipse.jdt.internal.core.index.IndexLocation::toString@-1 (line 153)
                      ; - java.lang.String::valueOf@11
                      ; - org.eclipse.jdt.internal.core.index.DiskIndex::readCategoryTable@214 (line 694)
  0x000001a63e211ef8: 338b 05e9 | e0e7 ffff | 488d 8424 | c001 0000 | 4889 0424 

  0x000001a63e211f0c: ;   {runtime_call monitorexit_nofpu Runtime1 stub}
  0x000001a63e211f0c: e8ef 178b | 05e9 20e8 

  0x000001a63e211f14: ;   {internal_word}
  0x000001a63e211f14: ffff 49ba | 4107 213e | a601 0000 | 4d89 9768 

  0x000001a63e211f24: ;   {runtime_call SafepointBlob}
  0x000001a63e211f24: 0400 00e9 | 5427 8005 | 488d 8424 | c001 0000 | 4889 0424 

  0x000001a63e211f38: ;   {runtime_call monitorexit_nofpu Runtime1 stub}
  0x000001a63e211f38: e8c3 178b | 05e9 37e8 

  0x000001a63e211f40: ;   {internal_word}
  0x000001a63e211f40: ffff 49ba | 8b07 213e | a601 0000 | 4d89 9768 

  0x000001a63e211f50: ;   {runtime_call SafepointBlob}
  0x000001a63e211f50: 0400 00e9 | 2827 8005 | 48bb 0000 | 0000 0000 | 0000 b800 

  0x000001a63e211f64: ;   {runtime_call load_appendix_patching Runtime1 stub}
  0x000001a63e211f64: 0f05 0ae8 

  0x000001a63e211f68: ; ImmutableOopMap {rdi=Oop [136]=Oop [168]=Oop [264]=Oop [456]=Oop }
                      ;*invokedynamic {reexecute=1 rethrow=0 return_oop=0}
                      ; - (reexecute) org.eclipse.jdt.internal.core.index.DiskIndex::readCategoryTable@220 (line 694)
  0x000001a63e211f68: 142b 8b05 | e937 e8ff 

  0x000001a63e211f70: ;   {metadata(nullptr)}
  0x000001a63e211f70: ff48 ba00 | 0000 0000 | 0000 00b8 | 000f 050a 

  0x000001a63e211f80: ;   {runtime_call load_klass_patching Runtime1 stub}
  0x000001a63e211f80: e8fb 218b 

  0x000001a63e211f84: ; ImmutableOopMap {r8=Oop [136]=Oop [168]=Oop [264]=Oop [456]=Oop }
                      ;*new {reexecute=1 rethrow=0 return_oop=0}
                      ; - (reexecute) org.eclipse.jdt.internal.core.index.DiskIndex::readCategoryTable@227 (line 696)
  0x000001a63e211f84: 05e9 66e8 

  0x000001a63e211f88: ;   {runtime_call throw_null_pointer_exception Runtime1 stub}
  0x000001a63e211f88: ffff e8f1 

  0x000001a63e211f8c: ; ImmutableOopMap {r8=Oop [136]=Oop [168]=Oop [264]=Oop [456]=Oop }
                      ;*new {reexecute=0 rethrow=0 return_oop=0}
                      ; - org.eclipse.jdt.internal.core.index.DiskIndex::readCategoryTable@227 (line 696)
  0x000001a63e211f8c: f581 0548 

  0x000001a63e211f90: ;   {runtime_call fast_new_instance_init_check Runtime1 stub}
  0x000001a63e211f90: 8bd2 e8e9 

  0x000001a63e211f94: ; ImmutableOopMap {r8=Oop [136]=Oop [168]=Oop [264]=Oop [456]=Oop }
                      ;*new {reexecute=0 rethrow=0 return_oop=0}
                      ; - org.eclipse.jdt.internal.core.index.DiskIndex::readCategoryTable@227 (line 696)
  0x000001a63e211f94: e981 05e9 | b9e8 ffff 

  0x000001a63e211f9c: ;   {runtime_call throw_null_pointer_exception Runtime1 stub}
  0x000001a63e211f9c: e8df f581 

  0x000001a63e211fa0: ; ImmutableOopMap {rdx=Oop [136]=Oop [168]=Oop [280]=Oop [288]=Oop [296]=Oop [456]=Oop }
                      ;*invokevirtual close {reexecute=0 rethrow=0 return_oop=0}
                      ; - org.eclipse.jdt.internal.core.index.DiskIndex::readCategoryTable@449 (line 728)
                      ;   {runtime_call throw_null_pointer_exception Runtime1 stub}
  0x000001a63e211fa0: 05e8 daf5 

  0x000001a63e211fa4: ; ImmutableOopMap {r9=Oop rax=Oop [136]=Oop [320]=Oop [328]=Oop [456]=Oop }
                      ;*invokevirtual addSuppressed {reexecute=0 rethrow=0 return_oop=0}
                      ; - org.eclipse.jdt.internal.core.index.DiskIndex::readCategoryTable@480 (line 728)
                      ;   {runtime_call throw_null_pointer_exception Runtime1 stub}
  0x000001a63e211fa4: 8105 e8d5 

  0x000001a63e211fa8: ; ImmutableOopMap {r9=Oop [136]=Oop [320]=Oop [328]=Oop [456]=Oop }
                      ;*athrow {reexecute=1 rethrow=0 return_oop=0}
                      ; - (reexecute) org.eclipse.jdt.internal.core.index.DiskIndex::readCategoryTable@485 (line 728)
                      ;   {runtime_call throw_null_pointer_exception Runtime1 stub}
  0x000001a63e211fa8: f581 05e8 

  0x000001a63e211fac: ; ImmutableOopMap {r8=Oop rcx=Oop rsi=Oop rax=Oop rdx=Oop [136]=Oop [456]=Oop }
                      ;*invokevirtual close {reexecute=0 rethrow=0 return_oop=0}
                      ; - org.eclipse.jdt.internal.core.index.DiskIndex::readCategoryTable@502 (line 732)
  0x000001a63e211fac: d0f5 8105 

  0x000001a63e211fb0: ;   {metadata({method} {0x000001a6974c8b40} 'close' '()V' in 'org/eclipse/jdt/internal/core/index/IndexLocation')}
  0x000001a63e211fb0: 49ba 388b | 4c97 a601 | 0000 4c89 | 5424 0848 | c704 24ff 

  0x000001a63e211fc4: ;   {runtime_call counter_overflow Runtime1 stub}
  0x000001a63e211fc4: ffff ffe8 

  0x000001a63e211fc8: ; ImmutableOopMap {r8=Oop rcx=Oop rsi=Oop rax=Oop [136]=Oop [456]=Oop }
                      ;*synchronization entry
                      ; - org.eclipse.jdt.internal.core.index.IndexLocation::close@-1 (line 101)
                      ; - org.eclipse.jdt.internal.core.index.DiskIndex::readCategoryTable@502 (line 732)
  0x000001a63e211fc8: 3432 8b05 | e9f4 ecff 

  0x000001a63e211fd0: ;   {metadata({method} {0x000001a696c3ac58} 'get' '()Lorg/eclipse/core/runtime/ILog;' in 'org/eclipse/core/runtime/ILog')}
  0x000001a63e211fd0: ff49 ba50 | acc3 96a6 | 0100 004c | 8954 2408 | 48c7 0424 | ffff ffff 

  0x000001a63e211fe8: ;   {runtime_call counter_overflow Runtime1 stub}
  0x000001a63e211fe8: e813 328b 

  0x000001a63e211fec: ; ImmutableOopMap {rax=Oop [136]=Oop [344]=Oop [360]=Oop [368]=Oop [456]=Oop }
                      ;*synchronization entry
                      ; - org.eclipse.core.runtime.ILog::get@-1 (line 173)
                      ; - org.eclipse.jdt.internal.core.index.DiskIndex::readCategoryTable@520 (line 735)
  0x000001a63e211fec: 05e9 44ed 

  0x000001a63e211ff0: ;   {metadata({method} {0x000001a696c3ab98} 'of' '(Ljava/lang/Class;)Lorg/eclipse/core/runtime/ILog;' in 'org/eclipse/core/runtime/ILog')}
  0x000001a63e211ff0: ffff 49ba | 90ab c396 | a601 0000 | 4c89 5424 | 0848 c704 | 24ff ffff 

  0x000001a63e212008: ;   {runtime_call counter_overflow Runtime1 stub}
  0x000001a63e212008: ffe8 f231 

  0x000001a63e21200c: ; ImmutableOopMap {rax=Oop [136]=Oop [344]=Oop [360]=Oop [368]=Oop [456]=Oop }
                      ;*synchronization entry
                      ; - org.eclipse.core.runtime.ILog::of@-1 (line 159)
                      ; - org.eclipse.core.runtime.ILog::get@6 (line 173)
                      ; - org.eclipse.jdt.internal.core.index.DiskIndex::readCategoryTable@520 (line 735)
  0x000001a63e21200c: 8b05 e992 

  0x000001a63e212010: ;   {metadata({method} {0x000001a696c367f0} 'getDefault' '()Lorg/eclipse/core/internal/runtime/InternalPlatform;' in 'org/eclipse/core/internal/runtime/InternalPlatform')}
  0x000001a63e212010: edff ff49 | bae8 67c3 | 96a6 0100 | 004c 8954 | 2408 48c7 | 0424 ffff 

  0x000001a63e212028: ;   {runtime_call counter_overflow Runtime1 stub}
  0x000001a63e212028: ffff e8d1 

  0x000001a63e21202c: ; ImmutableOopMap {rax=Oop [136]=Oop [344]=Oop [360]=Oop [368]=Oop [456]=Oop }
                      ;*synchronization entry
                      ; - org.eclipse.core.internal.runtime.InternalPlatform::getDefault@-1 (line 167)
                      ; - org.eclipse.core.runtime.ILog::of@5 (line 160)
                      ; - org.eclipse.core.runtime.ILog::get@6 (line 173)
                      ; - org.eclipse.jdt.internal.core.index.DiskIndex::readCategoryTable@520 (line 735)
  0x000001a63e21202c: 318b 05e9 | d3ed ffff 

  0x000001a63e212034: ;   {metadata({method} {0x000001a696c3ab98} 'of' '(Ljava/lang/Class;)Lorg/eclipse/core/runtime/ILog;' in 'org/eclipse/core/runtime/ILog')}
  0x000001a63e212034: 49ba 90ab | c396 a601 | 0000 4c89 | 5424 0848 | c704 24ff 

  0x000001a63e212048: ;   {runtime_call counter_overflow Runtime1 stub}
  0x000001a63e212048: ffff ffe8 

  0x000001a63e21204c: ; ImmutableOopMap {[136]=Oop [344]=Oop [360]=Oop [368]=Oop [456]=Oop }
                      ;*synchronization entry
                      ; - org.eclipse.core.runtime.ILog::of@-1 (line 159)
                      ; - org.eclipse.core.runtime.ILog::get@13 (line 175)
                      ; - org.eclipse.jdt.internal.core.index.DiskIndex::readCategoryTable@520 (line 735)
  0x000001a63e21204c: b031 8b05 | e940 eeff 

  0x000001a63e212054: ;   {metadata({method} {0x000001a696c367f0} 'getDefault' '()Lorg/eclipse/core/internal/runtime/InternalPlatform;' in 'org/eclipse/core/internal/runtime/InternalPlatform')}
  0x000001a63e212054: ff49 bae8 | 67c3 96a6 | 0100 004c | 8954 2408 | 48c7 0424 | ffff ffff 

  0x000001a63e21206c: ;   {runtime_call counter_overflow Runtime1 stub}
  0x000001a63e21206c: e88f 318b 

  0x000001a63e212070: ; ImmutableOopMap {rax=Oop [136]=Oop [344]=Oop [360]=Oop [368]=Oop [456]=Oop }
                      ;*synchronization entry
                      ; - org.eclipse.core.internal.runtime.InternalPlatform::getDefault@-1 (line 167)
                      ; - org.eclipse.core.runtime.ILog::of@5 (line 160)
                      ; - org.eclipse.core.runtime.ILog::get@13 (line 175)
                      ; - org.eclipse.jdt.internal.core.index.DiskIndex::readCategoryTable@520 (line 735)
  0x000001a63e212070: 05e9 89ee 

  0x000001a63e212074: ;   {metadata({method} {0x000001a655454f60} 'valueOf' '(Ljava/lang/Object;)Ljava/lang/String;' in 'java/lang/String')}
  0x000001a63e212074: ffff 49ba | 584f 4555 | a601 0000 | 4c89 5424 | 0848 c704 | 24ff ffff 

  0x000001a63e21208c: ;   {runtime_call counter_overflow Runtime1 stub}
  0x000001a63e21208c: ffe8 6e31 

  0x000001a63e212090: ; ImmutableOopMap {rax=Oop rdx=Oop rsi=Oop [136]=Oop [344]=Oop [360]=Oop [368]=Oop [456]=Oop }
                      ;*synchronization entry
                      ; - java.lang.String::valueOf@-1
                      ; - org.eclipse.jdt.internal.core.index.DiskIndex::readCategoryTable@527 (line 735)
  0x000001a63e212090: 8b05 e9e5 

  0x000001a63e212094: ;   {runtime_call throw_null_pointer_exception Runtime1 stub}
  0x000001a63e212094: eeff ffe8 

  0x000001a63e212098: ; ImmutableOopMap {rsi=Oop [136]=Oop [344]=Oop [360]=Oop [368]=Oop [376]=Oop [456]=Oop }
                      ;*invokevirtual toString {reexecute=0 rethrow=0 return_oop=0}
                      ; - java.lang.String::valueOf@11
                      ; - org.eclipse.jdt.internal.core.index.DiskIndex::readCategoryTable@527 (line 735)
  0x000001a63e212098: e4f4 8105 

  0x000001a63e21209c: ;   {metadata({method} {0x000001a6974c93c0} 'toString' '()Ljava/lang/String;' in 'org/eclipse/jdt/internal/core/index/IndexLocation')}
  0x000001a63e21209c: 49ba b893 | 4c97 a601 | 0000 4c89 | 5424 0848 | c704 24ff 

  0x000001a63e2120b0: ;   {runtime_call counter_overflow Runtime1 stub}
  0x000001a63e2120b0: ffff ffe8 

  0x000001a63e2120b4: ; ImmutableOopMap {rsi=Oop [136]=Oop [344]=Oop [360]=Oop [368]=Oop [376]=Oop [456]=Oop }
                      ;*synchronization entry
                      ; - org.eclipse.jdt.internal.core.index.IndexLocation::toString@-1 (line 153)
                      ; - java.lang.String::valueOf@11
                      ; - org.eclipse.jdt.internal.core.index.DiskIndex::readCategoryTable@527 (line 735)
  0x000001a63e2120b4: 4831 8b05 | e9da efff | ff49 b800 | 0000 0000 | 0000 00b8 | 000f 050a 

  0x000001a63e2120cc: ;   {runtime_call load_appendix_patching Runtime1 stub}
  0x000001a63e2120cc: e8af 298b 

  0x000001a63e2120d0: ; ImmutableOopMap {rsi=Oop [136]=Oop [344]=Oop [360]=Oop [368]=Oop [376]=Oop [456]=Oop }
                      ;*invokedynamic {reexecute=1 rethrow=0 return_oop=0}
                      ; - (reexecute) org.eclipse.jdt.internal.core.index.DiskIndex::readCategoryTable@530 (line 735)
  0x000001a63e2120d0: 05e9 eaef 

  0x000001a63e2120d4: ;   {runtime_call throw_incompatible_class_change_error Runtime1 stub}
  0x000001a63e2120d4: ffff e825 

  0x000001a63e2120d8: ; ImmutableOopMap {rax=Oop rdx=Oop [136]=Oop [344]=Oop [360]=Oop [368]=Oop [456]=Oop }
                      ;*invokeinterface warn {reexecute=0 rethrow=0 return_oop=0}
                      ; - org.eclipse.jdt.internal.core.index.DiskIndex::readCategoryTable@537 (line 735)
                      ;   {runtime_call throw_null_pointer_exception Runtime1 stub}
  0x000001a63e2120d8: 078b 05e8 

  0x000001a63e2120dc: ; ImmutableOopMap {rax=Oop rdx=Oop [136]=Oop [344]=Oop [360]=Oop [368]=Oop [456]=Oop }
                      ;*invokeinterface warn {reexecute=0 rethrow=0 return_oop=0}
                      ; - org.eclipse.jdt.internal.core.index.DiskIndex::readCategoryTable@537 (line 735)
  0x000001a63e2120dc: a0f4 8105 

  0x000001a63e2120e0: ;   {runtime_call throw_null_pointer_exception Runtime1 stub}
  0x000001a63e2120e0: e89b f481 

  0x000001a63e2120e4: ; ImmutableOopMap {rdx=Oop rsi=Oop [136]=Oop [360]=Oop [368]=Oop [456]=Oop }
                      ;*invokevirtual delete {reexecute=0 rethrow=0 return_oop=0}
                      ; - org.eclipse.jdt.internal.core.index.DiskIndex::readCategoryTable@546 (line 738)
                      ;   {metadata({method} {0x000001a6974c9cf0} 'delete' '()Z' in 'org/eclipse/jdt/internal/core/index/FileIndexLocation')}
  0x000001a63e2120e4: 0549 bae8 | 9c4c 97a6 | 0100 004c | 8954 2408 | 48c7 0424 | ffff ffff 

  0x000001a63e2120fc: ;   {runtime_call counter_overflow Runtime1 stub}
  0x000001a63e2120fc: e8ff 308b 

  0x000001a63e212100: ; ImmutableOopMap {rdx=Oop rsi=Oop [136]=Oop [360]=Oop [368]=Oop [456]=Oop }
                      ;*synchronization entry
                      ; - org.eclipse.jdt.internal.core.index.FileIndexLocation::delete@-1 (line 57)
                      ; - org.eclipse.jdt.internal.core.index.DiskIndex::readCategoryTable@546 (line 738)
  0x000001a63e212100: 05e9 45f1 

  0x000001a63e212104: ;   {runtime_call throw_null_pointer_exception Runtime1 stub}
  0x000001a63e212104: ffff e875 

  0x000001a63e212108: ; ImmutableOopMap {rdx=Oop rsi=Oop [136]=Oop [360]=Oop [368]=Oop [456]=Oop }
                      ;*invokevirtual delete {reexecute=0 rethrow=0 return_oop=0}
                      ; - org.eclipse.jdt.internal.core.index.FileIndexLocation::delete@4 (line 57)
                      ; - org.eclipse.jdt.internal.core.index.DiskIndex::readCategoryTable@546 (line 738)
                      ;   {runtime_call throw_null_pointer_exception Runtime1 stub}
  0x000001a63e212108: f481 05e8 

  0x000001a63e21210c: ; ImmutableOopMap {rdx=Oop rcx=Oop [136]=Oop [392]=Oop [400]=Oop [456]=Oop }
                      ;*invokevirtual getInputStream {reexecute=0 rethrow=0 return_oop=0}
                      ; - org.eclipse.jdt.internal.core.index.DiskIndex::readCategoryTable@570 (line 742)
  0x000001a63e21210c: 70f4 8105 

  0x000001a63e212110: ;   {runtime_call throw_null_pointer_exception Runtime1 stub}
  0x000001a63e212110: e86b f481 

  0x000001a63e212114: ; ImmutableOopMap {rax=Oop [136]=Oop [392]=Oop [400]=Oop [408]=Oop [456]=Oop }
                      ;*invokevirtual skip {reexecute=0 rethrow=0 return_oop=0}
                      ; - org.eclipse.jdt.internal.core.index.DiskIndex::readCategoryTable@580 (line 743)
                      ;   {runtime_call throw_null_pointer_exception Runtime1 stub}
  0x000001a63e212114: 05e8 66f4 

  0x000001a63e212118: ; ImmutableOopMap {rdx=Oop r8=Oop [136]=Oop [392]=Oop [400]=Oop [408]=Oop [456]=Oop }
                      ;*arraylength {reexecute=0 rethrow=0 return_oop=0}
                      ; - org.eclipse.jdt.internal.core.index.DiskIndex::readCategoryTable@601 (line 745)
                      ;   {runtime_call throw_null_pointer_exception Runtime1 stub}
  0x000001a63e212118: 8105 e861 

  0x000001a63e21211c: ; ImmutableOopMap {rdx=Oop rax=Oop rdi=Oop [136]=Oop [400]=Oop [408]=Oop [456]=Oop }
                      ;*aaload {reexecute=0 rethrow=0 return_oop=0}
                      ; - org.eclipse.jdt.internal.core.index.DiskIndex::readCategoryTable@620 (line 747)
                      ;   {runtime_call throw_null_pointer_exception Runtime1 stub}
  0x000001a63e21211c: f481 05e8 

  0x000001a63e212120: ; ImmutableOopMap {rdx=Oop rax=Oop rdi=Oop [136]=Oop [400]=Oop [408]=Oop [456]=Oop }
                      ;*aaload {reexecute=0 rethrow=0 return_oop=0}
                      ; - org.eclipse.jdt.internal.core.index.DiskIndex::readCategoryTable@620 (line 747)
  0x000001a63e212120: 5cf4 8105 | 4889 3424 | 4889 4424 

  0x000001a63e21212c: ;   {runtime_call throw_range_check_failed Runtime1 stub}
  0x000001a63e21212c: 08e8 4efd 

  0x000001a63e212130: ; ImmutableOopMap {rdx=Oop rax=Oop rdi=Oop [136]=Oop [400]=Oop [408]=Oop [456]=Oop }
                      ;*aaload {reexecute=0 rethrow=0 return_oop=0}
                      ; - org.eclipse.jdt.internal.core.index.DiskIndex::readCategoryTable@620 (line 747)
                      ;   {runtime_call throw_null_pointer_exception Runtime1 stub}
  0x000001a63e212130: 8105 e849 

  0x000001a63e212134: ; ImmutableOopMap {rax=Oop rsi=Oop [136]=Oop [392]=Oop [408]=Oop [416]=Oop [456]=Oop }
                      ;*invokevirtual put {reexecute=0 rethrow=0 return_oop=0}
                      ; - org.eclipse.jdt.internal.core.index.DiskIndex::readCategoryTable@633 (line 747)
                      ;   {metadata({method} {0x000001a698749330} 'readCategoryTable' '([CZ)Lorg/eclipse/jdt/internal/compiler/util/HashtableOfObject;' in 'org/eclipse/jdt/internal/core/index/DiskIndex')}
  0x000001a63e212134: f481 0549 | ba28 9374 | 98a6 0100 | 004c 8954 | 2408 48c7 | 0424 8402 

  0x000001a63e21214c: ;   {runtime_call counter_overflow Runtime1 stub}
  0x000001a63e21214c: 0000 e8ad 

  0x000001a63e212150: ; ImmutableOopMap {rdx=Oop rax=Oop rdi=Oop [136]=Oop [400]=Oop [408]=Oop [456]=Oop }
                      ;*if_icmplt {reexecute=1 rethrow=0 return_oop=0}
                      ; - (reexecute) org.eclipse.jdt.internal.core.index.DiskIndex::readCategoryTable@644 (line 746)
  0x000001a63e212150: 308b 05e9 | eaf5 ffff 

  0x000001a63e212158: ;   {runtime_call throw_null_pointer_exception Runtime1 stub}
  0x000001a63e212158: e823 f481 

  0x000001a63e21215c: ; ImmutableOopMap {rdx=Oop rax=Oop [136]=Oop [400]=Oop [456]=Oop }
                      ;*invokevirtual close {reexecute=0 rethrow=0 return_oop=0}
                      ; - org.eclipse.jdt.internal.core.index.DiskIndex::readCategoryTable@732 (line 753)
                      ;   {metadata({method} {0x000001a6974c8b40} 'close' '()V' in 'org/eclipse/jdt/internal/core/index/IndexLocation')}
  0x000001a63e21215c: 0549 ba38 | 8b4c 97a6 | 0100 004c | 8954 2408 | 48c7 0424 | ffff ffff 

  0x000001a63e212174: ;   {runtime_call counter_overflow Runtime1 stub}
  0x000001a63e212174: e887 308b 

  0x000001a63e212178: ; ImmutableOopMap {rdx=Oop [136]=Oop [400]=Oop [456]=Oop }
                      ;*synchronization entry
                      ; - org.eclipse.jdt.internal.core.index.IndexLocation::close@-1 (line 101)
                      ; - org.eclipse.jdt.internal.core.index.DiskIndex::readCategoryTable@732 (line 753)
  0x000001a63e212178: 05e9 16f8 | ffff 488d | 8424 c001 | 0000 4889 

  0x000001a63e212188: ;   {runtime_call monitorexit_nofpu Runtime1 stub}
  0x000001a63e212188: 0424 e871 | 158b 05e9 | 4ef8 ffff 

  0x000001a63e212194: ;   {internal_word}
  0x000001a63e212194: 49ba ed19 | 213e a601 | 0000 4d89 | 9768 0400 

  0x000001a63e2121a4: ;   {runtime_call SafepointBlob}
  0x000001a63e2121a4: 00e9 d624 

  0x000001a63e2121a8: ;   {runtime_call throw_null_pointer_exception Runtime1 stub}
  0x000001a63e2121a8: 8005 e8d1 

  0x000001a63e2121ac: ; ImmutableOopMap {rsi=Oop [136]=Oop [408]=Oop [432]=Oop [456]=Oop }
                      ;*invokevirtual close {reexecute=0 rethrow=0 return_oop=0}
                      ; - org.eclipse.jdt.internal.core.index.DiskIndex::readCategoryTable@669 (line 749)
                      ;   {runtime_call throw_null_pointer_exception Runtime1 stub}
  0x000001a63e2121ac: f381 05e8 

  0x000001a63e2121b0: ; ImmutableOopMap {rsi=Oop rax=Oop [136]=Oop [456]=Oop }
                      ;*invokevirtual addSuppressed {reexecute=0 rethrow=0 return_oop=0}
                      ; - org.eclipse.jdt.internal.core.index.DiskIndex::readCategoryTable@700 (line 749)
  0x000001a63e2121b0: ccf3 8105 

  0x000001a63e2121b4: ;   {runtime_call throw_null_pointer_exception Runtime1 stub}
  0x000001a63e2121b4: e8c7 f381 

  0x000001a63e2121b8: ; ImmutableOopMap {rsi=Oop [136]=Oop [456]=Oop }
                      ;*athrow {reexecute=1 rethrow=0 return_oop=0}
                      ; - (reexecute) org.eclipse.jdt.internal.core.index.DiskIndex::readCategoryTable@705 (line 749)
                      ;   {runtime_call throw_null_pointer_exception Runtime1 stub}
  0x000001a63e2121b8: 05e8 c2f3 

  0x000001a63e2121bc: ; ImmutableOopMap {rax=Oop rsi=Oop [456]=Oop }
                      ;*invokevirtual close {reexecute=0 rethrow=0 return_oop=0}
                      ; - org.eclipse.jdt.internal.core.index.DiskIndex::readCategoryTable@722 (line 753)
                      ;   {metadata({method} {0x000001a6974c8b40} 'close' '()V' in 'org/eclipse/jdt/internal/core/index/IndexLocation')}
  0x000001a63e2121bc: 8105 49ba | 388b 4c97 | a601 0000 | 4c89 5424 | 0848 c704 | 24ff ffff 

  0x000001a63e2121d4: ;   {runtime_call counter_overflow Runtime1 stub}
  0x000001a63e2121d4: ffe8 2630 

  0x000001a63e2121d8: ; ImmutableOopMap {rax=Oop [456]=Oop }
                      ;*synchronization entry
                      ; - org.eclipse.jdt.internal.core.index.IndexLocation::close@-1 (line 101)
                      ; - org.eclipse.jdt.internal.core.index.DiskIndex::readCategoryTable@722 (line 753)
  0x000001a63e2121d8: 8b05 e906 

  0x000001a63e2121dc: ;   {oop(nullptr)}
  0x000001a63e2121dc: fbff ff49 | b900 0000 | 0000 0000 | 00c7 8424 | 5401 0000 | ffff ffff | c784 2450 | 0100 0000 
  0x000001a63e2121fc: ;   {oop(nullptr)}
  0x000001a63e2121fc: 0000 0049 | ba00 0000 | 0000 0000 | 004c 8994 | 2448 0100 

  0x000001a63e212210: ;   {oop(nullptr)}
  0x000001a63e212210: 0049 ba00 | 0000 0000 | 0000 004c | 8994 2440 | 0100 00e9 | 7de8 ffff | c784 2434 | 0100 00ff 
  0x000001a63e212230: ffff ffc7 | 8424 3001 | 0000 0000 

  0x000001a63e21223c: ;   {oop(nullptr)}
  0x000001a63e21223c: 0000 49ba | 0000 0000 | 0000 0000 | 4c89 9424 | 2801 0000 

  0x000001a63e212250: ;   {oop(nullptr)}
  0x000001a63e212250: 49ba 0000 | 0000 0000 | 0000 4c89 | 9424 2001 | 0000 e9f5 | e6ff ffc7 | 8424 3401 | 0000 ffff 
  0x000001a63e212270: ffff c784 | 2430 0100 | 0000 0000 

  0x000001a63e21227c: ;   {oop(nullptr)}
  0x000001a63e21227c: 0049 ba00 | 0000 0000 | 0000 004c | 8994 2428 

  0x000001a63e21228c: ;   {oop(nullptr)}
  0x000001a63e21228c: 0100 0049 | ba00 0000 | 0000 0000 | 004c 8994 | 2420 0100 | 00e9 b6e6 | ffff c784 | 2434 0100 
  0x000001a63e2122ac: 00ff ffff | ffc7 8424 | 3001 0000 | 0000 0000 

  0x000001a63e2122bc: ;   {oop(nullptr)}
  0x000001a63e2122bc: 49ba 0000 | 0000 0000 | 0000 4c89 | 9424 2801 

  0x000001a63e2122cc: ;   {oop(nullptr)}
  0x000001a63e2122cc: 0000 49ba | 0000 0000 | 0000 0000 | 4c89 9424 | 2001 0000 | e977 e6ff | ffc7 8424 | 3401 0000 
  0x000001a63e2122ec: ffff ffff | c784 2430 | 0100 0000 

  0x000001a63e2122f8: ;   {oop(nullptr)}
  0x000001a63e2122f8: 0000 0049 | ba00 0000 | 0000 0000 | 004c 8994 | 2428 0100 

  0x000001a63e21230c: ;   {oop(nullptr)}
  0x000001a63e21230c: 0049 ba00 | 0000 0000 | 0000 004c | 8994 2420 | 0100 00e9 | 38e6 ffff | 448b 9424 | b400 0000 
  0x000001a63e21232c: 4489 9424 | 3401 0000 | 448b 9424 | c000 0000 | 4489 9424 | 3001 0000 | 48ff b424 | c800 0000 
  0x000001a63e21234c: 488f 8424 | 2801 0000 | 48ff b424 | b800 0000 | 488f 8424 | 2001 0000 | e9f3 e5ff | ff44 8b94 
  0x000001a63e21236c: 24b4 0000 | 0044 8994 | 2434 0100 | 0044 8b94 | 24c0 0000 | 0044 8994 | 2430 0100 | 0048 ffb4 
  0x000001a63e21238c: 24c8 0000 | 0048 8f84 | 2428 0100 | 0048 ffb4 | 24b8 0000 | 0048 8f84 | 2420 0100 | 00e9 aee5 
  0x000001a63e2123ac: ffff 448b | 9424 b400 | 0000 4489 | 9424 3401 | 0000 448b | 9424 c000 | 0000 4489 | 9424 3001 
  0x000001a63e2123cc: 0000 48ff | b424 c800 | 0000 488f | 8424 2801 | 0000 48ff | b424 b800 | 0000 488f | 8424 2001 
  0x000001a63e2123ec: 0000 e969 | e5ff ff44 | 8b94 24b4 | 0000 0044 | 8994 2434 | 0100 0044 | 8b94 24c0 | 0000 0044 
  0x000001a63e21240c: ;   {no_reloc}
  0x000001a63e21240c: 8994 2430 | 0100 0048 | ffb4 24c8 | 0000 0048 | 8f84 2428 | 0100 0048 | ffb4 24b8 | 0000 0048 
  0x000001a63e21242c: 8f84 2420 | 0100 00e9 | 24e5 ffff | 448b 9424 | b400 0000 | 4489 9424 | 3401 0000 | 448b 9424 
  0x000001a63e21244c: c000 0000 | 4489 9424 | 3001 0000 | 48ff b424 | c800 0000 | 488f 8424 | 2801 0000 | 48ff b424 
  0x000001a63e21246c: b800 0000 | 488f 8424 | 2001 0000 | e9df e4ff | ff44 8b94 | 24b4 0000 | 0044 8994 | 2434 0100 
  0x000001a63e21248c: 0044 8b94 | 24c0 0000 | 0044 8994 | 2430 0100 | 0048 ffb4 | 24c8 0000 | 0048 8f84 | 2428 0100 
  0x000001a63e2124ac: 0048 ffb4 | 24b8 0000 | 0048 8f84 | 2420 0100 | 00e9 9ae4 | ffff 448b | 9424 d800 | 0000 4489 
  0x000001a63e2124cc: 9424 3401 | 0000 448b | 9424 dc00 | 0000 4489 | 9424 3001 | 0000 48ff | b424 e000 | 0000 488f 
  0x000001a63e2124ec: 8424 2801 | 0000 48ff | b424 b800 | 0000 488f | 8424 2001 | 0000 e955 | e4ff ff44 

  0x000001a63e212508: ;   {no_reloc}
  0x000001a63e212508: 8b94 24b4 | 0000 0044 | 8994 2434 | 0100 0044 | 8b94 24c0 | 0000 0044 | 8994 2430 | 0100 0048 
  0x000001a63e212528: ffb4 24c8 | 0000 0048 | 8f84 2428 | 0100 0048 | ffb4 24b8 | 0000 0048 | 8f84 2420 | 0100 00e9 
  0x000001a63e212548: 10e4 ffff | 448b 9424 | b400 0000 | 4489 9424 | 3401 0000 | 448b 9424 | c000 0000 | 4489 9424 
  0x000001a63e212568: 3001 0000 | 48ff b424 | c800 0000 | 488f 8424 | 2801 0000 | 48ff b424 | b800 0000 | 488f 8424 
  0x000001a63e212588: 2001 0000 | e9cb e3ff 

  0x000001a63e212590: ;   {oop(nullptr)}
  0x000001a63e212590: ff49 b900 | 0000 0000 | 0000 0044 | 8b94 24b4 | 0000 0044 | 8994 2454 | 0100 0044 | 8b94 24c0 
  0x000001a63e2125b0: 0000 0044 | 8994 2450 | 0100 0048 | ffb4 24c8 | 0000 0048 | 8f84 2448 | 0100 0048 | ffb4 24b8 
  0x000001a63e2125d0: 0000 0048 | 8f84 2440 | 0100 00e9 | c5e4 ffff | c784 2434 | 0100 00ff | ffff ffc7 | 8424 3001 
  0x000001a63e2125f0: 0000 0000 

  0x000001a63e2125f4: ;   {oop(nullptr)}
  0x000001a63e2125f4: 0000 49ba | 0000 0000 | 0000 0000 | 4c89 9424 | 2801 0000 

  0x000001a63e212608: ;   {oop(nullptr)}
  0x000001a63e212608: 49ba 0000 | 0000 0000 | 0000 4c89 | 9424 2001 | 0000 e93d | e3ff ffc7 | 8424 3401 | 0000 ffff 
  0x000001a63e212628: ffff c784 | 2430 0100 | 0000 0000 

  0x000001a63e212634: ;   {oop(nullptr)}
  0x000001a63e212634: 0049 ba00 | 0000 0000 | 0000 004c | 8994 2428 

  0x000001a63e212644: ;   {oop(nullptr)}
  0x000001a63e212644: 0100 0049 | ba00 0000 | 0000 0000 | 004c 8994 | 2420 0100 | 00e9 fee2 | ffff c784 | 2434 0100 
  0x000001a63e212664: 00ff ffff | ffc7 8424 | 3001 0000 | 0000 0000 

  0x000001a63e212674: ;   {oop(nullptr)}
  0x000001a63e212674: 49ba 0000 | 0000 0000 | 0000 4c89 | 9424 2801 

  0x000001a63e212684: ;   {oop(nullptr)}
  0x000001a63e212684: 0000 49ba | 0000 0000 | 0000 0000 | 4c89 9424 | 2001 0000 | e9bf e2ff | ffc7 8424 | 3401 0000 
  0x000001a63e2126a4: ffff ffff | c784 2430 | 0100 0000 

  0x000001a63e2126b0: ;   {oop(nullptr)}
  0x000001a63e2126b0: 0000 0049 | ba00 0000 | 0000 0000 | 004c 8994 | 2428 0100 

  0x000001a63e2126c4: ;   {oop(nullptr)}
  0x000001a63e2126c4: 0049 ba00 | 0000 0000 | 0000 004c | 8994 2420 | 0100 00e9 | 80e2 ffff | c784 2434 | 0100 00ff 
  0x000001a63e2126e4: ffff ffc7 | 8424 3001 | 0000 0000 

  0x000001a63e2126f0: ;   {oop(nullptr)}
  0x000001a63e2126f0: 0000 49ba | 0000 0000 | 0000 0000 | 4c89 9424 | 2801 0000 

  0x000001a63e212704: ;   {oop(nullptr)}
  0x000001a63e212704: 49ba 0000 | 0000 0000 | 0000 4c89 | 9424 2001 | 0000 e941 | e2ff ff4c | 8b8c 2418 | 0100 0044 
  0x000001a63e212724: 8b94 2434 | 0100 0044 | 8994 2454 | 0100 0044 | 8b94 2430 | 0100 0044 | 8994 2450 | 0100 0048 
  0x000001a63e212744: ffb4 2428 | 0100 0048 | 8f84 2448 | 0100 0048 | ffb4 2420 | 0100 0048 | 8f84 2440 | 0100 00e9 
  0x000001a63e212764: 3de3 ffff | 4d8b c889 | b424 5401 | 0000 89bc | 2450 0100 | 0048 899c | 2448 0100 | 0048 898c 
  0x000001a63e212784: 2440 0100 | 00e9 17e3 | ffff 8bbc | 2454 0100 | 008b 9c24 | 5001 0000 | 488b 8c24 | 4801 0000 
  0x000001a63e2127a4: 4c8b 8424 | 4001 0000 | e92b e4ff | ff8b bc24 | 5401 0000 | 8b9c 2450 | 0100 0048 | 8b8c 2448 
  0x000001a63e2127c4: 0100 004c | 8b84 2440 | 0100 00e9 | 08e4 ffff | 8bbc 2454 | 0100 008b | 9c24 5001 | 0000 488b 
  0x000001a63e2127e4: 8c24 4801 | 0000 4c8b | 8424 4001 | 0000 e9e5 | e3ff ff89 | bc24 6001 | 0000 899c 

  0x000001a63e212800: ;   {no_reloc}
  0x000001a63e212800: 2464 0100 | 0048 898c | 2468 0100 | 004c 8984 | 2470 0100 | 00e9 bbe4 

  0x000001a63e212818: ;   {oop(nullptr)}
  0x000001a63e212818: ffff 48be | 0000 0000 | 0000 0000 | e9a6 f2ff 

  0x000001a63e212828: ;   {oop(nullptr)}
  0x000001a63e212828: ff48 be00 | 0000 0000 | 0000 00e9 | 97f2 ffff | 488b b424 | b001 0000 | e98a f2ff | ff49 8bf0 
  0x000001a63e212848: e982 f2ff 

  0x000001a63e21284c: ;   {oop(nullptr)}
  0x000001a63e21284c: ff49 b900 | 0000 0000 | 0000 00c7 | 8424 5401 | 0000 ffff | ffff c784 | 2450 0100 | 0000 0000 
  0x000001a63e21286c: ;   {oop(nullptr)}
  0x000001a63e21286c: 0049 ba00 | 0000 0000 | 0000 004c | 8994 2448 

  0x000001a63e21287c: ;   {oop(nullptr)}
  0x000001a63e21287c: 0100 0049 | ba00 0000 | 0000 0000 | 004c 8994 | 2440 0100 | 00e9 0fe2 | ffff c784 | 2434 0100 
  0x000001a63e21289c: 00ff ffff | ffc7 8424 | 3001 0000 | 0000 0000 

  0x000001a63e2128ac: ;   {oop(nullptr)}
  0x000001a63e2128ac: 49ba 0000 | 0000 0000 | 0000 4c89 | 9424 2801 

  0x000001a63e2128bc: ;   {oop(nullptr)}
  0x000001a63e2128bc: 0000 49ba | 0000 0000 | 0000 0000 | 4c89 9424 | 2001 0000 | e987 e0ff | ffc7 8424 | 3401 0000 
  0x000001a63e2128dc: ffff ffff | c784 2430 | 0100 0000 

  0x000001a63e2128e8: ;   {oop(nullptr)}
  0x000001a63e2128e8: 0000 0049 | ba00 0000 | 0000 0000 | 004c 8994 | 2428 0100 

  0x000001a63e2128fc: ;   {oop(nullptr)}
  0x000001a63e2128fc: 0049 ba00 | 0000 0000 | 0000 004c | 8994 2420 | 0100 00e9 | 48e0 ffff | c784 2434 | 0100 00ff 
  0x000001a63e21291c: ffff ffc7 | 8424 3001 | 0000 0000 

  0x000001a63e212928: ;   {oop(nullptr)}
  0x000001a63e212928: 0000 49ba | 0000 0000 | 0000 0000 | 4c89 9424 | 2801 0000 

  0x000001a63e21293c: ;   {oop(nullptr)}
  0x000001a63e21293c: 49ba 0000 | 0000 0000 | 0000 4c89 | 9424 2001 | 0000 e909 | e0ff ff44 | 8b94 24b4 | 0000 0044 
  0x000001a63e21295c: 8994 2434 | 0100 0044 | 8b94 24c0 | 0000 0044 | 8994 2430 | 0100 0048 | ffb4 24c8 | 0000 0048 
  0x000001a63e21297c: 8f84 2428 | 0100 0048 | ffb4 24b8 | 0000 0048 | 8f84 2420 | 0100 00e9 | c4df ffff | 448b 9424 
  0x000001a63e21299c: b400 0000 | 4489 9424 | 3401 0000 | 448b 9424 | c000 0000 | 4489 9424 | 3001 0000 | 4c89 9c24 
  0x000001a63e2129bc: 2801 0000 | 48ff b424 | b800 0000 | 488f 8424 | 2001 0000 | e987 dfff | ff89 bc24 | 3401 0000 
  0x000001a63e2129dc: 8994 2430 | 0100 0048 | 8984 2428 | 0100 0048 | ffb4 24b8 | 0000 0048 | 8f84 2420 | 0100 00e9 
  0x000001a63e2129fc: 5cdf ffff | 89bc 2434 | 0100 0089 | 9424 3001 | 0000 4889 | 8424 2801 | 0000 48ff | b424 b800 
  0x000001a63e212a1c: 0000 488f | 8424 2001 | 0000 e931 | dfff ff89 | bc24 3401 | 0000 8994 | 2430 0100 

  0x000001a63e212a38: ;   {no_reloc}
  0x000001a63e212a38: 0048 8984 | 2428 0100 | 0048 ffb4 | 24b8 0000 | 0048 8f84 | 2420 0100 | 00e9 06df | ffff 448b 
  0x000001a63e212a58: 9424 d800 | 0000 4489 | 9424 3401 | 0000 899c | 2430 0100 | 0048 ffb4 | 24e0 0000 | 0048 8f84 
  0x000001a63e212a78: 2428 0100 | 0048 ffb4 | 24b8 0000 | 0048 8f84 | 2420 0100 | 00e9 cade | ffff 448b | 9424 d800 
  0x000001a63e212a98: 0000 4489 | 9424 3401 | 0000 899c | 2430 0100 | 0048 ffb4 | 24e0 0000 | 0048 8f84 | 2428 0100 
  0x000001a63e212ab8: 0048 ffb4 | 24b8 0000 | 0048 8f84 | 2420 0100 | 00e9 8ede | ffff 448b | 9424 b400 | 0000 4489 
  0x000001a63e212ad8: 9424 3401 | 0000 448b | 9424 c000 | 0000 4489 | 9424 3001 | 0000 48ff | b424 c800 | 0000 488f 
  0x000001a63e212af8: 8424 2801 | 0000 48ff | b424 b800 | 0000 488f | 8424 2001 | 0000 e949 | deff ff44 | 8b94 24b4 
  0x000001a63e212b18: 0000 0044 | 8994 2460 | 0100 0044 | 8b94 24c0 | 0000 0044 | 8994 2464 | 0100 0048 | ffb4 24c8 
  0x000001a63e212b38: ;   {no_reloc}
  0x000001a63e212b38: 0000 0048 | 8f84 2468 | 0100 0048 | ffb4 24b8 | 0000 0048 | 8f84 2470 | 0100 00e9 | 7de1 ffff 
  0x000001a63e212b58: c784 2434 | 0100 00ff | ffff ffc7 | 8424 3001 | 0000 0000 

  0x000001a63e212b6c: ;   {oop(nullptr)}
  0x000001a63e212b6c: 0000 49ba | 0000 0000 | 0000 0000 | 4c89 9424 | 2801 0000 

  0x000001a63e212b80: ;   {oop(nullptr)}
  0x000001a63e212b80: 49ba 0000 | 0000 0000 | 0000 4c89 | 9424 2001 | 0000 e9c5 | ddff ffc7 | 8424 3401 | 0000 ffff 
  0x000001a63e212ba0: ffff c784 | 2430 0100 | 0000 0000 

  0x000001a63e212bac: ;   {oop(nullptr)}
  0x000001a63e212bac: 0049 ba00 | 0000 0000 | 0000 004c | 8994 2428 

  0x000001a63e212bbc: ;   {oop(nullptr)}
  0x000001a63e212bbc: 0100 0049 | ba00 0000 | 0000 0000 | 004c 8994 | 2420 0100 | 00e9 86dd | ffff c784 | 2434 0100 
  0x000001a63e212bdc: 00ff ffff | ffc7 8424 | 3001 0000 | 0000 0000 

  0x000001a63e212bec: ;   {oop(nullptr)}
  0x000001a63e212bec: 49ba 0000 | 0000 0000 | 0000 4c89 | 9424 2801 

  0x000001a63e212bfc: ;   {oop(nullptr)}
  0x000001a63e212bfc: 0000 49ba | 0000 0000 | 0000 0000 | 4c89 9424 | 2001 0000 | e947 ddff | ffc7 8424 | 3401 0000 
  0x000001a63e212c1c: ffff ffff | c784 2430 | 0100 0000 

  0x000001a63e212c28: ;   {oop(nullptr)}
  0x000001a63e212c28: 0000 0049 | ba00 0000 | 0000 0000 | 004c 8994 | 2428 0100 

  0x000001a63e212c3c: ;   {oop(nullptr)}
  0x000001a63e212c3c: 0049 ba00 | 0000 0000 | 0000 004c | 8994 2420 | 0100 00e9 | 08dd ffff | 4c8b 8c24 | 1801 0000 
  0x000001a63e212c5c: 448b 9424 | 3401 0000 | 4489 9424 | 5401 0000 | 448b 9424 | 3001 0000 | 4489 9424 | 5001 0000 
  0x000001a63e212c7c: 48ff b424 | 2801 0000 | 488f 8424 | 4801 0000 | 48ff b424 | 2001 0000 | 488f 8424 | 4001 0000 
  0x000001a63e212c9c: e904 deff | ff8b bc24 | 5401 0000 | 8b9c 2450 | 0100 0048 | 8b8c 2448 | 0100 004c | 8b84 2440 
  0x000001a63e212cbc: 0100 00e9 | 18df ffff | 8bbc 2454 | 0100 008b | 9c24 5001 | 0000 488b | 8c24 4801 | 0000 4c8b 
  0x000001a63e212cdc: 8424 4001 | 0000 e9f5 | deff ff89 | bc24 6001 | 0000 899c | 2464 0100 | 0048 898c | 2468 0100 
  0x000001a63e212cfc: 004c 8984 | 2470 0100 | 00e9 cbdf 

  0x000001a63e212d08: ;   {oop(nullptr)}
  0x000001a63e212d08: ffff 48be | 0000 0000 | 0000 0000 | e9b6 edff | ff48 8bb4 | 24b0 0100 | 00e9 a9ed | ffff 498b 
  0x000001a63e212d28: 8700 0500 | 0049 c787 | 0005 0000 | 0000 0000 | 49c7 8708 | 0500 0000 | 0000 0048 | 8bd8 488d 
  0x000001a63e212d48: 8424 c001 | 0000 488b | 3848 85ff | 0f84 0f00 | 0000 488b | 7008 f048 | 0fb1 3e0f | 8517 0000 
  0x000001a63e212d68: 0049 ff8f | 5005 0000 | 488b c348 | 81c4 e001 

  0x000001a63e212d78: ;   {runtime_call unwind_exception Runtime1 stub}
  0x000001a63e212d78: 0000 5de9 | 00f7 8105 | 488d 8424 | c001 0000 | 4889 0424 

  0x000001a63e212d8c: ;   {runtime_call monitorexit_nofpu Runtime1 stub}
  0x000001a63e212d8c: e86f 098b | 05eb ddf4 | f4f4 f4f4 
[Stub Code]
  0x000001a63e212d98: ;   {no_reloc}
  0x000001a63e212d98: 0f1f 4400 

  0x000001a63e212d9c: ;   {static_stub}
  0x000001a63e212d9c: 0048 bb00 | 0000 0000 

  0x000001a63e212da4: ;   {runtime_call nmethod}
  0x000001a63e212da4: 0000 00e9 | fbff ffff 

  0x000001a63e212dac: ;   {static_stub}
  0x000001a63e212dac: 9048 bb00 | 0000 0000 

  0x000001a63e212db4: ;   {runtime_call nmethod}
  0x000001a63e212db4: 0000 00e9 | fbff ffff 

  0x000001a63e212dbc: ;   {static_stub}
  0x000001a63e212dbc: 9048 bb00 | 0000 0000 

  0x000001a63e212dc4: ;   {runtime_call nmethod}
  0x000001a63e212dc4: 0000 00e9 | fbff ffff 

  0x000001a63e212dcc: ;   {static_stub}
  0x000001a63e212dcc: 9048 bb00 | 0000 0000 

  0x000001a63e212dd4: ;   {runtime_call nmethod}
  0x000001a63e212dd4: 0000 00e9 | fbff ffff 

  0x000001a63e212ddc: ;   {static_stub}
  0x000001a63e212ddc: 9048 bb00 | 0000 0000 

  0x000001a63e212de4: ;   {runtime_call nmethod}
  0x000001a63e212de4: 0000 00e9 | fbff ffff 

  0x000001a63e212dec: ;   {static_stub}
  0x000001a63e212dec: 9048 bb00 | 0000 0000 

  0x000001a63e212df4: ;   {runtime_call nmethod}
  0x000001a63e212df4: 0000 00e9 | fbff ffff 

  0x000001a63e212dfc: ;   {static_stub}
  0x000001a63e212dfc: 9048 bb00 | 0000 0000 

  0x000001a63e212e04: ;   {runtime_call nmethod}
  0x000001a63e212e04: 0000 00e9 | fbff ffff 

  0x000001a63e212e0c: ;   {static_stub}
  0x000001a63e212e0c: 9048 bb00 | 0000 0000 

  0x000001a63e212e14: ;   {runtime_call nmethod}
  0x000001a63e212e14: 0000 00e9 | fbff ffff 

  0x000001a63e212e1c: ;   {static_stub}
  0x000001a63e212e1c: 9048 bb00 | 0000 0000 

  0x000001a63e212e24: ;   {runtime_call nmethod}
  0x000001a63e212e24: 0000 00e9 | fbff ffff 

  0x000001a63e212e2c: ;   {static_stub}
  0x000001a63e212e2c: 9048 bb00 | 0000 0000 

  0x000001a63e212e34: ;   {runtime_call nmethod}
  0x000001a63e212e34: 0000 00e9 | fbff ffff 

  0x000001a63e212e3c: ;   {static_stub}
  0x000001a63e212e3c: 9048 bb00 | 0000 0000 

  0x000001a63e212e44: ;   {runtime_call nmethod}
  0x000001a63e212e44: 0000 00e9 | fbff ffff 

  0x000001a63e212e4c: ;   {static_stub}
  0x000001a63e212e4c: 9048 bb00 | 0000 0000 

  0x000001a63e212e54: ;   {runtime_call nmethod}
  0x000001a63e212e54: 0000 00e9 | fbff ffff 

  0x000001a63e212e5c: ;   {static_stub}
  0x000001a63e212e5c: 9048 bb00 | 0000 0000 

  0x000001a63e212e64: ;   {runtime_call nmethod}
  0x000001a63e212e64: 0000 00e9 | fbff ffff 

  0x000001a63e212e6c: ;   {static_stub}
  0x000001a63e212e6c: 9048 bb00 | 0000 0000 

  0x000001a63e212e74: ;   {runtime_call nmethod}
  0x000001a63e212e74: 0000 00e9 | fbff ffff 

  0x000001a63e212e7c: ;   {static_stub}
  0x000001a63e212e7c: 9048 bb00 | 0000 0000 

  0x000001a63e212e84: ;   {runtime_call nmethod}
  0x000001a63e212e84: 0000 00e9 | fbff ffff 

  0x000001a63e212e8c: ;   {static_stub}
  0x000001a63e212e8c: 9048 bb00 | 0000 0000 

  0x000001a63e212e94: ;   {runtime_call nmethod}
  0x000001a63e212e94: 0000 00e9 | fbff ffff 

  0x000001a63e212e9c: ;   {static_stub}
  0x000001a63e212e9c: 9048 bb00 | 0000 0000 

  0x000001a63e212ea4: ;   {runtime_call nmethod}
  0x000001a63e212ea4: 0000 00e9 | fbff ffff 

  0x000001a63e212eac: ;   {static_stub}
  0x000001a63e212eac: 9048 bb00 | 0000 0000 

  0x000001a63e212eb4: ;   {runtime_call nmethod}
  0x000001a63e212eb4: 0000 00e9 | fbff ffff 

  0x000001a63e212ebc: ;   {static_stub}
  0x000001a63e212ebc: 9048 bb00 | 0000 0000 

  0x000001a63e212ec4: ;   {runtime_call nmethod}
  0x000001a63e212ec4: 0000 00e9 | fbff ffff 

  0x000001a63e212ecc: ;   {static_stub}
  0x000001a63e212ecc: 48bb 0000 | 0000 0000 

  0x000001a63e212ed4: ;   {runtime_call nmethod}
  0x000001a63e212ed4: 0000 e9fb 

  0x000001a63e212ed8: ;   {static_stub}
  0x000001a63e212ed8: ffff ff48 | bb00 0000 | 0000 0000 

  0x000001a63e212ee4: ;   {runtime_call nmethod}
  0x000001a63e212ee4: 00e9 fbff 

  0x000001a63e212ee8: ;   {static_stub}
  0x000001a63e212ee8: ffff 48bb | 0000 0000 | 0000 0000 

  0x000001a63e212ef4: ;   {runtime_call nmethod}
  0x000001a63e212ef4: e9fb ffff 

  0x000001a63e212ef8: ;   {static_stub}
  0x000001a63e212ef8: ff48 bb00 | 0000 0000 

  0x000001a63e212f00: ;   {runtime_call nmethod}
  0x000001a63e212f00: 0000 00e9 | fbff ffff 

  0x000001a63e212f08: ;   {static_stub}
  0x000001a63e212f08: 48bb 60d4 | 7598 a601 

  0x000001a63e212f10: ;   {runtime_call I2C/C2I adapters}
  0x000001a63e212f10: 0000 e950 

  0x000001a63e212f14: ;   {static_stub}
  0x000001a63e212f14: 0880 0548 | bb00 0000 | 0000 0000 

  0x000001a63e212f20: ;   {runtime_call nmethod}
  0x000001a63e212f20: 00e9 fbff 

  0x000001a63e212f24: ;   {static_stub}
  0x000001a63e212f24: ffff 48bb | 0000 0000 | 0000 0000 

  0x000001a63e212f30: ;   {runtime_call nmethod}
  0x000001a63e212f30: e9fb ffff 

  0x000001a63e212f34: ;   {static_stub}
  0x000001a63e212f34: ff48 bb00 | 0000 0000 

  0x000001a63e212f3c: ;   {runtime_call nmethod}
  0x000001a63e212f3c: 0000 00e9 | fbff ffff 

  0x000001a63e212f44: ;   {static_stub}
  0x000001a63e212f44: 48bb 0000 | 0000 0000 

  0x000001a63e212f4c: ;   {runtime_call nmethod}
  0x000001a63e212f4c: 0000 e9fb 

  0x000001a63e212f50: ;   {static_stub}
  0x000001a63e212f50: ffff ff48 | bb00 0000 | 0000 0000 

  0x000001a63e212f5c: ;   {runtime_call nmethod}
  0x000001a63e212f5c: 00e9 fbff 

  0x000001a63e212f60: ;   {static_stub}
  0x000001a63e212f60: ffff 48bb | d0a5 7498 | a601 0000 

  0x000001a63e212f6c: ;   {runtime_call I2C/C2I adapters}
  0x000001a63e212f6c: e9f6 0780 

  0x000001a63e212f70: ;   {static_stub}
  0x000001a63e212f70: 0548 bb00 | 0000 0000 

  0x000001a63e212f78: ;   {runtime_call nmethod}
  0x000001a63e212f78: 0000 00e9 | fbff ffff 

  0x000001a63e212f80: ;   {static_stub}
  0x000001a63e212f80: 48bb 0000 | 0000 0000 

  0x000001a63e212f88: ;   {runtime_call nmethod}
  0x000001a63e212f88: 0000 e9fb 

  0x000001a63e212f8c: ;   {runtime_call handle_exception_from_callee Runtime1 stub}
  0x000001a63e212f8c: ffff ffe8 | ecc7 8105 

  0x000001a63e212f94: ;   {external_word}
  0x000001a63e212f94: 48b9 5063 | 5ff3 fc7f | 0000 4883 

  0x000001a63e212fa0: ;   {runtime_call}
  0x000001a63e212fa0: e4f0 48b8 | c0c9 21f3 | fc7f 0000 

  0x000001a63e212fac: ;   {section_word}
  0x000001a63e212fac: ffd0 f449 | baaf 2f21 | 3ea6 0100 

  0x000001a63e212fb8: ;   {runtime_call DeoptimizationBlob}
  0x000001a63e212fb8: 0041 52e9 | e00f 8005 
[/MachCode]


---------------  P R O C E S S  ---------------

Threads class SMR info:
_java_thread_list=0x000001a69dffde80, length=31, elements={
0x000001a639280000, 0x000001a654584de0, 0x000001a654586430, 0x000001a65458a4b0,
0x000001a65458d4c0, 0x000001a65458e020, 0x000001a65458ea80, 0x000001a65458f8c0,
0x000001a654607ac0, 0x000001a69a0be0a0, 0x000001a69a0fdd90, 0x000001a69a55dc80,
0x000001a69a6e4c70, 0x000001a69a556930, 0x000001a69a5575b0, 0x000001a69ace81f0,
0x000001a69a60d2a0, 0x000001a69a05d9c0, 0x000001a69abbd4a0, 0x000001a69abbba60,
0x000001a69abba020, 0x000001a69abbad40, 0x000001a69d76b6d0, 0x000001a69d76d7a0,
0x000001a69d76ff00, 0x000001a69d76bd60, 0x000001a69d76eb50, 0x000001a69d770590,
0x000001a69d9bb440, 0x000001a69d9b8650, 0x000001a69d9be8c0
}

Java Threads: ( => current thread )
  0x000001a639280000 JavaThread "main"                              [_thread_blocked, id=13324, stack(0x0000002ee7100000,0x0000002ee7200000) (1024K)]
  0x000001a654584de0 JavaThread "Reference Handler"          daemon [_thread_blocked, id=12280, stack(0x0000002ee7500000,0x0000002ee7600000) (1024K)]
  0x000001a654586430 JavaThread "Finalizer"                  daemon [_thread_blocked, id=12504, stack(0x0000002ee7600000,0x0000002ee7700000) (1024K)]
  0x000001a65458a4b0 JavaThread "Signal Dispatcher"          daemon [_thread_blocked, id=13040, stack(0x0000002ee7700000,0x0000002ee7800000) (1024K)]
  0x000001a65458d4c0 JavaThread "Attach Listener"            daemon [_thread_blocked, id=9152, stack(0x0000002ee7800000,0x0000002ee7900000) (1024K)]
  0x000001a65458e020 JavaThread "Service Thread"             daemon [_thread_blocked, id=10548, stack(0x0000002ee7900000,0x0000002ee7a00000) (1024K)]
  0x000001a65458ea80 JavaThread "Monitor Deflation Thread"   daemon [_thread_blocked, id=13340, stack(0x0000002ee7a00000,0x0000002ee7b00000) (1024K)]
  0x000001a65458f8c0 JavaThread "C2 CompilerThread0"         daemon [_thread_blocked, id=8228, stack(0x0000002ee7b00000,0x0000002ee7c00000) (1024K)]
  0x000001a654607ac0 JavaThread "C1 CompilerThread0"         daemon [_thread_blocked, id=6300, stack(0x0000002ee7c00000,0x0000002ee7d00000) (1024K)]
  0x000001a69a0be0a0 JavaThread "Common-Cleaner"             daemon [_thread_blocked, id=14284, stack(0x0000002ee7d00000,0x0000002ee7e00000) (1024K)]
  0x000001a69a0fdd90 JavaThread "Notification Thread"        daemon [_thread_blocked, id=10796, stack(0x0000002ee7e00000,0x0000002ee7f00000) (1024K)]
  0x000001a69a55dc80 JavaThread "Active Thread: Equinox Container: bffe7715-e93b-4037-b833-d41f668ce7b1"        [_thread_blocked, id=9120, stack(0x0000002ee8000000,0x0000002ee8100000) (1024K)]
  0x000001a69a6e4c70 JavaThread "Refresh Thread: Equinox Container: bffe7715-e93b-4037-b833-d41f668ce7b1" daemon [_thread_blocked, id=12736, stack(0x0000002ee8100000,0x0000002ee8200000) (1024K)]
  0x000001a69a556930 JavaThread "Framework Event Dispatcher: Equinox Container: bffe7715-e93b-4037-b833-d41f668ce7b1" daemon [_thread_blocked, id=2220, stack(0x0000002ee8200000,0x0000002ee8300000) (1024K)]
  0x000001a69a5575b0 JavaThread "Start Level: Equinox Container: bffe7715-e93b-4037-b833-d41f668ce7b1" daemon [_thread_blocked, id=9232, stack(0x0000002ee8300000,0x0000002ee8400000) (1024K)]
  0x000001a69ace81f0 JavaThread "Bundle File Closer"         daemon [_thread_blocked, id=2780, stack(0x0000002ee8400000,0x0000002ee8500000) (1024K)]
  0x000001a69a60d2a0 JavaThread "SCR Component Actor"        daemon [_thread_blocked, id=4120, stack(0x0000002ee8500000,0x0000002ee8600000) (1024K)]
  0x000001a69a05d9c0 JavaThread "Worker-JM"                         [_thread_blocked, id=13000, stack(0x0000002ee8600000,0x0000002ee8700000) (1024K)]
  0x000001a69abbd4a0 JavaThread "JNA Cleaner"                daemon [_thread_blocked, id=12656, stack(0x0000002ee8700000,0x0000002ee8800000) (1024K)]
  0x000001a69abbba60 JavaThread "Worker-0: Java indexing... "        [_thread_blocked, id=8588, stack(0x0000002ee8800000,0x0000002ee8900000) (1024K)]
  0x000001a69abba020 JavaThread "Worker-2"                          [_thread_blocked, id=1196, stack(0x0000002ee8a00000,0x0000002ee8b00000) (1024K)]
=>0x000001a69abbad40 JavaThread "Java indexing"              daemon [_thread_in_vm, id=9220, stack(0x0000002ee8b00000,0x0000002ee8c00000) (1024K)]
  0x000001a69d76b6d0 JavaThread "Thread-1"                   daemon [_thread_in_native, id=9772, stack(0x0000002ee8e00000,0x0000002ee8f00000) (1024K)]
  0x000001a69d76d7a0 JavaThread "Thread-2"                   daemon [_thread_in_native, id=12424, stack(0x0000002ee8f00000,0x0000002ee9000000) (1024K)]
  0x000001a69d76ff00 JavaThread "Thread-3"                   daemon [_thread_in_native, id=14280, stack(0x0000002ee9000000,0x0000002ee9100000) (1024K)]
  0x000001a69d76bd60 JavaThread "pool-2-thread-1"                   [_thread_blocked, id=10804, stack(0x0000002ee9100000,0x0000002ee9200000) (1024K)]
  0x000001a69d76eb50 JavaThread "WorkspaceEventsHandler"            [_thread_blocked, id=14088, stack(0x0000002ee9200000,0x0000002ee9300000) (1024K)]
  0x000001a69d770590 JavaThread "pool-1-thread-1"                   [_thread_blocked, id=15344, stack(0x0000002ee9300000,0x0000002ee9400000) (1024K)]
  0x000001a69d9bb440 JavaThread "PatternSearchJob-worker-3"  daemon [_thread_blocked, id=12528, stack(0x0000002ee6f00000,0x0000002ee7000000) (1024K)]
  0x000001a69d9b8650 JavaThread "Worker-6"                          [_thread_blocked, id=3844, stack(0x0000002ee7000000,0x0000002ee7100000) (1024K)]
  0x000001a69d9be8c0 JavaThread "Compiler Processing Task"   daemon [_thread_blocked, id=14912, stack(0x0000002ee8900000,0x0000002ee8a00000) (1024K)]
Total: 31

Other Threads:
  0x000001a65456a260 VMThread "VM Thread"                           [id=5056, stack(0x0000002ee7400000,0x0000002ee7500000) (1024K)]
  0x000001a639345070 WatcherThread "VM Periodic Task Thread"        [id=13048, stack(0x0000002ee7300000,0x0000002ee7400000) (1024K)]
  0x000001a63929e250 WorkerThread "GC Thread#0"                     [id=14124, stack(0x0000002ee7200000,0x0000002ee7300000) (1024K)]
  0x000001a69a3e6990 WorkerThread "GC Thread#1"                     [id=3736, stack(0x0000002ee7f00000,0x0000002ee8000000) (1024K)]
Total: 4

Threads with active compile tasks:
Total: 0

VM state: not at safepoint (normal execution)

VM Mutex/Monitor currently owned by a thread:  ([mutex/lock_event])
[0x00007ffcf38af6b0] Heap_lock - owner thread: 0x000001a69abbad40
[0x00007ffcf38afb30] PSOldGenExpand_lock - owner thread: 0x000001a69abbad40

Heap address: 0x0000000700000000, size: 4096 MB, Compressed Oops mode: Zero based, Oop shift amount: 3

CDS archive(s) mapped at: [0x000001a655000000-0x000001a655ba0000-0x000001a655ba0000), size 12189696, SharedBaseAddress: 0x000001a655000000, ArchiveRelocationMode: 1.
Compressed class space mapped at: 0x000001a656000000-0x000001a696000000, reserved size: 1073741824
Narrow klass base: 0x000001a655000000, Narrow klass shift: 0, Narrow klass range: 0x100000000

GC Precious Log:
 CardTable entry size: 512
 CPUs: 2 total, 2 available
 Memory: 8008M
 Large Page Support: Disabled
 NUMA Support: Disabled
 Compressed Oops: Enabled (Zero based)
 Alignments: Space 512K, Generation 512K, Heap 2M
 Heap Min Capacity: 100M
 Heap Initial Capacity: 100M
 Heap Max Capacity: 4G
 Pre-touch: Disabled
 Parallel Workers: 2

Heap:
 PSYoungGen      total 12288K, used 1658K [0x00000007aab00000, 0x00000007ab880000, 0x0000000800000000)
  eden space 11264K, 12% used [0x00000007aab00000,0x00000007aac5eb50,0x00000007ab600000)
  from space 1024K, 25% used [0x00000007ab700000,0x00000007ab740020,0x00000007ab800000)
  to   space 512K, 0% used [0x00000007ab800000,0x00000007ab800000,0x00000007ab880000)
 ParOldGen       total 74752K, used 74362K [0x0000000700000000, 0x00000007aab00000, 0x00000007aab00000)
  object space 74752K, 99% used [0x0000000700000000,0x000000070489e830,0x0000000704900000)
 Metaspace       used 73298K, committed 74880K, reserved 1179648K
  class space    used 7675K, committed 8384K, reserved 1048576K

Card table byte_map: [0x000001a64b490000,0x000001a64bca0000] _byte_map_base: 0x000001a647c90000

Marking Bits: (ParMarkBitMap*) 0x00007ffcf38b44a0
 Begin Bits: [0x000001a64bca0000, 0x000001a64fca0000)
 End Bits:   [0x000001a64fca0000, 0x000001a653ca0000)

Polling page: 0x000001a638a50000

Metaspace:

Usage:
  Non-class:     64.08 MB used.
      Class:      7.50 MB used.
       Both:     71.58 MB used.

Virtual space:
  Non-class space:      128.00 MB reserved,      64.94 MB ( 51%) committed,  2 nodes.
      Class space:        1.00 GB reserved,       8.19 MB ( <1%) committed,  1 nodes.
             Both:        1.12 GB reserved,      73.12 MB (  6%) committed. 

Chunk freelists:
   Non-Class:  14.31 MB
       Class:  7.77 MB
        Both:  22.08 MB

MaxMetaspaceSize: unlimited
CompressedClassSpaceSize: 1.00 GB
Initial GC threshold: 21.00 MB
Current GC threshold: 97.31 MB
CDS: on
 - commit_granule_bytes: 65536.
 - commit_granule_words: 8192.
 - virtual_space_node_default_size: 8388608.
 - enlarge_chunks_in_place: 1.
 - use_allocation_guard: 0.


Internal statistics:

num_allocs_failed_limit: 9.
num_arena_births: 1426.
num_arena_deaths: 14.
num_vsnodes_births: 3.
num_vsnodes_deaths: 0.
num_space_committed: 1170.
num_space_uncommitted: 0.
num_chunks_returned_to_freelist: 23.
num_chunks_taken_from_freelist: 4838.
num_chunk_merges: 12.
num_chunk_splits: 2922.
num_chunks_enlarged: 1600.
num_inconsistent_stats: 0.

CodeHeap 'non-profiled nmethods': size=120064Kb used=10679Kb max_used=10679Kb free=109384Kb
 bounds [0x000001a643f50000, 0x000001a6449c0000, 0x000001a64b490000]
CodeHeap 'profiled nmethods': size=120000Kb used=33233Kb max_used=33233Kb free=86766Kb
 bounds [0x000001a63c490000, 0x000001a63e510000, 0x000001a6439c0000]
CodeHeap 'non-nmethods': size=5696Kb used=1481Kb max_used=1537Kb free=4215Kb
 bounds [0x000001a6439c0000, 0x000001a643c30000, 0x000001a643f50000]
CodeCache: size=245760Kb, used=45393Kb, max_used=45449Kb, free=200365Kb
 total_blobs=13290, nmethods=12492, adapters=701, full_count=0
Compilation: enabled, stopped_count=0, restarted_count=0

Compilation events (20 events):
Event: 6265.257 Thread 0x000001a654607ac0 13415       3       org.eclipse.core.internal.jobs.DeadlockDetector::indexOf (43 bytes)
Event: 6265.257 Thread 0x000001a654607ac0 nmethod 13415 0x000001a63e4fb810 code [0x000001a63e4fba00, 0x000001a63e4fc1c8]
Event: 6265.257 Thread 0x000001a654607ac0 13418       1       org.eclipse.core.internal.events.ResourceChangeEvent::getType (5 bytes)
Event: 6265.257 Thread 0x000001a654607ac0 nmethod 13418 0x000001a6449bd710 code [0x000001a6449bd8a0, 0x000001a6449bd968]
Event: 6265.275 Thread 0x000001a654607ac0 13419   !   3       org.eclipse.core.internal.resources.ProjectContentTypes::usesContentTypePreferences (81 bytes)
Event: 6265.276 Thread 0x000001a654607ac0 nmethod 13419 0x000001a63e4fc510 code [0x000001a63e4fc780, 0x000001a63e4fd1b8]
Event: 6266.286 Thread 0x000001a654607ac0 13420       3       org.eclipse.jdt.internal.compiler.parser.Parser::consumeSingleVariableDeclarator (685 bytes)
Event: 6266.289 Thread 0x000001a654607ac0 nmethod 13420 0x000001a63e4fd590 code [0x000001a63e4fd920, 0x000001a63e4ff6b0]
Event: 6266.290 Thread 0x000001a654607ac0 13421       3       org.eclipse.jdt.internal.compiler.SourceElementParser::classInstanceCreation (107 bytes)
Event: 6266.291 Thread 0x000001a654607ac0 nmethod 13421 0x000001a63e500090 code [0x000001a63e5002a0, 0x000001a63e500a00]
Event: 6266.299 Thread 0x000001a65458f8c0 13422       4       java.util.Spliterators::spliterator (25 bytes)
Event: 6266.301 Thread 0x000001a65458f8c0 nmethod 13422 0x000001a6449bda10 code [0x000001a6449bdba0, 0x000001a6449bdd50]
Event: 6266.301 Thread 0x000001a654607ac0 13423       3       org.eclipse.jdt.internal.compiler.SourceElementNotifier::getThrownExceptions (9 bytes)
Event: 6266.301 Thread 0x000001a654607ac0 nmethod 13423 0x000001a63e500c10 code [0x000001a63e500dc0, 0x000001a63e500f00]
Event: 6266.301 Thread 0x000001a654607ac0 13424       3       org.eclipse.jdt.internal.core.search.indexing.SourceIndexerRequestor::enterMethod (147 bytes)
Event: 6266.302 Thread 0x000001a654607ac0 nmethod 13424 0x000001a63e501010 code [0x000001a63e501200, 0x000001a63e501850]
Event: 6266.302 Thread 0x000001a654607ac0 13425       3       org.eclipse.jdt.internal.core.search.matching.MethodDeclarationPattern::createDeclarationIndexKey (387 bytes)
Event: 6266.304 Thread 0x000001a654607ac0 nmethod 13425 0x000001a63e501a90 code [0x000001a63e501de0, 0x000001a63e503ae0]
Event: 6266.304 Thread 0x000001a654607ac0 13426       3       org.eclipse.jdt.internal.core.search.indexing.SourceIndexerRequestor::exitMethod (11 bytes)
Event: 6266.304 Thread 0x000001a654607ac0 nmethod 13426 0x000001a63e504310 code [0x000001a63e5044a0, 0x000001a63e5045b0]

GC Heap History (20 events):
Event: 6253.543 GC heap before
{Heap before GC invocations=71 (full 3):
 PSYoungGen      total 11776K, used 11133K [0x00000007aab00000, 0x00000007ab880000, 0x0000000800000000)
  eden space 11264K, 97% used [0x00000007aab00000,0x00000007ab5b7720,0x00000007ab600000)
  from space 512K, 31% used [0x00000007ab780000,0x00000007ab7a8000,0x00000007ab800000)
  to   space 512K, 0% used [0x00000007ab800000,0x00000007ab800000,0x00000007ab880000)
 ParOldGen       total 68608K, used 67599K [0x0000000700000000, 0x0000000704300000, 0x00000007aab00000)
  object space 68608K, 98% used [0x0000000700000000,0x0000000704203e10,0x0000000704300000)
 Metaspace       used 72058K, committed 73536K, reserved 1179648K
  class space    used 7542K, committed 8192K, reserved 1048576K
}
Event: 6253.546 GC heap after
{Heap after GC invocations=71 (full 3):
 PSYoungGen      total 11776K, used 320K [0x00000007aab00000, 0x00000007ab880000, 0x0000000800000000)
  eden space 11264K, 0% used [0x00000007aab00000,0x00000007aab00000,0x00000007ab600000)
  from space 512K, 62% used [0x00000007ab800000,0x00000007ab850000,0x00000007ab880000)
  to   space 512K, 0% used [0x00000007ab780000,0x00000007ab780000,0x00000007ab800000)
 ParOldGen       total 68608K, used 67639K [0x0000000700000000, 0x0000000704300000, 0x00000007aab00000)
  object space 68608K, 98% used [0x0000000700000000,0x000000070420de10,0x0000000704300000)
 Metaspace       used 72058K, committed 73536K, reserved 1179648K
  class space    used 7542K, committed 8192K, reserved 1048576K
}
Event: 6253.905 GC heap before
{Heap before GC invocations=72 (full 3):
 PSYoungGen      total 11776K, used 9777K [0x00000007aab00000, 0x00000007ab880000, 0x0000000800000000)
  eden space 11264K, 83% used [0x00000007aab00000,0x00000007ab43c400,0x00000007ab600000)
  from space 512K, 62% used [0x00000007ab800000,0x00000007ab850000,0x00000007ab880000)
  to   space 512K, 0% used [0x00000007ab780000,0x00000007ab780000,0x00000007ab800000)
 ParOldGen       total 68608K, used 67639K [0x0000000700000000, 0x0000000704300000, 0x00000007aab00000)
  object space 68608K, 98% used [0x0000000700000000,0x000000070420de10,0x0000000704300000)
 Metaspace       used 72059K, committed 73536K, reserved 1179648K
  class space    used 7542K, committed 8192K, reserved 1048576K
}
Event: 6253.909 GC heap after
{Heap after GC invocations=72 (full 3):
 PSYoungGen      total 11776K, used 160K [0x00000007aab00000, 0x00000007ab880000, 0x0000000800000000)
  eden space 11264K, 0% used [0x00000007aab00000,0x00000007aab00000,0x00000007ab600000)
  from space 512K, 31% used [0x00000007ab780000,0x00000007ab7a8000,0x00000007ab800000)
  to   space 512K, 0% used [0x00000007ab800000,0x00000007ab800000,0x00000007ab880000)
 ParOldGen       total 68608K, used 67916K [0x0000000700000000, 0x0000000704300000, 0x00000007aab00000)
  object space 68608K, 98% used [0x0000000700000000,0x00000007042531a8,0x0000000704300000)
 Metaspace       used 72059K, committed 73536K, reserved 1179648K
  class space    used 7542K, committed 8192K, reserved 1048576K
}
Event: 6256.704 GC heap before
{Heap before GC invocations=73 (full 3):
 PSYoungGen      total 11776K, used 10253K [0x00000007aab00000, 0x00000007ab880000, 0x0000000800000000)
  eden space 11264K, 89% used [0x00000007aab00000,0x00000007ab4db428,0x00000007ab600000)
  from space 512K, 31% used [0x00000007ab780000,0x00000007ab7a8000,0x00000007ab800000)
  to   space 512K, 0% used [0x00000007ab800000,0x00000007ab800000,0x00000007ab880000)
 ParOldGen       total 68608K, used 67916K [0x0000000700000000, 0x0000000704300000, 0x00000007aab00000)
  object space 68608K, 98% used [0x0000000700000000,0x00000007042531a8,0x0000000704300000)
 Metaspace       used 72666K, committed 74240K, reserved 1179648K
  class space    used 7607K, committed 8320K, reserved 1048576K
}
Event: 6256.707 GC heap after
{Heap after GC invocations=73 (full 3):
 PSYoungGen      total 11776K, used 480K [0x00000007aab00000, 0x00000007ab880000, 0x0000000800000000)
  eden space 11264K, 0% used [0x00000007aab00000,0x00000007aab00000,0x00000007ab600000)
  from space 512K, 93% used [0x00000007ab800000,0x00000007ab878000,0x00000007ab880000)
  to   space 1024K, 0% used [0x00000007ab680000,0x00000007ab680000,0x00000007ab780000)
 ParOldGen       total 68608K, used 68052K [0x0000000700000000, 0x0000000704300000, 0x00000007aab00000)
  object space 68608K, 99% used [0x0000000700000000,0x00000007042751a8,0x0000000704300000)
 Metaspace       used 72666K, committed 74240K, reserved 1179648K
  class space    used 7607K, committed 8320K, reserved 1048576K
}
Event: 6256.973 GC heap before
{Heap before GC invocations=74 (full 3):
 PSYoungGen      total 11776K, used 11597K [0x00000007aab00000, 0x00000007ab880000, 0x0000000800000000)
  eden space 11264K, 98% used [0x00000007aab00000,0x00000007ab5db760,0x00000007ab600000)
  from space 512K, 93% used [0x00000007ab800000,0x00000007ab878000,0x00000007ab880000)
  to   space 1024K, 0% used [0x00000007ab680000,0x00000007ab680000,0x00000007ab780000)
 ParOldGen       total 68608K, used 68052K [0x0000000700000000, 0x0000000704300000, 0x00000007aab00000)
  object space 68608K, 99% used [0x0000000700000000,0x00000007042751a8,0x0000000704300000)
 Metaspace       used 72667K, committed 74240K, reserved 1179648K
  class space    used 7607K, committed 8320K, reserved 1048576K
}
Event: 6256.979 GC heap after
{Heap after GC invocations=74 (full 3):
 PSYoungGen      total 12288K, used 96K [0x00000007aab00000, 0x00000007ab880000, 0x0000000800000000)
  eden space 11264K, 0% used [0x00000007aab00000,0x00000007aab00000,0x00000007ab600000)
  from space 1024K, 9% used [0x00000007ab680000,0x00000007ab698000,0x00000007ab780000)
  to   space 512K, 0% used [0x00000007ab800000,0x00000007ab800000,0x00000007ab880000)
 ParOldGen       total 72704K, used 72298K [0x0000000700000000, 0x0000000704700000, 0x00000007aab00000)
  object space 72704K, 99% used [0x0000000700000000,0x000000070469a8e0,0x0000000704700000)
 Metaspace       used 72667K, committed 74240K, reserved 1179648K
  class space    used 7607K, committed 8320K, reserved 1048576K
}
Event: 6257.148 GC heap before
{Heap before GC invocations=75 (full 3):
 PSYoungGen      total 12288K, used 9651K [0x00000007aab00000, 0x00000007ab880000, 0x0000000800000000)
  eden space 11264K, 84% used [0x00000007aab00000,0x00000007ab454e20,0x00000007ab600000)
  from space 1024K, 9% used [0x00000007ab680000,0x00000007ab698000,0x00000007ab780000)
  to   space 512K, 0% used [0x00000007ab800000,0x00000007ab800000,0x00000007ab880000)
 ParOldGen       total 72704K, used 72298K [0x0000000700000000, 0x0000000704700000, 0x00000007aab00000)
  object space 72704K, 99% used [0x0000000700000000,0x000000070469a8e0,0x0000000704700000)
 Metaspace       used 72668K, committed 74240K, reserved 1179648K
  class space    used 7607K, committed 8320K, reserved 1048576K
}
Event: 6257.150 GC heap after
{Heap after GC invocations=75 (full 3):
 PSYoungGen      total 11776K, used 176K [0x00000007aab00000, 0x00000007ab880000, 0x0000000800000000)
  eden space 11264K, 0% used [0x00000007aab00000,0x00000007aab00000,0x00000007ab600000)
  from space 512K, 34% used [0x00000007ab800000,0x00000007ab82c010,0x00000007ab880000)
  to   space 512K, 0% used [0x00000007ab780000,0x00000007ab780000,0x00000007ab800000)
 ParOldGen       total 72704K, used 72386K [0x0000000700000000, 0x0000000704700000, 0x00000007aab00000)
  object space 72704K, 99% used [0x0000000700000000,0x00000007046b08e0,0x0000000704700000)
 Metaspace       used 72668K, committed 74240K, reserved 1179648K
  class space    used 7607K, committed 8320K, reserved 1048576K
}
Event: 6257.263 GC heap before
{Heap before GC invocations=76 (full 3):
 PSYoungGen      total 11776K, used 11440K [0x00000007aab00000, 0x00000007ab880000, 0x0000000800000000)
  eden space 11264K, 100% used [0x00000007aab00000,0x00000007ab600000,0x00000007ab600000)
  from space 512K, 34% used [0x00000007ab800000,0x00000007ab82c010,0x00000007ab880000)
  to   space 512K, 0% used [0x00000007ab780000,0x00000007ab780000,0x00000007ab800000)
 ParOldGen       total 72704K, used 72386K [0x0000000700000000, 0x0000000704700000, 0x00000007aab00000)
  object space 72704K, 99% used [0x0000000700000000,0x00000007046b08e0,0x0000000704700000)
 Metaspace       used 72669K, committed 74240K, reserved 1179648K
  class space    used 7607K, committed 8320K, reserved 1048576K
}
Event: 6257.265 GC heap after
{Heap after GC invocations=76 (full 3):
 PSYoungGen      total 11776K, used 128K [0x00000007aab00000, 0x00000007ab880000, 0x0000000800000000)
  eden space 11264K, 0% used [0x00000007aab00000,0x00000007aab00000,0x00000007ab600000)
  from space 512K, 25% used [0x00000007ab780000,0x00000007ab7a0000,0x00000007ab800000)
  to   space 512K, 0% used [0x00000007ab800000,0x00000007ab800000,0x00000007ab880000)
 ParOldGen       total 72704K, used 72522K [0x0000000700000000, 0x0000000704700000, 0x00000007aab00000)
  object space 72704K, 99% used [0x0000000700000000,0x00000007046d28f0,0x0000000704700000)
 Metaspace       used 72669K, committed 74240K, reserved 1179648K
  class space    used 7607K, committed 8320K, reserved 1048576K
}
Event: 6257.430 GC heap before
{Heap before GC invocations=77 (full 3):
 PSYoungGen      total 11776K, used 9676K [0x00000007aab00000, 0x00000007ab880000, 0x0000000800000000)
  eden space 11264K, 84% used [0x00000007aab00000,0x00000007ab453020,0x00000007ab600000)
  from space 512K, 25% used [0x00000007ab780000,0x00000007ab7a0000,0x00000007ab800000)
  to   space 512K, 0% used [0x00000007ab800000,0x00000007ab800000,0x00000007ab880000)
 ParOldGen       total 72704K, used 72522K [0x0000000700000000, 0x0000000704700000, 0x00000007aab00000)
  object space 72704K, 99% used [0x0000000700000000,0x00000007046d28f0,0x0000000704700000)
 Metaspace       used 72686K, committed 74240K, reserved 1179648K
  class space    used 7608K, committed 8320K, reserved 1048576K
}
Event: 6257.432 GC heap after
{Heap after GC invocations=77 (full 3):
 PSYoungGen      total 11776K, used 224K [0x00000007aab00000, 0x00000007ab880000, 0x0000000800000000)
  eden space 11264K, 0% used [0x00000007aab00000,0x00000007aab00000,0x00000007ab600000)
  from space 512K, 43% used [0x00000007ab800000,0x00000007ab838000,0x00000007ab880000)
  to   space 512K, 0% used [0x00000007ab780000,0x00000007ab780000,0x00000007ab800000)
 ParOldGen       total 72704K, used 72610K [0x0000000700000000, 0x0000000704700000, 0x00000007aab00000)
  object space 72704K, 99% used [0x0000000700000000,0x00000007046e88f0,0x0000000704700000)
 Metaspace       used 72686K, committed 74240K, reserved 1179648K
  class space    used 7608K, committed 8320K, reserved 1048576K
}
Event: 6257.806 GC heap before
{Heap before GC invocations=78 (full 3):
 PSYoungGen      total 11776K, used 11488K [0x00000007aab00000, 0x00000007ab880000, 0x0000000800000000)
  eden space 11264K, 100% used [0x00000007aab00000,0x00000007ab600000,0x00000007ab600000)
  from space 512K, 43% used [0x00000007ab800000,0x00000007ab838000,0x00000007ab880000)
  to   space 512K, 0% used [0x00000007ab780000,0x00000007ab780000,0x00000007ab800000)
 ParOldGen       total 72704K, used 72610K [0x0000000700000000, 0x0000000704700000, 0x00000007aab00000)
  object space 72704K, 99% used [0x0000000700000000,0x00000007046e88f0,0x0000000704700000)
 Metaspace       used 72853K, committed 74368K, reserved 1179648K
  class space    used 7636K, committed 8320K, reserved 1048576K
}
Event: 6257.813 GC heap after
{Heap after GC invocations=78 (full 3):
 PSYoungGen      total 11776K, used 496K [0x00000007aab00000, 0x00000007ab900000, 0x0000000800000000)
  eden space 11264K, 0% used [0x00000007aab00000,0x00000007aab00000,0x00000007ab600000)
  from space 512K, 96% used [0x00000007ab780000,0x00000007ab7fc030,0x00000007ab800000)
  to   space 1024K, 0% used [0x00000007ab800000,0x00000007ab800000,0x00000007ab900000)
 ParOldGen       total 73216K, used 73078K [0x0000000700000000, 0x0000000704780000, 0x00000007aab00000)
  object space 73216K, 99% used [0x0000000700000000,0x000000070475d900,0x0000000704780000)
 Metaspace       used 72853K, committed 74368K, reserved 1179648K
  class space    used 7636K, committed 8320K, reserved 1048576K
}
Event: 6261.897 GC heap before
{Heap before GC invocations=79 (full 3):
 PSYoungGen      total 11776K, used 11760K [0x00000007aab00000, 0x00000007ab900000, 0x0000000800000000)
  eden space 11264K, 100% used [0x00000007aab00000,0x00000007ab600000,0x00000007ab600000)
  from space 512K, 96% used [0x00000007ab780000,0x00000007ab7fc030,0x00000007ab800000)
  to   space 1024K, 0% used [0x00000007ab800000,0x00000007ab800000,0x00000007ab900000)
 ParOldGen       total 73216K, used 73078K [0x0000000700000000, 0x0000000704780000, 0x00000007aab00000)
  object space 73216K, 99% used [0x0000000700000000,0x000000070475d900,0x0000000704780000)
 Metaspace       used 73026K, committed 74688K, reserved 1179648K
  class space    used 7658K, committed 8384K, reserved 1048576K
}
Event: 6261.901 GC heap after
{Heap after GC invocations=79 (full 3):
 PSYoungGen      total 12288K, used 896K [0x00000007aab00000, 0x00000007ab900000, 0x0000000800000000)
  eden space 11264K, 0% used [0x00000007aab00000,0x00000007aab00000,0x00000007ab600000)
  from space 1024K, 87% used [0x00000007ab800000,0x00000007ab8e0020,0x00000007ab900000)
  to   space 1024K, 0% used [0x00000007ab700000,0x00000007ab700000,0x00000007ab800000)
 ParOldGen       total 73728K, used 73527K [0x0000000700000000, 0x0000000704800000, 0x00000007aab00000)
  object space 73728K, 99% used [0x0000000700000000,0x00000007047cdcf0,0x0000000704800000)
 Metaspace       used 73026K, committed 74688K, reserved 1179648K
  class space    used 7658K, committed 8384K, reserved 1048576K
}
Event: 6265.064 GC heap before
{Heap before GC invocations=80 (full 3):
 PSYoungGen      total 12288K, used 12159K [0x00000007aab00000, 0x00000007ab900000, 0x0000000800000000)
  eden space 11264K, 99% used [0x00000007aab00000,0x00000007ab5fffd0,0x00000007ab600000)
  from space 1024K, 87% used [0x00000007ab800000,0x00000007ab8e0020,0x00000007ab900000)
  to   space 1024K, 0% used [0x00000007ab700000,0x00000007ab700000,0x00000007ab800000)
 ParOldGen       total 73728K, used 73527K [0x0000000700000000, 0x0000000704800000, 0x00000007aab00000)
  object space 73728K, 99% used [0x0000000700000000,0x00000007047cdcf0,0x0000000704800000)
 Metaspace       used 73263K, committed 74880K, reserved 1179648K
  class space    used 7675K, committed 8384K, reserved 1048576K
}
Event: 6265.067 GC heap after
{Heap after GC invocations=80 (full 3):
 PSYoungGen      total 12288K, used 256K [0x00000007aab00000, 0x00000007ab880000, 0x0000000800000000)
  eden space 11264K, 0% used [0x00000007aab00000,0x00000007aab00000,0x00000007ab600000)
  from space 1024K, 25% used [0x00000007ab700000,0x00000007ab740020,0x00000007ab800000)
  to   space 512K, 0% used [0x00000007ab800000,0x00000007ab800000,0x00000007ab880000)
 ParOldGen       total 74752K, used 74362K [0x0000000700000000, 0x0000000704900000, 0x00000007aab00000)
  object space 74752K, 99% used [0x0000000700000000,0x000000070489e830,0x0000000704900000)
 Metaspace       used 73263K, committed 74880K, reserved 1179648K
  class space    used 7675K, committed 8384K, reserved 1048576K
}

Dll operation events (20 events):
Event: 1.908 Attempting to load shared library C:\Users\jaimi\.vscode\extensions\redhat.java-1.56.0-win32-x64\jre\21.0.12.1-win32-x86_64\bin\instrument.dll
Event: 1.908 Loaded shared library C:\Users\jaimi\.vscode\extensions\redhat.java-1.56.0-win32-x64\jre\21.0.12.1-win32-x86_64\bin\instrument.dll
Event: 1.922 Attempting to load shared library C:\Users\jaimi\.vscode\extensions\redhat.java-1.56.0-win32-x64\jre\21.0.12.1-win32-x86_64\bin\net.dll
Event: 1.923 Loaded shared library C:\Users\jaimi\.vscode\extensions\redhat.java-1.56.0-win32-x64\jre\21.0.12.1-win32-x86_64\bin\net.dll
Event: 1.927 Attempting to load shared library C:\Users\jaimi\.vscode\extensions\redhat.java-1.56.0-win32-x64\jre\21.0.12.1-win32-x86_64\bin\nio.dll
Event: 1.927 Loaded shared library C:\Users\jaimi\.vscode\extensions\redhat.java-1.56.0-win32-x64\jre\21.0.12.1-win32-x86_64\bin\nio.dll
Event: 1.938 Attempting to load shared library C:\Users\jaimi\.vscode\extensions\redhat.java-1.56.0-win32-x64\jre\21.0.12.1-win32-x86_64\bin\zip.dll
Event: 1.938 Loaded shared library C:\Users\jaimi\.vscode\extensions\redhat.java-1.56.0-win32-x64\jre\21.0.12.1-win32-x86_64\bin\zip.dll
Event: 2.508 Attempting to load shared library C:\Users\jaimi\.vscode\extensions\redhat.java-1.56.0-win32-x64\jre\21.0.12.1-win32-x86_64\bin\jimage.dll
Event: 2.508 Loaded shared library C:\Users\jaimi\.vscode\extensions\redhat.java-1.56.0-win32-x64\jre\21.0.12.1-win32-x86_64\bin\jimage.dll
Event: 3.280 Attempting to load shared library c:\Users\jaimi\.vscode\extensions\redhat.java-1.56.0-win32-x64\jre\21.0.12.1-win32-x86_64\bin\verify.dll
Event: 3.281 Loaded shared library c:\Users\jaimi\.vscode\extensions\redhat.java-1.56.0-win32-x64\jre\21.0.12.1-win32-x86_64\bin\verify.dll
Event: 15.034 Attempting to load shared library C:\Users\jaimi\AppData\Roaming\Code\User\globalStorage\redhat.java\1.56.0\config_win\org.eclipse.equinox.launcher\org.eclipse.equinox.launcher.win32.win32.x86_64_1.3.100.v20260804-1928\eclipse_11924.dll
Event: 15.040 Loaded shared library C:\Users\jaimi\AppData\Roaming\Code\User\globalStorage\redhat.java\1.56.0\config_win\org.eclipse.equinox.launcher\org.eclipse.equinox.launcher.win32.win32.x86_64_1.3.100.v20260804-1928\eclipse_11924.dll
Event: 24.593 Attempting to load shared library C:\Users\jaimi\AppData\Local\Temp\jna-100887342\jna17515148373202060256.dll
Event: 24.935 Loaded shared library C:\Users\jaimi\AppData\Local\Temp\jna-100887342\jna17515148373202060256.dll
Event: 51.410 Attempting to load shared library C:\Users\jaimi\.vscode\extensions\redhat.java-1.56.0-win32-x64\jre\21.0.12.1-win32-x86_64\bin\sunmscapi.dll
Event: 51.414 Loaded shared library C:\Users\jaimi\.vscode\extensions\redhat.java-1.56.0-win32-x64\jre\21.0.12.1-win32-x86_64\bin\sunmscapi.dll
Event: 57.503 Attempting to load shared library C:\Users\jaimi\.vscode\extensions\redhat.java-1.56.0-win32-x64\jre\21.0.12.1-win32-x86_64\bin\extnet.dll
Event: 57.504 Loaded shared library C:\Users\jaimi\.vscode\extensions\redhat.java-1.56.0-win32-x64\jre\21.0.12.1-win32-x86_64\bin\extnet.dll

Deoptimization events (20 events):
Event: 6265.275 Thread 0x000001a69abba020 Uncommon trap: trap_request=0xffffffbe fr.pc=0x000001a6449bb2a0 relative=0x0000000000000180
Event: 6265.275 Thread 0x000001a69abba020 Uncommon trap: reason=profile_predicate action=maybe_recompile pc=0x000001a6449bb2a0 method=java.util.HashMap.keysToArray([Ljava/lang/Object;)[Ljava/lang/Object; @ 36 c2
Event: 6265.275 Thread 0x000001a69abba020 DEOPT PACKING pc=0x000001a6449bb2a0 sp=0x0000002ee8afe380
Event: 6265.275 Thread 0x000001a69abba020 DEOPT UNPACKING pc=0x000001a643a13a9c sp=0x0000002ee8afe300 mode 2
Event: 6265.275 Thread 0x000001a69abba020 Uncommon trap: trap_request=0xffffffbe fr.pc=0x000001a6449bb2a0 relative=0x0000000000000180
Event: 6265.275 Thread 0x000001a69abba020 Uncommon trap: reason=profile_predicate action=maybe_recompile pc=0x000001a6449bb2a0 method=java.util.HashMap.keysToArray([Ljava/lang/Object;)[Ljava/lang/Object; @ 36 c2
Event: 6265.275 Thread 0x000001a69abba020 DEOPT PACKING pc=0x000001a6449bb2a0 sp=0x0000002ee8afe220
Event: 6265.275 Thread 0x000001a69abba020 DEOPT UNPACKING pc=0x000001a643a13a9c sp=0x0000002ee8afe1a0 mode 2
Event: 6265.275 Thread 0x000001a69abba020 Uncommon trap: trap_request=0xffffffbe fr.pc=0x000001a6449bb2a0 relative=0x0000000000000180
Event: 6265.275 Thread 0x000001a69abba020 Uncommon trap: reason=profile_predicate action=maybe_recompile pc=0x000001a6449bb2a0 method=java.util.HashMap.keysToArray([Ljava/lang/Object;)[Ljava/lang/Object; @ 36 c2
Event: 6265.275 Thread 0x000001a69abba020 DEOPT PACKING pc=0x000001a6449bb2a0 sp=0x0000002ee8afe290
Event: 6265.275 Thread 0x000001a69abba020 DEOPT UNPACKING pc=0x000001a643a13a9c sp=0x0000002ee8afe210 mode 2
Event: 6266.236 Thread 0x000001a69abbad40 Uncommon trap: trap_request=0xffffffde fr.pc=0x000001a643fdc314 relative=0x00000000000004b4
Event: 6266.236 Thread 0x000001a69abbad40 Uncommon trap: reason=class_check action=maybe_recompile pc=0x000001a643fdc314 method=java.util.AbstractMap.hashCode()I @ 3 c2
Event: 6266.236 Thread 0x000001a69abbad40 DEOPT PACKING pc=0x000001a643fdc314 sp=0x0000002ee8bfe930
Event: 6266.236 Thread 0x000001a69abbad40 DEOPT UNPACKING pc=0x000001a643a13a9c sp=0x0000002ee8bfe8d8 mode 2
Event: 6266.240 Thread 0x000001a69abbad40 Uncommon trap: trap_request=0xffffffde fr.pc=0x000001a643fdc314 relative=0x00000000000004b4
Event: 6266.240 Thread 0x000001a69abbad40 Uncommon trap: reason=class_check action=maybe_recompile pc=0x000001a643fdc314 method=java.util.AbstractMap.hashCode()I @ 3 c2
Event: 6266.240 Thread 0x000001a69abbad40 DEOPT PACKING pc=0x000001a643fdc314 sp=0x0000002ee8bfeb20
Event: 6266.240 Thread 0x000001a69abbad40 DEOPT UNPACKING pc=0x000001a643a13a9c sp=0x0000002ee8bfeac8 mode 2

Classes loaded (20 events):
Event: 1948.559 Loading class java/util/concurrent/ConcurrentHashMap$KeySpliterator
Event: 1948.560 Loading class java/util/concurrent/ConcurrentHashMap$KeySpliterator done
Event: 1949.662 Loading class sun/nio/ch/ChannelOutputStream
Event: 1949.663 Loading class sun/nio/ch/ChannelOutputStream done
Event: 2236.936 Loading class java/util/stream/Nodes$CollectorTask$OfRef
Event: 2236.936 Loading class java/util/stream/Nodes$CollectorTask
Event: 2236.936 Loading class java/util/stream/Nodes$CollectorTask done
Event: 2236.936 Loading class java/util/stream/Nodes$CollectorTask$OfRef done
Event: 2236.937 Loading class java/util/function/LongFunction
Event: 2236.937 Loading class java/util/function/LongFunction done
Event: 2236.938 Loading class java/util/stream/Nodes$ConcNode
Event: 2236.938 Loading class java/util/stream/Nodes$AbstractConcNode
Event: 2236.938 Loading class java/util/stream/Nodes$AbstractConcNode done
Event: 2236.938 Loading class java/util/stream/Nodes$ConcNode done
Event: 2236.965 Loading class java/io/ObjectOutputStream$BlockDataOutputStream
Event: 2236.965 Loading class java/io/ObjectOutputStream$BlockDataOutputStream done
Event: 2236.965 Loading class java/io/ObjectOutputStream$HandleTable
Event: 2236.965 Loading class java/io/ObjectOutputStream$HandleTable done
Event: 2236.966 Loading class java/io/ObjectOutputStream$ReplaceTable
Event: 2236.966 Loading class java/io/ObjectOutputStream$ReplaceTable done

Classes unloaded (7 events):
Event: 27.767 Thread 0x000001a65456a260 Unloading class 0x000001a6561a8c00 'java/lang/invoke/LambdaForm$MH+0x000001a6561a8c00'
Event: 27.767 Thread 0x000001a65456a260 Unloading class 0x000001a6561a8800 'java/lang/invoke/LambdaForm$MH+0x000001a6561a8800'
Event: 27.767 Thread 0x000001a65456a260 Unloading class 0x000001a6561a8400 'java/lang/invoke/LambdaForm$MH+0x000001a6561a8400'
Event: 27.767 Thread 0x000001a65456a260 Unloading class 0x000001a6561a8000 'java/lang/invoke/LambdaForm$MH+0x000001a6561a8000'
Event: 27.767 Thread 0x000001a65456a260 Unloading class 0x000001a6561a7c00 'java/lang/invoke/LambdaForm$BMH+0x000001a6561a7c00'
Event: 27.767 Thread 0x000001a65456a260 Unloading class 0x000001a6561a7800 'java/lang/invoke/LambdaForm$DMH+0x000001a6561a7800'
Event: 27.767 Thread 0x000001a65456a260 Unloading class 0x000001a6561a6400 'java/lang/invoke/LambdaForm$DMH+0x000001a6561a6400'

Classes redefined (0 events):
No events

Internal exceptions (20 events):
Event: 6266.290 Thread 0x000001a69abbad40 Implicit null exception at 0x000001a63d3c651f to 0x000001a63d3c6ae5
Event: 6266.290 Thread 0x000001a69abbad40 Exception <a 'java/lang/NullPointerException'{0x00000007aac502d8}> (0x00000007aac502d8) 
thrown [s\src\hotspot\share\runtime\sharedRuntime.cpp, line 625]
Event: 6266.290 Thread 0x000001a69abbad40 Implicit null exception at 0x000001a63d3c651f to 0x000001a63d3c6ae5
Event: 6266.290 Thread 0x000001a69abbad40 Exception <a 'java/lang/NullPointerException'{0x00000007aac50758}> (0x00000007aac50758) 
thrown [s\src\hotspot\share\runtime\sharedRuntime.cpp, line 625]
Event: 6266.290 Thread 0x000001a69abbad40 Implicit null exception at 0x000001a63d3c651f to 0x000001a63d3c6ae5
Event: 6266.290 Thread 0x000001a69abbad40 Exception <a 'java/lang/NullPointerException'{0x00000007aac50b90}> (0x00000007aac50b90) 
thrown [s\src\hotspot\share\runtime\sharedRuntime.cpp, line 625]
Event: 6266.290 Thread 0x000001a69abbad40 Implicit null exception at 0x000001a63d3c651f to 0x000001a63d3c6ae5
Event: 6266.290 Thread 0x000001a69abbad40 Exception <a 'java/lang/NullPointerException'{0x00000007aac50ff0}> (0x00000007aac50ff0) 
thrown [s\src\hotspot\share\runtime\sharedRuntime.cpp, line 625]
Event: 6266.290 Thread 0x000001a69abbad40 Implicit null exception at 0x000001a63d3c651f to 0x000001a63d3c6ae5
Event: 6266.290 Thread 0x000001a69abbad40 Exception <a 'java/lang/NullPointerException'{0x00000007aac51640}> (0x00000007aac51640) 
thrown [s\src\hotspot\share\runtime\sharedRuntime.cpp, line 625]
Event: 6266.298 Thread 0x000001a69abbad40 Implicit null exception at 0x000001a63d3c651f to 0x000001a63d3c6ae5
Event: 6266.298 Thread 0x000001a69abbad40 Exception <a 'java/lang/NullPointerException'{0x00000007aac529e8}> (0x00000007aac529e8) 
thrown [s\src\hotspot\share\runtime\sharedRuntime.cpp, line 625]
Event: 6266.298 Thread 0x000001a69abbad40 Implicit null exception at 0x000001a63d3c651f to 0x000001a63d3c6ae5
Event: 6266.298 Thread 0x000001a69abbad40 Exception <a 'java/lang/NullPointerException'{0x00000007aac52e48}> (0x00000007aac52e48) 
thrown [s\src\hotspot\share\runtime\sharedRuntime.cpp, line 625]
Event: 6266.299 Thread 0x000001a69abbad40 Implicit null exception at 0x000001a63d3c651f to 0x000001a63d3c6ae5
Event: 6266.299 Thread 0x000001a69abbad40 Exception <a 'java/lang/NullPointerException'{0x00000007aac53280}> (0x00000007aac53280) 
thrown [s\src\hotspot\share\runtime\sharedRuntime.cpp, line 625]
Event: 6266.299 Thread 0x000001a69abbad40 Implicit null exception at 0x000001a63d3c651f to 0x000001a63d3c6ae5
Event: 6266.299 Thread 0x000001a69abbad40 Exception <a 'java/lang/NullPointerException'{0x00000007aac536e0}> (0x00000007aac536e0) 
thrown [s\src\hotspot\share\runtime\sharedRuntime.cpp, line 625]
Event: 6266.299 Thread 0x000001a69abbad40 Implicit null exception at 0x000001a63d3c651f to 0x000001a63d3c6ae5
Event: 6266.299 Thread 0x000001a69abbad40 Exception <a 'java/lang/NullPointerException'{0x00000007aac543b0}> (0x00000007aac543b0) 
thrown [s\src\hotspot\share\runtime\sharedRuntime.cpp, line 625]

ZGC Phase Switch (0 events):
No events

VM Operations (20 events):
Event: 6257.690 Executing non-safepoint VM operation: HandshakeAllThreads (Deoptimize)
Event: 6257.690 Executing non-safepoint VM operation: HandshakeAllThreads (Deoptimize) done
Event: 6257.693 Executing non-safepoint VM operation: HandshakeAllThreads (Deoptimize)
Event: 6257.694 Executing non-safepoint VM operation: HandshakeAllThreads (Deoptimize) done
Event: 6257.780 Executing non-safepoint VM operation: HandshakeAllThreads (Deoptimize)
Event: 6257.786 Executing non-safepoint VM operation: HandshakeAllThreads (Deoptimize) done
Event: 6257.803 Executing safepoint VM operation: ParallelGCFailedAllocation (Allocation Failure)
Event: 6257.813 Executing safepoint VM operation: ParallelGCFailedAllocation (Allocation Failure) done
Event: 6258.814 Executing safepoint VM operation: Cleanup
Event: 6258.814 Executing safepoint VM operation: Cleanup done
Event: 6260.814 Executing safepoint VM operation: Cleanup
Event: 6260.814 Executing safepoint VM operation: Cleanup done
Event: 6261.897 Executing safepoint VM operation: ParallelGCFailedAllocation (Allocation Failure)
Event: 6261.901 Executing safepoint VM operation: ParallelGCFailedAllocation (Allocation Failure) done
Event: 6263.901 Executing safepoint VM operation: Cleanup
Event: 6263.901 Executing safepoint VM operation: Cleanup done
Event: 6264.901 Executing safepoint VM operation: Cleanup
Event: 6264.901 Executing safepoint VM operation: Cleanup done
Event: 6265.064 Executing safepoint VM operation: ParallelGCFailedAllocation (Allocation Failure)
Event: 6265.067 Executing safepoint VM operation: ParallelGCFailedAllocation (Allocation Failure) done

Memory protections (0 events):
No events

Nmethod flushes (20 events):
Event: 108.194 Thread 0x000001a65456a260 flushing  nmethod 0x000001a63ce10b10
Event: 108.194 Thread 0x000001a65456a260 flushing  nmethod 0x000001a63ce18210
Event: 108.194 Thread 0x000001a65456a260 flushing  nmethod 0x000001a63ce5db10
Event: 108.194 Thread 0x000001a65456a260 flushing  nmethod 0x000001a63ce5f190
Event: 108.194 Thread 0x000001a65456a260 flushing  nmethod 0x000001a63ce5f790
Event: 108.194 Thread 0x000001a65456a260 flushing  nmethod 0x000001a63ce60010
Event: 108.194 Thread 0x000001a65456a260 flushing  nmethod 0x000001a63ce61b90
Event: 108.194 Thread 0x000001a65456a260 flushing  nmethod 0x000001a63ce67390
Event: 108.194 Thread 0x000001a65456a260 flushing  nmethod 0x000001a63ce68690
Event: 108.194 Thread 0x000001a65456a260 flushing  nmethod 0x000001a63ce6c990
Event: 108.194 Thread 0x000001a65456a260 flushing  nmethod 0x000001a63ce6e390
Event: 108.194 Thread 0x000001a65456a260 flushing  nmethod 0x000001a63ce77d10
Event: 108.194 Thread 0x000001a65456a260 flushing  nmethod 0x000001a63ce79410
Event: 108.194 Thread 0x000001a65456a260 flushing  nmethod 0x000001a63ce8a710
Event: 108.194 Thread 0x000001a65456a260 flushing  nmethod 0x000001a63ce8d590
Event: 108.194 Thread 0x000001a65456a260 flushing  nmethod 0x000001a63ce90c90
Event: 108.194 Thread 0x000001a65456a260 flushing  nmethod 0x000001a63ce91d10
Event: 108.194 Thread 0x000001a65456a260 flushing  nmethod 0x000001a63ce92290
Event: 108.194 Thread 0x000001a65456a260 flushing  nmethod 0x000001a63ce93390
Event: 108.194 Thread 0x000001a65456a260 flushing  nmethod 0x000001a63ce93a10

Events (20 events):
Event: 6260.451 Thread 0x000001a69d9b7930 Thread exited: 0x000001a69d9b7930
Event: 6260.453 Thread 0x000001a69d9bbad0 Thread exited: 0x000001a69d9bbad0
Event: 6260.456 Thread 0x000001a69d9be230 Thread exited: 0x000001a69d9be230
Event: 6260.458 Thread 0x000001a69d9ba720 Thread exited: 0x000001a69d9ba720
Event: 6260.461 Thread 0x000001a69d9bce80 Thread exited: 0x000001a69d9bce80
Event: 6260.464 Thread 0x000001a69d9be8c0 Thread exited: 0x000001a69d9be8c0
Event: 6260.466 Thread 0x000001a69d9bef50 Thread exited: 0x000001a69d9bef50
Event: 6260.469 Thread 0x000001a69d9b8ce0 Thread exited: 0x000001a69d9b8ce0
Event: 6260.476 Thread 0x000001a69d9b7fc0 Thread exited: 0x000001a69d9b7fc0
Event: 6260.516 Thread 0x000001a69d770590 Thread added: 0x000001a69d9bce80
Event: 6260.587 Thread 0x000001a69d9bc160 Thread exited: 0x000001a69d9bc160
Event: 6260.708 Thread 0x000001a69d770590 Thread added: 0x000001a69d9bdba0
Event: 6260.708 Thread 0x000001a69d770590 Thread added: 0x000001a69d9bd510
Event: 6260.824 Thread 0x000001a69d9bce80 Thread exited: 0x000001a69d9bce80
Event: 6260.826 Thread 0x000001a69d9bd510 Thread exited: 0x000001a69d9bd510
Event: 6261.228 Thread 0x000001a69d9bdba0 Thread exited: 0x000001a69d9bdba0
Event: 6261.625 Thread 0x000001a69d770590 Thread added: 0x000001a69d9ba090
Event: 6261.643 Thread 0x000001a69d9ba090 Thread exited: 0x000001a69d9ba090
Event: 6262.456 Thread 0x000001a69abbba60 Thread added: 0x000001a69d9b8650
Event: 6263.940 Thread 0x000001a69abba020 Thread added: 0x000001a69d9be8c0


Dynamic libraries:
0x00007ff6acd70000 - 0x00007ff6acd7e000 	c:\Users\jaimi\.vscode\extensions\redhat.java-1.56.0-win32-x64\jre\21.0.12.1-win32-x86_64\bin\java.exe
0x00007ffd6c7d0000 - 0x00007ffd6c9c8000 	C:\Windows\SYSTEM32\ntdll.dll
0x00007ffd6b5e0000 - 0x00007ffd6b6a2000 	C:\Windows\System32\KERNEL32.DLL
0x00007ffd6a1d0000 - 0x00007ffd6a4c6000 	C:\Windows\System32\KERNELBASE.dll
0x00007ffd69f00000 - 0x00007ffd6a000000 	C:\Windows\System32\ucrtbase.dll
0x00007ffd64d20000 - 0x00007ffd64d38000 	c:\Users\jaimi\.vscode\extensions\redhat.java-1.56.0-win32-x64\jre\21.0.12.1-win32-x86_64\bin\jli.dll
0x00007ffd6afb0000 - 0x00007ffd6b151000 	C:\Windows\System32\USER32.dll
0x00007ffd6a6b0000 - 0x00007ffd6a6d2000 	C:\Windows\System32\win32u.dll
0x00007ffd6b5b0000 - 0x00007ffd6b5db000 	C:\Windows\System32\GDI32.dll
0x00007ffd6a000000 - 0x00007ffd6a119000 	C:\Windows\System32\gdi32full.dll
0x00007ffd69e60000 - 0x00007ffd69efd000 	C:\Windows\System32\msvcp_win.dll
0x00007ffd64cf0000 - 0x00007ffd64d0e000 	c:\Users\jaimi\.vscode\extensions\redhat.java-1.56.0-win32-x64\jre\21.0.12.1-win32-x86_64\bin\VCRUNTIME140.dll
0x00007ffd52e70000 - 0x00007ffd5310b000 	C:\Windows\WinSxS\amd64_microsoft.windows.common-controls_6595b64144ccf1df_6.0.19041.6456_none_60b8a6cb71f64256\COMCTL32.dll
0x00007ffd6aa00000 - 0x00007ffd6aa9e000 	C:\Windows\System32\msvcrt.dll
0x00007ffd6b160000 - 0x00007ffd6b18f000 	C:\Windows\System32\IMM32.DLL
0x00007ffd64890000 - 0x00007ffd6489c000 	c:\Users\jaimi\.vscode\extensions\redhat.java-1.56.0-win32-x64\jre\21.0.12.1-win32-x86_64\bin\vcruntime140_1.dll
0x00007ffd51f10000 - 0x00007ffd51f9d000 	c:\Users\jaimi\.vscode\extensions\redhat.java-1.56.0-win32-x64\jre\21.0.12.1-win32-x86_64\bin\msvcp140.dll
0x00007ffcf2bf0000 - 0x00007ffcf3992000 	c:\Users\jaimi\.vscode\extensions\redhat.java-1.56.0-win32-x64\jre\21.0.12.1-win32-x86_64\bin\server\jvm.dll
0x00007ffd6b190000 - 0x00007ffd6b241000 	C:\Windows\System32\ADVAPI32.dll
0x00007ffd6af10000 - 0x00007ffd6afaf000 	C:\Windows\System32\sechost.dll
0x00007ffd6c420000 - 0x00007ffd6c540000 	C:\Windows\System32\RPCRT4.dll
0x00007ffd6a4d0000 - 0x00007ffd6a4f7000 	C:\Windows\System32\bcrypt.dll
0x00007ffd6c2f0000 - 0x00007ffd6c35b000 	C:\Windows\System32\WS2_32.dll
0x00007ffd69820000 - 0x00007ffd6986b000 	C:\Windows\SYSTEM32\POWRPROF.dll
0x00007ffd4dbd0000 - 0x00007ffd4dbf7000 	C:\Windows\SYSTEM32\WINMM.dll
0x00007ffd59770000 - 0x00007ffd5977a000 	C:\Windows\SYSTEM32\VERSION.dll
0x00007ffd697d0000 - 0x00007ffd697e2000 	C:\Windows\SYSTEM32\UMPDC.dll
0x00007ffd686c0000 - 0x00007ffd686d2000 	C:\Windows\SYSTEM32\kernel.appcore.dll
0x00007ffd622b0000 - 0x00007ffd622ba000 	c:\Users\jaimi\.vscode\extensions\redhat.java-1.56.0-win32-x64\jre\21.0.12.1-win32-x86_64\bin\jimage.dll
0x00007ffd68350000 - 0x00007ffd68551000 	C:\Windows\SYSTEM32\DBGHELP.DLL
0x00007ffd4e3b0000 - 0x00007ffd4e3e4000 	C:\Windows\SYSTEM32\dbgcore.DLL
0x00007ffd6a760000 - 0x00007ffd6a7e2000 	C:\Windows\System32\bcryptPrimitives.dll
0x00007ffd62250000 - 0x00007ffd6225f000 	c:\Users\jaimi\.vscode\extensions\redhat.java-1.56.0-win32-x64\jre\21.0.12.1-win32-x86_64\bin\instrument.dll
0x00007ffd52c40000 - 0x00007ffd52c60000 	c:\Users\jaimi\.vscode\extensions\redhat.java-1.56.0-win32-x64\jre\21.0.12.1-win32-x86_64\bin\java.dll
0x00007ffd6b900000 - 0x00007ffd6c070000 	C:\Windows\System32\SHELL32.dll
0x00007ffd67ad0000 - 0x00007ffd68275000 	C:\Windows\SYSTEM32\windows.storage.dll
0x00007ffd6b250000 - 0x00007ffd6b5a4000 	C:\Windows\System32\combase.dll
0x00007ffd69890000 - 0x00007ffd698bb000 	C:\Windows\SYSTEM32\Wldp.dll
0x00007ffd6c220000 - 0x00007ffd6c2ed000 	C:\Windows\System32\OLEAUT32.dll
0x00007ffd6b7e0000 - 0x00007ffd6b88d000 	C:\Windows\System32\SHCORE.dll
0x00007ffd6c3c0000 - 0x00007ffd6c41b000 	C:\Windows\System32\shlwapi.dll
0x00007ffd69d90000 - 0x00007ffd69db4000 	C:\Windows\SYSTEM32\profapi.dll
0x00007ffd63480000 - 0x00007ffd63498000 	c:\Users\jaimi\.vscode\extensions\redhat.java-1.56.0-win32-x64\jre\21.0.12.1-win32-x86_64\bin\zip.dll
0x00007ffd63470000 - 0x00007ffd63480000 	C:\Users\jaimi\.vscode\extensions\redhat.java-1.56.0-win32-x64\jre\21.0.12.1-win32-x86_64\bin\net.dll
0x00007ffd59c30000 - 0x00007ffd59d3a000 	C:\Windows\SYSTEM32\WINHTTP.dll
0x00007ffd69580000 - 0x00007ffd695ea000 	C:\Windows\system32\mswsock.dll
0x00007ffd63450000 - 0x00007ffd63466000 	C:\Users\jaimi\.vscode\extensions\redhat.java-1.56.0-win32-x64\jre\21.0.12.1-win32-x86_64\bin\nio.dll
0x00007ffd61470000 - 0x00007ffd61480000 	c:\Users\jaimi\.vscode\extensions\redhat.java-1.56.0-win32-x64\jre\21.0.12.1-win32-x86_64\bin\verify.dll
0x00007ffd43930000 - 0x00007ffd43975000 	C:\Users\jaimi\AppData\Roaming\Code\User\globalStorage\redhat.java\1.56.0\config_win\org.eclipse.equinox.launcher\org.eclipse.equinox.launcher.win32.win32.x86_64_1.3.100.v20260804-1928\eclipse_11924.dll
0x00007ffd6b6b0000 - 0x00007ffd6b7db000 	C:\Windows\System32\ole32.dll
0x00007ffd69770000 - 0x00007ffd69788000 	C:\Windows\SYSTEM32\CRYPTSP.dll
0x00007ffd68e30000 - 0x00007ffd68e68000 	C:\Windows\system32\rsaenh.dll
0x00007ffd69d10000 - 0x00007ffd69d3e000 	C:\Windows\SYSTEM32\USERENV.dll
0x00007ffd69790000 - 0x00007ffd6979c000 	C:\Windows\SYSTEM32\CRYPTBASE.dll
0x00007ffd69260000 - 0x00007ffd6929b000 	C:\Windows\SYSTEM32\IPHLPAPI.DLL
0x00007ffd6c780000 - 0x00007ffd6c788000 	C:\Windows\System32\NSI.dll
0x00007ffd49ef0000 - 0x00007ffd49f39000 	C:\Users\jaimi\AppData\Local\Temp\jna-100887342\jna17515148373202060256.dll
0x00007ffd6a9f0000 - 0x00007ffd6a9f8000 	C:\Windows\System32\PSAPI.DLL
0x00007ffd5fd80000 - 0x00007ffd5fd97000 	C:\Windows\SYSTEM32\dhcpcsvc6.DLL
0x00007ffd5fcf0000 - 0x00007ffd5fd0d000 	C:\Windows\SYSTEM32\dhcpcsvc.DLL
0x00007ffd64d10000 - 0x00007ffd64d1e000 	C:\Users\jaimi\.vscode\extensions\redhat.java-1.56.0-win32-x64\jre\21.0.12.1-win32-x86_64\bin\sunmscapi.dll
0x00007ffd6a550000 - 0x00007ffd6a6ad000 	C:\Windows\System32\CRYPT32.dll
0x00007ffd69900000 - 0x00007ffd69927000 	C:\Windows\SYSTEM32\ncrypt.dll
0x00007ffd698c0000 - 0x00007ffd698fb000 	C:\Windows\SYSTEM32\NTASN1.dll
0x00007ffd692a0000 - 0x00007ffd6936a000 	C:\Windows\SYSTEM32\DNSAPI.dll
0x0000000064fb0000 - 0x0000000064fd6000 	C:\Program Files\Bonjour\mdnsNSP.dll
0x00007ffd540b0000 - 0x00007ffd540ba000 	C:\Windows\System32\rasadhlp.dll
0x00007ffd53e10000 - 0x00007ffd53e90000 	C:\Windows\System32\fwpuclnt.dll
0x00007ffd64ca0000 - 0x00007ffd64ca9000 	C:\Users\jaimi\.vscode\extensions\redhat.java-1.56.0-win32-x64\jre\21.0.12.1-win32-x86_64\bin\extnet.dll

JVMTI agents:
c:\Users\jaimi\.vscode\extensions\redhat.java-1.56.0-win32-x64\lombok\lombok-1.18.39-4050.jar path:c:\Users\jaimi\.vscode\extensions\redhat.java-1.56.0-win32-x64\jre\21.0.12.1-win32-x86_64\bin\instrument.dll, loaded, initialized, instrumentlib options:none

dbghelp: loaded successfully - version: 4.0.5 - missing functions: none
symbol engine: initialized successfully - sym options: 0x614 - pdb path: .;c:\Users\jaimi\.vscode\extensions\redhat.java-1.56.0-win32-x64\jre\21.0.12.1-win32-x86_64\bin;C:\Windows\SYSTEM32;C:\Windows\WinSxS\amd64_microsoft.windows.common-controls_6595b64144ccf1df_6.0.19041.6456_none_60b8a6cb71f64256;c:\Users\jaimi\.vscode\extensions\redhat.java-1.56.0-win32-x64\jre\21.0.12.1-win32-x86_64\bin\server;C:\Users\jaimi\AppData\Roaming\Code\User\globalStorage\redhat.java\1.56.0\config_win\org.eclipse.equinox.launcher\org.eclipse.equinox.launcher.win32.win32.x86_64_1.3.100.v20260804-1928;C:\Users\jaimi\AppData\Local\Temp\jna-100887342;C:\Program Files\Bonjour

VM Arguments:
jvm_args: --add-modules=ALL-SYSTEM --add-opens=java.base/java.util=ALL-UNNAMED --add-opens=java.base/java.lang=ALL-UNNAMED --add-opens=java.base/sun.nio.fs=ALL-UNNAMED -Declipse.application=org.eclipse.jdt.ls.core.id1 -Dosgi.bundles.defaultStartLevel=4 -Declipse.product=org.eclipse.jdt.ls.core.product -Djava.import.generatesMetadataFilesAtProjectRoot=false -Dm2e.project.cache.size=50 -DDetectVMInstallationsJob.disabled=true -Dfile.encoding=utf8 -XX:+UseParallelGC -XX:GCTimeRatio=4 -XX:AdaptiveSizePolicyWeight=90 -Dsun.zip.disableMemoryMapping=true -Xmx4G -Xms100m -Xlog:disable -javaagent:c:\Users\jaimi\.vscode\extensions\redhat.java-1.56.0-win32-x64\lombok\lombok-1.18.39-4050.jar -XX:+HeapDumpOnOutOfMemoryError -XX:HeapDumpPath=c:\Users\jaimi\AppData\Roaming\Code\User\workspaceStorage\7b1695ebeb44925a89a06e7ce4c3f07f\redhat.java -Daether.dependencyCollector.impl=bf 
java_command: c:\Users\jaimi\.vscode\extensions\redhat.java-1.56.0-win32-x64\server\plugins\org.eclipse.equinox.launcher_1.8.0.v20260804-1928.jar -configuration c:\Users\jaimi\AppData\Roaming\Code\User\globalStorage\redhat.java\1.56.0\config_win -data c:\Users\jaimi\AppData\Roaming\Code\User\workspaceStorage\7b1695ebeb44925a89a06e7ce4c3f07f\redhat.java\jdt_ws --pipe=\\.\pipe\lsp-09ceb78936088a4bfd491b9b1f3beb44-sock
java_class_path (initial): c:\Users\jaimi\.vscode\extensions\redhat.java-1.56.0-win32-x64\server\plugins\org.eclipse.equinox.launcher_1.8.0.v20260804-1928.jar
Launcher Type: SUN_STANDARD

[Global flags]
    uintx AdaptiveSizePolicyWeight                 = 90                                        {product} {command line}
     intx CICompilerCount                          = 2                                         {product} {ergonomic}
    uintx GCTimeRatio                              = 4                                         {product} {command line}
     bool HeapDumpOnOutOfMemoryError               = true                                   {manageable} {command line}
    ccstr HeapDumpPath                             = c:\Users\jaimi\AppData\Roaming\Code\User\workspaceStorage\7b1695ebeb44925a89a06e7ce4c3f07f\redhat.java         {manageable} {command line}
   size_t InitialHeapSize                          = 104857600                                 {product} {command line}
   size_t MaxHeapSize                              = 4294967296                                {product} {command line}
   size_t MaxNewSize                               = 1431306240                                {product} {ergonomic}
   size_t MinHeapDeltaBytes                        = 524288                                    {product} {ergonomic}
   size_t MinHeapSize                              = 104857600                                 {product} {command line}
   size_t NewSize                                  = 34603008                                  {product} {ergonomic}
    uintx NonNMethodCodeHeapSize                   = 5826188                                {pd product} {ergonomic}
    uintx NonProfiledCodeHeapSize                  = 122916026                              {pd product} {ergonomic}
   size_t OldSize                                  = 70254592                                  {product} {ergonomic}
    uintx ProfiledCodeHeapSize                     = 122916026                              {pd product} {ergonomic}
    uintx ReservedCodeCacheSize                    = 251658240                              {pd product} {ergonomic}
     bool SegmentedCodeCache                       = true                                      {product} {ergonomic}
   size_t SoftMaxHeapSize                          = 4294967296                             {manageable} {ergonomic}
     bool UseCompressedOops                        = true                           {product lp64_product} {ergonomic}
     bool UseLargePagesIndividualAllocation        = false                                  {pd product} {ergonomic}
     bool UseParallelGC                            = true                                      {product} {command line}

Logging:
Log output configuration:
 #0: stdout all=off uptime,level,tags foldmultilines=false
 #1: stderr all=off uptime,level,tags foldmultilines=false

Release file:
JAVA_VERSION="21.0.12.1" 
MODULES="java.base java.compiler java.datatransfer java.xml java.prefs java.desktop java.instrument java.logging java.management java.security.sasl java.naming java.rmi java.management.rmi java.net.http java.scripting java.security.jgss java.transaction.xa java.sql java.sql.rowset java.xml.crypto java.se java.smartcardio jdk.accessibility jdk.internal.jvmstat jdk.attach jdk.charsets jdk.internal.opt jdk.zipfs jdk.compiler jdk.crypto.ec jdk.crypto.cryptoki jdk.crypto.mscapi jdk.dynalink jdk.internal.ed jdk.editpad jdk.hotspot.agent jdk.httpserver jdk.internal.le jdk.internal.vm.ci jdk.internal.vm.compiler jdk.internal.vm.compiler.management jdk.jartool jdk.javadoc jdk.jcmd jdk.management jdk.management.agent jdk.jconsole jdk.jdeps jdk.jdwp.agent jdk.jdi jdk.jfr jdk.jshell jdk.jsobject jdk.jstatd jdk.localedata jdk.management.jfr jdk.naming.dns jdk.naming.rmi jdk.net jdk.nio.mapmode jdk.random jdk.sctp jdk.security.auth jdk.security.jgss jdk.unsupported jdk.unsupported.desktop jdk.xml.dom" 

Environment Variables:
JAVA_HOME=C:\Program Files\Java\jdk1.8.0_503
PATH=C:\Program Files (x86)\Common Files\Oracle\Java\java8path;C:\Program Files (x86)\Common Files\Oracle\Java\javapath;C:\Windows\system32;C:\Windows;C:\Windows\System32\Wbem;C:\Windows\System32\WindowsPowerShell\v1.0\;C:\Windows\System32\OpenSSH\;C:\Program Files\Git\cmd;C:\Users\jaimi\OneDrive\Documentos\programacao\calculatorProject\omniORB\bin;C:\Users\jaimi\AppData\Local\Programs\Python\Python313\;C:\Users\jaimi\AppData\Local\Programs\Python\Launcher\;C:\Users\jaimi\AppData\Local\Microsoft\WindowsApps;C:\Users\jaimi\AppData\Local\Programs\Microsoft VS Code\bin;D:\programs files\PyCharm Community Edition 2024.1.4\bin;;C:\msys64\mingw64\bin;C:\msys64\usr\bin;C:\omniORB\bin\x86_win32;C:\Program Files\Java\jdk1.8.0_503;C:\apache-maven-3.9.16\bin;C:\Program Files\Java\jdk1.8.0_503\bin;
USERNAME=jaimi
OS=Windows_NT
PROCESSOR_IDENTIFIER=Intel64 Family 6 Model 122 Stepping 8, GenuineIntel
TMP=C:\Users\jaimi\AppData\Local\Temp
TEMP=C:\Users\jaimi\AppData\Local\Temp




Periodic native trim disabled

---------------  S Y S T E M  ---------------

OS:
 Windows 10 , 64 bit Build 19041 (10.0.19041.5915)
OS uptime: 0 days 3:41 hours

CPU: total 2 (initial active 2) (2 cores per cpu, 1 threads per core) family 6 model 122 stepping 8 microcode 0x22, cx8, cmov, fxsr, mmx, 3dnowpref, sse, sse2, sse3, ssse3, sse4.1, sse4.2, popcnt, tsc, tscinvbit, aes, erms, clmul, sha, clflush, clflushopt, rdtscp, rdpid
Processor Information for the first 2 processors :
  Max Mhz: 1101, Current Mhz: 1101, Mhz Limit: 1101

Memory: 4k page, system-wide physical 8008M (1530M free)
TotalPageFile size 12145M (AvailPageFile size 5M)
current process WorkingSet (physical memory assigned to process): 246M, peak: 307M
current process commit charge ("private bytes"): 3095M, peak: 3101M

vm_info: OpenJDK 64-Bit Server VM (21.0.12.1+1-LTS) for windows-amd64 JRE (21.0.12.1+1-LTS), built on 2026-08-18T00:00:00Z by "admin" with MS VC++ 17.12 (VS2022)

END.
